Date,Ticker,Open,High,Low,Close,AdjClose,Volume,SMA_20,SMA_50,SMA_200,EMA_12,EMA_26,MACD,MACD_Signal,MACD_Hist,RSI_14,BB_Upper,BB_Middle,BB_Lower,BB_Width,ATR_14,Stoch_K,Stoch_D,OBV,Daily_Return
2021-01-01,AAPL,129.89,130.03,128.91,129.79,129.79,55419176,,,,,,,,,,,,,,,,,0,0.0
2021-01-04,AAPL,128.61,129.71,127.27,127.94,127.94,37143732,,,,,,,,,,,,,,,,,-37143732,-0.0143
2021-01-05,AAPL,128.65,129.46,128.38,128.51,128.51,52946426,,,,,,,,,,,,,,,,,15802694,0.0045
2021-01-06,AAPL,128.39,130.29,126.04,127.22,127.22,39898874,,,,,,,,,,,,,,,,,-24096180,-0.01
2021-01-07,AAPL,126.34,128.8,125.74,128.41,128.41,76439446,,,,,,,,,,,,,,,,,52343266,0.0094
2021-01-08,AAPL,128.64,130.61,126.69,128.05,128.05,54659229,,,,,,,,,,,,,,,,,-2315963,-0.0028
2021-01-11,AAPL,127.12,132.59,126.38,129.34,129.34,59102282,,,,,,,,,,,,,,,,,56786319,0.0101
2021-01-12,AAPL,128.96,130.77,124.15,125.77,125.77,71926673,,,,,,,,,,,,,,,,,-15140354,-0.0276
2021-01-13,AAPL,125.6,125.86,124.61,125.72,125.72,34926863,,,,,,,,,,,,,,,,,-50067217,-0.0004
2021-01-14,AAPL,126.0,126.3,124.26,125.95,125.95,43349193,,,,,,,,,,,,,,,,,-6718024,0.0018
2021-01-15,AAPL,126.25,126.56,122.33,125.13,125.13,59889134,,,,,,,,,,,,,,,,,-66607158,-0.0065
2021-01-18,AAPL,124.9,124.99,123.62,124.32,124.32,47616991,,,,127.18,,,,,,,,,,,,,-114224149,-0.0065
2021-01-19,AAPL,124.27,129.04,123.63,127.3,127.3,80023747,,,,127.2,,,,,,,,,,,,,-34200402,0.024
2021-01-20,AAPL,126.87,128.73,126.65,127.69,127.69,45757810,,,,127.27,,,,,,,,,,3.27,52.24,,11557408,0.0031
2021-01-21,AAPL,129.11,129.88,128.27,129.02,129.02,52742777,,,,127.54,,,,,47.7,,,,,3.19,65.2,,64300185,0.0104
2021-01-22,AAPL,129.86,130.81,125.31,125.55,125.55,69148268,,,,127.24,,,,,38.99,,,,,3.36,31.38,49.61,-4848083,-0.0269
2021-01-25,AAPL,125.37,127.59,122.97,124.26,124.26,52093825,,,,126.78,,,,,36.33,,,,,3.45,18.81,38.47,-56941908,-0.0103
2021-01-26,AAPL,126.29,126.81,125.71,125.74,125.74,36885970,,,,126.62,,,,,41.28,,,,,3.38,33.24,27.81,-20055938,0.0119
2021-01-27,AAPL,126.28,128.42,125.05,128.09,128.09,46396529,,,,126.84,,,,,48.16,,,,,3.38,56.14,36.06,26340591,0.0187
2021-01-28,AAPL,129.47,132.73,122.66,123.23,123.23,101994196,126.85,,,126.29,,,,,38.19,130.47,126.85,123.24,0.057,3.86,8.65,32.68,-75653605,-0.0379
2021-01-29,AAPL,123.3,127.17,121.97,126.54,126.54,63565560,126.69,,,126.33,,,,,46.34,130.04,126.69,123.34,0.0529,3.95,42.47,35.76,-12088045,0.0269
2021-02-01,AAPL,126.31,127.54,125.57,126.1,126.1,63061430,126.6,,,126.29,,,,,45.48,129.91,126.6,123.29,0.0523,3.81,38.38,29.84,-75149475,-0.0035
2021-02-02,AAPL,125.77,128.17,125.77,127.41,127.41,71969538,126.54,,,126.46,,,,,48.53,129.76,126.54,123.32,0.0509,3.71,50.56,43.8,-3179937,0.0104
2021-02-03,AAPL,127.03,129.86,125.75,128.77,128.77,48652808,126.62,,,126.82,,,,,51.57,129.97,126.62,123.27,0.0529,3.74,63.2,50.71,45472871,0.0107
2021-02-04,AAPL,128.01,129.44,126.52,129.17,129.17,39686622,126.66,,,127.18,,,,,52.46,130.11,126.66,123.21,0.0544,3.68,66.91,60.22,85159493,0.0031
2021-02-05,AAPL,129.28,131.58,128.08,129.18,129.18,58376868,126.71,,,127.49,127.08,0.404,,,52.48,130.29,126.71,123.14,0.0564,3.67,67.01,65.71,143536361,0.0001
2021-02-08,AAPL,129.38,131.55,127.05,129.13,129.13,35925922,126.7,,,127.74,127.24,0.505,,,52.34,130.25,126.7,123.16,0.0559,3.73,66.54,66.82,107610439,-0.0004
2021-02-09,AAPL,129.15,129.29,126.46,128.56,128.56,39677994,126.84,,,127.87,127.33,0.533,,,50.69,130.45,126.84,123.24,0.0568,3.66,61.25,64.93,67932445,-0.0044
2021-02-10,AAPL,128.68,128.92,123.75,126.2,126.2,62170439,126.87,,,127.61,127.25,0.36,,,44.45,130.45,126.87,123.29,0.0564,3.77,39.31,55.7,5762006,-0.0184
2021-02-11,AAPL,126.93,127.11,126.12,127.01,127.01,41831631,126.92,,,127.52,127.23,0.286,,,46.87,130.48,126.92,123.36,0.056,3.57,46.84,49.13,47593637,0.0064
2021-02-12,AAPL,126.98,131.56,126.42,130.16,130.16,57854787,127.17,,,127.92,127.45,0.475,,,55.06,130.89,127.17,123.45,0.0585,3.68,76.12,54.09,105448424,0.0248
2021-02-15,AAPL,130.72,131.49,130.2,130.68,130.68,38694488,127.49,,,128.35,127.69,0.66,,,56.26,131.27,127.49,123.71,0.0593,3.52,80.95,67.97,144142912,0.004
2021-02-16,AAPL,131.06,133.94,128.36,133.57,133.57,75804140,127.8,,,129.15,128.12,1.028,,,62.29,132.41,127.8,123.19,0.0722,3.66,96.91,84.66,219947052,0.0221
2021-02-17,AAPL,133.78,135.67,133.0,135.23,135.23,45440858,128.18,,,130.09,128.65,1.436,0.632,0.805,65.25,133.81,128.18,122.55,0.0879,3.59,96.79,91.55,265387910,0.0124
2021-02-18,AAPL,134.9,140.34,134.51,138.06,138.06,78015021,128.63,,,131.31,129.35,1.966,0.899,1.067,69.63,135.72,128.63,121.54,0.1103,3.75,86.26,93.32,343402931,0.0209
2021-02-19,AAPL,138.33,139.94,137.75,138.67,138.67,48377651,129.29,,,132.45,130.04,2.407,1.2,1.207,70.49,137.46,129.29,121.11,0.1265,3.64,89.93,90.99,391780582,0.0044
2021-02-22,AAPL,137.68,139.09,137.62,138.49,138.49,49455121,130.0,,,133.38,130.66,2.711,1.502,1.209,69.86,138.76,130.0,121.24,0.1347,3.49,88.85,88.35,342325461,-0.0013
2021-02-23,AAPL,139.61,139.61,135.55,136.4,136.4,66314018,130.53,,,133.84,131.09,2.752,1.752,0.999,62.83,139.48,130.53,121.58,0.1371,3.53,76.25,85.01,276011443,-0.0151
2021-02-24,AAPL,136.65,136.65,132.16,135.1,135.1,55667731,130.88,,,134.03,131.39,2.648,1.931,0.717,58.86,139.97,130.88,121.79,0.1389,3.6,68.41,77.84,220343712,-0.0095
2021-02-25,AAPL,134.47,141.87,132.94,137.11,137.11,75512558,131.58,,,134.51,131.81,2.697,2.085,0.613,62.77,140.34,131.58,122.82,0.1331,3.98,73.73,72.8,295856270,0.0149
2021-02-26,AAPL,136.82,142.77,136.18,142.29,142.29,82760263,132.36,,,135.7,132.59,3.118,2.291,0.827,70.55,141.96,132.36,122.77,0.145,4.16,97.48,79.87,378616533,0.0378
2021-03-01,AAPL,142.96,144.33,142.48,143.08,143.08,63308839,133.21,,,136.84,133.36,3.476,2.528,0.947,71.53,143.43,133.21,123.0,0.1534,4.01,93.93,88.38,441925372,0.0056
2021-03-02,AAPL,144.28,145.68,142.58,142.98,142.98,69766176,133.99,,,137.78,134.08,3.708,2.764,0.944,71.21,144.68,133.99,123.3,0.1595,3.95,86.2,92.53,372159196,-0.0007
2021-03-03,AAPL,142.96,146.34,142.18,146.17,146.17,61111645,134.86,,,139.07,134.97,4.102,3.032,1.071,75.06,146.5,134.86,123.22,0.1726,3.96,99.15,93.09,433270841,0.0223
2021-03-04,AAPL,145.99,151.78,145.38,149.48,149.48,54796821,135.88,,,140.68,136.05,4.629,3.351,1.277,78.31,148.82,135.88,122.93,0.1905,4.14,90.18,91.84,488067662,0.0226
2021-03-05,AAPL,149.05,149.56,146.68,147.34,147.34,72126665,136.79,,,141.7,136.88,4.817,3.644,1.173,71.8,150.26,136.79,123.31,0.197,4.05,81.04,90.12,415940997,-0.0143
2021-03-08,AAPL,147.56,150.73,146.36,148.96,148.96,47466958,137.78,,,142.82,137.78,5.04,3.923,1.116,73.59,151.76,137.78,123.79,0.203,4.07,85.63,85.62,463407955,0.011
2021-03-09,AAPL,149.99,152.96,148.05,152.92,152.92,68587901,139.0,,,144.37,138.9,5.472,4.233,1.239,77.37,153.78,139.0,124.21,0.2127,4.13,99.81,88.83,531995856,0.0266
2021-03-10,AAPL,153.39,156.79,149.92,150.4,150.4,55483155,140.21,,,145.3,139.75,5.548,4.496,1.052,70.46,154.56,140.21,125.85,0.2047,4.33,74.06,86.5,476512701,-0.0165
2021-03-11,AAPL,149.88,152.04,148.57,150.33,150.33,43681252,141.37,132.85,,146.07,140.53,5.538,4.705,0.834,70.27,155.02,141.37,127.73,0.193,4.26,73.77,82.55,432831449,-0.0005
2021-03-12,AAPL,151.43,152.88,148.32,149.02,149.02,77302037,142.31,133.23,,146.53,141.16,5.363,4.836,0.527,66.69,155.32,142.31,129.31,0.1828,4.29,68.45,72.09,355529412,-0.0087
2021-03-15,AAPL,149.01,150.52,147.92,150.26,150.26,68430444,143.29,133.68,,147.1,141.84,5.264,4.922,0.342,68.33,155.58,143.29,131.01,0.1715,4.16,73.49,71.9,423959856,0.0083
2021-03-16,AAPL,149.25,154.79,148.64,154.2,154.2,87586361,144.32,134.2,,148.19,142.75,5.44,5.025,0.415,72.91,156.63,144.32,132.01,0.1706,4.31,89.14,77.03,511546217,0.0262
2021-03-17,AAPL,153.22,155.68,153.05,153.54,153.54,33637296,145.24,134.72,,149.02,143.55,5.464,5.113,0.351,71.06,157.43,145.24,133.05,0.1679,4.19,84.23,82.29,477908921,-0.0043
2021-03-18,AAPL,152.98,156.53,150.0,154.71,154.71,45958400,146.07,135.25,,149.89,144.38,5.513,5.193,0.32,72.4,158.46,146.07,133.68,0.1696,4.35,85.76,86.38,523867321,0.0076
2021-03-19,AAPL,154.95,157.05,154.56,155.92,155.92,56207328,146.94,135.8,,150.82,145.23,5.586,5.272,0.314,73.75,159.54,146.94,134.33,0.1716,4.22,92.4,87.46,580074649,0.0078
2021-03-22,AAPL,155.43,156.69,154.55,155.91,155.91,49702621,147.81,136.34,,151.6,146.02,5.578,5.333,0.245,73.72,160.37,147.81,135.25,0.1699,4.07,92.33,90.17,530372028,-0.0001
2021-03-23,AAPL,155.1,161.59,154.25,160.24,160.24,70046423,149.0,137.03,,152.93,147.08,5.854,5.437,0.417,78.16,161.53,149.0,136.47,0.1682,4.31,91.67,92.14,600418451,0.0278
2021-03-24,AAPL,160.27,165.79,159.36,164.99,164.99,81322807,150.49,137.81,,154.79,148.4,6.382,5.626,0.756,81.8,163.16,150.49,137.82,0.1684,4.46,95.88,93.3,681741258,0.0296
2021-03-25,AAPL,164.72,165.34,162.66,162.7,162.7,70373511,151.77,138.55,,156.0,149.46,6.541,5.809,0.732,75.29,163.94,151.77,139.61,0.1603,4.33,84.1,90.55,611367747,-0.0139
2021-03-26,AAPL,162.14,166.8,160.37,165.74,165.74,56130285,152.94,139.36,,157.5,150.67,6.833,6.014,0.819,77.81,165.73,152.94,140.16,0.1672,4.48,94.39,91.46,667498032,0.0187
2021-03-29,AAPL,166.23,169.99,164.54,167.68,167.68,66465706,154.17,140.23,,159.07,151.93,7.139,6.239,0.9,79.27,167.64,154.17,140.7,0.1747,4.55,89.53,89.34,733963738,0.0117
2021-03-30,AAPL,167.35,169.52,166.6,169.52,169.52,67751632,155.5,141.07,,160.68,153.23,7.444,6.48,0.964,80.57,169.52,155.5,141.49,0.1803,4.43,97.87,93.93,801715370,0.011
2021-03-31,AAPL,168.97,172.65,168.32,171.95,171.95,76691869,156.79,141.96,,162.41,154.62,7.792,6.742,1.05,82.16,171.84,156.79,141.74,0.192,4.43,97.17,94.86,878407239,0.0143
2021-04-01,AAPL,170.26,178.59,167.12,177.28,177.28,69427805,158.18,142.92,,164.7,156.3,8.401,7.074,1.327,85.05,175.27,158.18,141.09,0.2161,4.93,95.73,96.92,947835044,0.031
2021-04-02,AAPL,176.52,180.23,175.24,177.45,177.45,63450345,159.69,143.96,,166.66,157.86,8.796,7.418,1.377,85.14,177.95,159.69,141.42,0.2288,4.93,91.2,94.7,1011285389,0.001
2021-04-05,AAPL,176.83,178.86,176.04,178.66,178.66,68322815,161.17,145.05,,168.51,159.4,9.101,7.755,1.347,85.74,180.51,161.17,141.83,0.2399,4.78,94.81,93.91,1079608204,0.0068
2021-04-06,AAPL,178.19,181.11,176.46,180.33,180.33,51892132,162.54,146.14,,170.33,160.95,9.371,8.078,1.293,86.56,183.19,162.54,141.9,0.254,4.77,97.49,94.5,1131500336,0.0093
2021-04-07,AAPL,179.73,182.42,179.56,181.3,181.3,49683096,164.09,147.2,,172.01,162.46,9.552,8.373,1.179,87.02,185.48,164.09,142.7,0.2607,4.64,96.02,96.11,1181183432,0.0054
2021-04-08,AAPL,179.59,187.14,177.16,186.67,186.67,79587622,165.9,148.47,,174.27,164.25,10.014,8.701,1.313,89.23,188.45,165.9,143.35,0.2718,5.02,98.57,97.36,1260771054,0.0296
2021-04-09,AAPL,186.54,191.59,186.21,190.74,190.74,82363437,167.99,149.76,,176.8,166.22,10.586,9.078,1.508,90.55,191.6,167.99,144.38,0.2811,5.04,97.72,97.44,1343134491,0.0218
2021-04-12,AAPL,192.86,194.63,191.98,194.54,194.54,53052333,170.2,151.12,,179.53,168.31,11.217,9.506,1.711,91.58,195.02,170.2,145.39,0.2916,4.96,99.74,98.68,1396186824,0.0199
2021-04-13,AAPL,193.74,196.35,192.36,194.59,194.59,47592858,172.22,152.47,,181.85,170.26,11.587,9.922,1.665,91.6,198.06,172.22,146.39,0.3,4.89,95.11,97.53,1443779682,0.0003
2021-04-14,AAPL,194.26,194.29,192.78,192.89,192.89,67018251,174.19,153.75,,183.55,171.94,11.61,10.259,1.35,86.68,200.03,174.19,148.36,0.2966,4.67,90.38,95.08,1376761431,-0.0087
2021-04-15,AAPL,192.53,192.67,185.82,188.52,188.52,61753180,175.88,154.94,,184.31,173.17,11.146,10.437,0.709,75.48,200.8,175.88,150.96,0.2834,4.84,75.39,86.96,1315008251,-0.0227
2021-04-16,AAPL,189.09,193.72,187.71,192.95,192.95,76583898,177.73,156.21,,185.64,174.63,11.01,10.551,0.458,78.51,201.94,177.73,153.52,0.2724,4.93,88.57,84.78,1391592149,0.0235
2021-04-19,AAPL,192.18,193.54,190.42,192.85,192.85,47347632,179.58,157.49,,186.75,175.98,10.769,10.595,0.174,78.27,202.45,179.58,156.71,0.2547,4.8,88.03,83.99,1344244517,-0.0005
2021-04-20,AAPL,193.32,197.19,190.69,192.8,192.8,55252121,181.21,158.77,,187.68,177.23,10.454,10.567,-0.113,78.15,202.94,181.21,159.47,0.2399,4.92,85.4,87.33,1288992396,-0.0003
2021-04-21,AAPL,192.06,197.44,189.86,196.69,196.69,53190080,182.79,160.18,,189.07,178.67,10.399,10.533,-0.135,80.75,204.19,182.79,161.4,0.2341,5.11,96.62,90.02,1342182476,0.0202
2021-04-22,AAPL,197.66,200.09,195.0,196.33,196.33,52232644,184.47,161.57,,190.18,179.98,10.208,10.468,-0.26,79.8,204.53,184.47,164.42,0.2175,5.11,84.37,88.8,1289949832,-0.0018
2021-04-23,AAPL,196.56,200.56,194.02,194.69,194.69,65120522,185.92,162.86,,190.88,181.07,9.811,10.337,-0.526,75.46,204.49,185.92,167.36,0.1997,5.21,75.64,85.54,1224829310,-0.0084
2021-04-26,AAPL,195.04,198.37,194.78,195.72,195.72,45206667,187.32,164.16,,191.62,182.15,9.471,10.163,-0.693,76.33,204.34,187.32,170.31,0.1816,5.1,79.32,79.78,1270035977,0.0053
2021-04-27,AAPL,194.3,198.92,193.12,198.29,198.29,56272163,188.76,165.45,,192.65,183.35,9.301,9.991,-0.69,78.39,204.31,188.76,173.21,0.1648,5.15,90.3,81.75,1326308140,0.0131
2021-04-28,AAPL,198.4,204.75,197.82,201.04,201.04,45752882,190.22,166.77,,193.94,184.66,9.281,9.849,-0.568,80.36,204.6,190.22,175.83,0.1513,5.28,80.4,83.34,1372061022,0.0139
2021-04-29,AAPL,201.73,202.76,194.79,197.54,197.54,65778025,191.23,167.96,,194.49,185.61,8.881,9.655,-0.774,71.44,204.65,191.23,177.81,0.1404,5.47,61.91,77.54,1306282997,-0.0174
2021-04-30,AAPL,198.92,202.11,197.99,198.1,198.1,59468590,192.26,169.15,,195.05,186.54,8.511,9.427,-0.916,71.98,204.4,192.26,180.12,0.1263,5.41,64.87,69.06,1365751587,0.0028
2021-05-03,AAPL,198.72,203.28,194.43,201.1,201.1,58579214,193.38,170.4,,195.98,187.62,8.363,9.214,-0.851,74.71,204.38,193.38,182.39,0.1137,5.65,80.72,69.17,1424330801,0.0151
2021-05-04,AAPL,201.33,205.05,199.59,203.8,203.8,67808557,194.56,171.75,,197.18,188.81,8.368,9.045,-0.677,76.9,204.71,194.56,184.41,0.1043,5.64,93.5,79.7,1492139358,0.0134
2021-05-05,AAPL,201.28,205.18,196.75,199.4,199.4,67997216,195.46,173.03,,197.52,189.6,7.925,8.821,-0.896,66.76,203.79,195.46,187.14,0.0852,5.84,66.91,80.38,1424142142,-0.0216
2021-05-06,AAPL,198.4,201.99,195.8,195.91,195.91,60074962,195.92,174.21,,197.28,190.07,7.209,8.498,-1.289,60.01,203.2,195.92,188.64,0.0743,5.86,39.49,66.64,1364067180,-0.0175
2021-05-07,AAPL,194.97,201.88,194.74,200.41,200.41,64360467,196.41,175.37,,197.76,190.83,6.925,8.184,-1.259,64.94,203.53,196.41,189.29,0.0725,5.95,68.86,58.42,1428427647,0.023
2021-05-10,AAPL,199.16,201.82,196.87,197.23,197.23,48871151,196.54,176.46,,197.68,191.31,6.37,7.821,-1.451,59.37,203.62,196.54,189.47,0.072,5.88,48.11,52.15,1379556496,-0.0159
2021-05-11,AAPL,197.59,200.1,195.94,199.87,199.87,58910675,196.81,177.59,,198.01,191.94,6.073,7.471,-1.398,62.26,203.97,196.81,189.65,0.0727,5.76,55.97,57.65,1438467171,0.0134
2021-05-12,AAPL,200.41,202.78,197.58,201.73,201.73,39470391,197.25,178.7,,198.59,192.67,5.92,7.161,-1.241,64.2,204.48,197.25,190.02,0.0733,5.72,71.39,58.49,1477937562,0.0093
2021-05-13,AAPL,202.39,203.54,198.06,198.71,198.71,61101929,197.76,179.69,,198.6,193.11,5.491,6.827,-1.336,58.92,203.79,197.76,191.72,0.061,5.7,46.35,57.9,1416835633,-0.015
2021-05-14,AAPL,198.0,203.83,194.47,202.55,202.55,76263210,198.24,180.79,,199.21,193.81,5.399,6.541,-1.142,63.07,204.19,198.24,192.28,0.0601,5.96,78.19,65.31,1493098843,0.0193
2021-05-17,AAPL,202.62,204.58,200.01,202.63,202.63,58457726,198.73,181.87,,199.74,194.47,5.272,6.288,-1.016,63.16,204.43,198.73,193.02,0.0574,5.86,76.28,66.94,1551556569,0.0004
2021-05-18,AAPL,202.34,206.25,199.9,206.21,206.21,67717563,199.4,182.93,,200.73,195.34,5.398,6.11,-0.712,66.78,205.31,199.4,193.49,0.0593,5.9,99.66,84.71,1619274132,0.0177
2021-05-19,AAPL,206.9,207.43,206.71,206.98,206.98,42469234,199.91,184.06,,201.69,196.2,5.496,5.987,-0.491,67.52,206.54,199.91,193.29,0.0663,5.56,96.54,90.83,1661743366,0.0037
2021-05-20,AAPL,206.07,207.2,203.97,205.87,205.87,36379208,200.39,185.17,,202.34,196.91,5.422,5.874,-0.452,65.27,207.28,200.39,193.5,0.0688,5.4,88.0,94.73,1625364158,-0.0054
2021-05-21,AAPL,205.71,207.72,204.09,205.66,205.66,32602457,200.94,186.31,,202.85,197.56,5.286,5.756,-0.471,64.82,207.67,200.94,194.2,0.067,5.27,84.45,89.66,1592761701,-0.001
2021-05-24,AAPL,205.24,205.86,204.72,204.87,204.87,45057455,201.4,187.4,,203.16,198.1,5.055,5.616,-0.561,63.09,207.89,201.4,194.9,0.0645,4.98,78.49,83.65,1547704246,-0.0038
2021-05-25,AAPL,205.72,206.02,203.8,205.89,205.89,55908350,201.78,188.43,,203.58,198.68,4.899,5.473,-0.574,64.41,208.39,201.78,195.16,0.0655,4.78,86.19,83.04,1603612596,0.005
2021-05-26,AAPL,205.23,207.78,205.04,207.44,207.44,58175871,202.09,189.51,,204.17,199.33,4.844,5.347,-0.503,66.38,209.14,202.09,195.05,0.0697,4.63,97.45,87.37,1661788467,0.0075
2021-05-27,AAPL,207.44,212.91,204.63,210.83,210.83,66759351,202.76,190.63,,205.2,200.18,5.016,5.281,-0.265,70.26,210.44,202.76,195.08,0.0757,4.89,88.72,90.78,1728547818,0.0163
2021-05-28,AAPL,208.36,211.5,207.97,211.37,211.37,49287847,203.42,191.74,,206.15,201.01,5.137,5.252,-0.115,70.84,211.65,203.42,195.2,0.0809,4.8,91.65,92.6,1777835665,0.0026
2021-05-31,AAPL,212.44,216.53,211.88,215.2,215.2,65211736,204.13,192.93,,207.54,202.06,5.479,5.297,0.181,74.6,213.74,204.13,194.52,0.0942,4.82,93.97,91.45,1843047401,0.0181
2021-06-01,AAPL,214.58,218.41,212.44,215.72,215.72,39913904,204.72,194.04,,208.8,203.07,5.725,5.383,0.342,75.07,215.58,204.72,193.87,0.106,4.9,88.76,91.46,1882961305,0.0024
2021-06-02,AAPL,213.29,220.16,213.0,219.79,219.79,68717826,205.74,195.13,,210.49,204.31,6.178,5.542,0.636,78.43,218.13,205.74,193.36,0.1204,5.07,98.56,93.76,1951679131,0.0189
2021-06-03,AAPL,217.4,220.03,214.19,216.18,216.18,38948652,206.76,196.2,,211.36,205.19,6.174,5.668,0.506,69.48,219.07,206.76,194.44,0.1191,5.12,80.36,89.23,1912730479,-0.0164
2021-06-04,AAPL,214.82,217.67,212.58,214.7,214.7,58807961,207.47,197.18,,211.88,205.89,5.983,5.731,0.252,66.14,219.89,207.47,195.05,0.1197,5.12,73.05,83.99,1853922518,-0.0068
2021-06-07,AAPL,214.39,217.97,213.2,213.56,213.56,45914480,208.29,198.1,,212.14,206.46,5.674,5.72,-0.046,63.61,220.03,208.29,196.54,0.1128,5.09,59.66,71.02,1808008038,-0.0053
2021-06-08,AAPL,213.99,215.86,210.8,210.86,210.86,71401286,208.84,198.93,,211.94,206.79,5.152,5.606,-0.454,57.95,219.97,208.84,197.71,0.1066,5.09,43.15,58.62,1736606752,-0.0126
2021-06-09,AAPL,210.44,214.62,209.74,211.82,211.82,63532440,209.34,199.73,,211.92,207.16,4.761,5.437,-0.676,59.33,220.05,209.34,198.64,0.1023,5.08,49.02,50.61,1800139192,0.0046
2021-06-10,AAPL,210.77,211.65,205.55,211.11,211.11,41463766,209.96,200.4,,211.8,207.45,4.343,5.218,-0.875,57.82,219.5,209.96,200.42,0.0909,5.16,44.68,45.62,1758675426,-0.0034
2021-06-11,AAPL,209.94,215.04,209.71,212.86,212.86,67066625,210.48,201.11,,211.96,207.85,4.106,4.996,-0.89,60.5,219.46,210.48,201.49,0.0854,5.17,55.38,49.69,1825742051,0.0083
2021-06-14,AAPL,214.85,215.27,211.57,212.33,212.33,69813670,210.96,201.78,,212.02,208.19,3.832,4.763,-0.931,59.27,219.22,210.96,202.71,0.0782,5.07,49.58,49.88,1755928381,-0.0025
2021-06-15,AAPL,213.47,215.01,211.43,212.7,212.7,35626448,211.29,202.43,,212.12,208.52,3.602,4.531,-0.929,59.88,219.27,211.29,203.3,0.0756,4.96,51.96,52.31,1791554829,0.0017
2021-06-16,AAPL,212.18,215.07,208.64,214.2,214.2,50796356,211.65,203.09,,212.44,208.94,3.501,4.325,-0.824,62.35,219.47,211.65,203.82,0.074,5.07,59.21,53.58,1842351185,0.0071
2021-06-17,AAPL,213.11,218.36,212.82,218.31,218.31,83330084,212.27,203.72,,213.34,209.63,3.71,4.202,-0.492,68.15,220.14,212.27,204.4,0.0741,5.1,87.34,66.17,1925681269,0.0192
2021-06-18,AAPL,219.17,226.92,218.92,223.32,223.32,70287671,213.15,204.37,,214.88,210.65,4.231,4.208,0.023,73.5,221.78,213.15,204.52,0.081,5.35,83.15,76.57,1995968940,0.0229
2021-06-21,AAPL,222.33,222.58,220.09,221.0,221.0,43869641,213.96,204.9,,215.82,211.42,4.406,4.247,0.158,67.82,222.35,213.96,205.57,0.0785,5.2,72.3,80.93,1952099299,-0.0104
2021-06-22,AAPL,220.15,222.24,218.94,220.12,220.12,48371439,214.67,205.41,,216.48,212.06,4.422,4.282,0.14,65.74,222.61,214.67,206.73,0.074,5.06,68.18,74.54,1903727860,-0.004
2021-06-23,AAPL,220.9,222.51,212.29,215.1,215.1,63664716,215.05,205.86,,216.27,212.29,3.984,4.223,-0.238,55.33,222.26,215.05,207.84,0.0671,5.43,44.69,61.72,1840063144,-0.0228
2021-06-24,AAPL,215.63,216.0,214.3,215.27,215.27,49869540,215.28,206.39,,216.12,212.51,3.61,4.1,-0.491,55.59,222.22,215.28,208.33,0.0645,5.17,45.48,52.78,1889932684,0.0008
2021-06-25,AAPL,214.61,216.12,212.29,215.62,215.62,58537291,215.49,206.85,,216.04,212.74,3.303,3.941,-0.638,56.15,222.2,215.49,208.78,0.0623,5.07,47.12,45.77,1948469975,0.0016
2021-06-28,AAPL,215.43,220.14,214.5,219.94,219.94,56444032,215.73,207.39,,216.64,213.27,3.369,3.826,-0.457,62.42,222.71,215.73,208.74,0.0647,5.11,67.34,53.31,2004914007,0.02
2021-06-29,AAPL,220.6,223.2,220.18,220.41,220.41,40905356,215.96,207.94,,217.22,213.8,3.42,3.745,-0.325,63.04,223.23,215.96,208.69,0.0674,4.98,69.54,61.33,2045819363,0.0021
2021-06-30,AAPL,220.19,225.34,219.15,224.98,224.98,78425409,216.22,208.51,,218.41,214.63,3.786,3.753,0.033,68.49,224.34,216.22,208.1,0.0751,5.07,89.39,75.42,2124244772,0.0207
2021-07-01,AAPL,225.11,227.28,216.78,217.83,217.83,74451927,216.3,208.94,,218.32,214.86,3.459,3.694,-0.235,54.87,224.46,216.3,208.15,0.0754,5.45,49.3,69.41,2049792845,-0.0318
2021-07-02,AAPL,218.14,220.65,217.28,218.43,218.43,58560408,216.49,209.41,,218.34,215.13,3.211,3.598,-0.387,55.67,224.66,216.49,208.32,0.0755,5.3,52.52,63.74,2108353253,0.0028
2021-07-05,AAPL,218.67,219.15,216.93,217.44,217.44,41263202,216.68,209.84,,218.2,215.3,2.902,3.459,-0.557,53.97,224.75,216.68,208.62,0.0744,5.08,47.21,49.68,2067090051,-0.0045
2021-07-06,AAPL,217.09,218.14,214.78,214.82,214.82,65009678,216.88,210.18,,217.68,215.26,2.417,3.25,-0.833,49.67,224.55,216.88,209.21,0.0707,4.96,16.88,38.87,2002080373,-0.012
2021-07-07,AAPL,213.69,214.07,207.73,210.16,210.16,60571098,216.8,210.36,,216.52,214.89,1.638,2.928,-1.29,43.09,224.72,216.8,208.88,0.073,5.11,12.43,25.51,1941509275,-0.0217
2021-07-08,AAPL,210.86,212.59,203.91,204.02,204.02,80278629,216.44,210.49,,214.6,214.08,0.519,2.446,-1.927,36.27,225.84,216.44,207.04,0.0869,5.37,0.47,9.93,1861230646,-0.0292
2021-07-09,AAPL,203.0,204.25,199.55,199.97,199.97,51541495,215.8,210.52,,212.35,213.04,-0.686,1.82,-2.506,32.6,227.56,215.8,204.03,0.109,5.32,1.51,4.8,1809689151,-0.0199
2021-07-12,AAPL,199.5,199.85,198.38,199.05,199.05,33599198,215.13,210.48,,210.3,212.0,-1.697,1.116,-2.813,31.81,228.93,215.13,201.34,0.1283,5.05,2.32,1.43,1776089953,-0.0046
2021-07-13,AAPL,199.45,199.8,193.74,195.05,195.05,73584452,214.25,210.31,,207.96,210.74,-2.788,0.336,-3.123,28.59,230.58,214.25,197.92,0.1525,5.13,3.91,2.58,1702505501,-0.0201
2021-07-14,AAPL,194.07,195.74,190.16,194.12,194.12,56552532,213.25,210.2,,205.83,209.51,-3.685,-0.469,-3.216,27.88,231.79,213.25,194.71,0.1739,5.16,10.67,5.63,1645952969,-0.0048
2021-07-15,AAPL,193.15,194.93,190.17,190.95,190.95,58907283,211.88,210.1,,203.54,208.14,-4.599,-1.295,-3.304,25.55,232.63,211.88,191.13,0.1959,5.13,2.13,5.57,1587045686,-0.0163
2021-07-16,AAPL,189.35,189.67,186.38,187.0,187.0,47890815,210.06,209.84,,200.99,206.57,-5.578,-2.151,-3.426,22.98,232.76,210.06,187.37,0.2161,5.09,1.52,4.77,1539154871,-0.0207
2021-07-19,AAPL,188.39,189.75,184.66,185.27,185.27,50313969,208.28,209.6,,198.58,204.99,-6.419,-3.005,-3.414,21.94,232.8,208.28,183.76,0.2355,5.09,1.43,1.69,1488840902,-0.0093
2021-07-20,AAPL,184.0,185.94,182.85,183.58,183.58,49088448,206.45,209.27,,196.27,203.41,-7.14,-3.832,-3.308,20.94,232.56,206.45,180.34,0.253,4.95,1.64,1.53,1439752454,-0.0091
2021-07-21,AAPL,183.7,185.76,183.06,184.34,184.34,42524950,204.91,208.92,,194.43,202.0,-7.562,-4.578,-2.984,22.65,232.39,204.91,177.43,0.2682,4.79,3.94,2.34,1482277404,0.0041
2021-07-22,AAPL,185.57,191.93,183.57,190.7,190.7,86327419,203.68,208.76,,193.86,201.16,-7.3,-5.122,-2.178,35.23,231.4,203.68,175.97,0.2721,5.04,21.63,9.07,1568604823,0.0345
2021-07-23,AAPL,190.7,195.34,190.18,195.28,195.28,76949432,202.67,208.62,,194.08,200.72,-6.646,-5.427,-1.219,42.49,230.05,202.67,175.29,0.2702,5.05,35.22,20.26,1645554255,0.024
2021-07-26,AAPL,195.53,196.56,190.24,190.83,190.83,71581284,201.21,208.38,,193.58,199.99,-6.413,-5.624,-0.789,38.03,227.85,201.21,174.57,0.2648,5.14,25.56,27.47,1573972971,-0.0228
2021-07-27,AAPL,190.03,191.45,187.57,188.48,188.48,49346066,199.61,208.03,,192.79,199.14,-6.344,-5.768,-0.576,35.89,225.27,199.61,173.96,0.257,5.05,18.93,26.57,1524626905,-0.0123
2021-07-28,AAPL,186.91,188.24,183.21,185.61,185.61,46837238,197.65,207.6,,191.69,198.14,-6.447,-5.904,-0.543,33.41,221.16,197.65,174.13,0.238,5.07,12.9,19.13,1477789667,-0.0152
2021-07-29,AAPL,185.06,192.65,184.45,190.73,190.73,68978342,196.29,207.3,,191.54,197.59,-6.046,-5.932,-0.114,41.2,218.06,196.29,174.52,0.2218,5.29,46.35,26.06,1546768009,0.0276
2021-07-30,AAPL,192.9,194.74,185.9,187.13,187.13,89582854,194.73,206.93,,190.86,196.81,-5.95,-5.936,-0.014,37.85,214.29,194.73,175.16,0.2009,5.54,25.25,28.17,1457185155,-0.0189
2021-08-02,AAPL,186.19,187.17,184.46,185.05,185.05,48386478,193.11,206.53,,189.97,195.94,-5.973,-5.943,-0.03,36.03,210.07,193.11,176.14,0.1757,5.34,16.05,29.22,1408798677,-0.0111
2021-08-03,AAPL,183.81,185.27,182.62,185.19,185.19,55583105,191.63,206.12,,189.23,195.14,-5.912,-5.937,0.025,36.25,205.67,191.63,177.58,0.1466,5.15,18.44,19.91,1464381782,0.0008
2021-08-04,AAPL,184.77,188.31,183.92,188.02,188.02,77970441,190.52,205.73,,189.05,194.62,-5.571,-5.864,0.293,40.74,201.76,190.52,179.28,0.118,5.09,38.74,24.41,1542352223,0.0153
2021-08-05,AAPL,187.6,188.84,184.36,186.26,186.26,55312960,189.63,205.24,,188.62,194.0,-5.38,-5.767,0.387,38.9,199.13,189.63,180.13,0.1002,5.05,26.11,27.76,1487039263,-0.0094
2021-08-06,AAPL,187.8,195.73,186.76,193.97,193.97,64740692,189.33,204.89,,189.44,194.0,-4.555,-5.525,0.97,49.61,197.84,189.33,180.83,0.0898,5.37,81.42,48.76,1551779955,0.0414
2021-08-09,AAPL,193.01,196.18,190.85,195.71,195.71,52692921,189.16,204.5,,190.41,194.12,-3.717,-5.163,1.446,51.67,197.0,189.16,181.32,0.0829,5.36,93.9,67.14,1604472876,0.009
2021-08-10,AAPL,193.44,200.2,191.1,200.11,200.11,74584660,189.42,204.19,,191.9,194.57,-2.668,-4.664,1.996,56.51,198.26,189.42,180.57,0.0934,5.63,99.49,91.6,1679057536,0.0225
2021-08-11,AAPL,199.57,206.24,196.94,203.41,203.41,57526497,189.88,203.86,,193.67,195.22,-1.552,-4.042,2.49,59.77,200.47,189.88,179.29,0.1115,5.89,88.02,93.8,1736584033,0.0165
2021-08-12,AAPL,202.43,206.32,201.5,204.18,204.18,65128966,190.54,203.62,,195.29,195.89,-0.599,-3.353,2.755,60.51,202.83,190.54,178.25,0.129,5.82,90.97,92.83,1801712999,0.0038
2021-08-13,AAPL,204.99,211.2,199.8,203.55,203.55,53258275,191.37,203.39,,196.56,196.45,0.105,-2.662,2.766,59.54,204.77,191.37,177.97,0.1401,6.22,73.23,84.07,1748454724,-0.0031
2021-08-16,AAPL,204.52,207.28,202.47,205.87,205.87,54560417,192.4,203.24,,197.99,197.15,0.84,-1.961,2.801,61.96,206.89,192.4,177.91,0.1506,6.11,81.35,81.85,1803015141,0.0114
2021-08-17,AAPL,206.11,207.26,200.2,203.0,203.0,63124609,193.37,203.08,,198.76,197.58,1.177,-1.333,2.511,57.39,207.97,193.37,178.77,0.151,6.18,71.31,75.3,1739890532,-0.0139
2021-08-18,AAPL,204.67,207.8,202.61,203.49,203.49,58930600,194.33,202.92,,199.49,198.02,1.467,-0.773,2.241,57.96,208.94,194.33,179.71,0.1504,6.11,73.02,75.23,1798821132,0.0024
2021-08-19,AAPL,202.59,206.48,199.5,204.6,204.6,71328730,195.02,202.79,,200.28,198.51,1.766,-0.265,2.032,59.29,210.19,195.02,179.85,0.1556,6.17,76.91,73.75,1870149862,0.0055
2021-08-20,AAPL,204.61,207.23,203.57,203.61,203.61,63312444,195.44,202.6,,200.79,198.89,1.902,0.168,1.734,57.54,211.07,195.44,179.81,0.1599,5.99,73.44,74.46,1806837418,-0.0048
2021-08-23,AAPL,202.86,208.12,202.51,205.97,205.97,68056356,196.2,202.47,,201.59,199.41,2.174,0.569,1.605,60.53,212.32,196.2,180.08,0.1643,5.97,80.83,77.06,1874893774,0.0116
2021-08-24,AAPL,206.74,208.01,200.0,201.8,201.8,83544637,196.86,202.26,,201.62,199.59,2.03,0.861,1.169,53.39,212.75,196.86,180.97,0.1614,6.11,64.98,73.08,1791349137,-0.0202
2021-08-25,AAPL,203.06,205.3,196.05,199.07,199.07,76058359,197.54,201.95,,201.23,199.55,1.677,1.024,0.652,49.29,212.58,197.54,182.49,0.1523,6.34,50.37,65.39,1715290778,-0.0135
2021-08-26,AAPL,198.34,202.18,195.57,200.93,200.93,67144658,198.05,201.61,,201.18,199.65,1.529,1.125,0.403,52.0,212.82,198.05,183.27,0.1492,6.36,49.53,54.96,1782435436,0.0093
2021-08-27,AAPL,200.74,203.9,199.61,201.42,201.42,63530834,198.76,201.17,,201.22,199.78,1.435,1.187,0.247,52.71,212.71,198.76,184.81,0.1404,6.21,51.34,50.41,1845966270,0.0024
2021-08-30,AAPL,201.39,207.46,201.03,206.63,206.63,74878584,199.84,200.88,,202.05,200.29,1.76,1.302,0.458,59.6,212.68,199.84,187.0,0.1285,6.22,70.76,57.21,1920844854,0.0259
2021-08-31,AAPL,205.86,210.48,201.85,208.99,208.99,46637725,201.03,200.66,,203.12,200.93,2.183,1.478,0.705,62.28,212.56,201.03,189.5,0.1147,6.4,85.86,69.32,1967482579,0.0114
2021-09-01,AAPL,208.19,210.45,207.39,209.65,209.65,54546623,202.11,200.55,,204.12,201.58,2.543,1.691,0.852,63.02,212.57,202.11,191.66,0.1035,6.16,90.08,82.24,2022029202,0.0032
2021-09-02,AAPL,208.93,209.32,203.37,204.06,204.06,79899621,203.0,200.33,,204.11,201.76,2.349,1.823,0.527,53.47,210.53,203.0,195.48,0.0741,6.17,56.94,77.63,1942129581,-0.0267
2021-09-03,AAPL,203.57,204.49,201.59,202.15,202.15,52268174,203.41,200.06,,203.81,201.79,2.019,1.862,0.157,50.64,209.72,203.41,197.1,0.062,5.93,44.13,63.72,1889861407,-0.0094
2021-09-06,AAPL,202.9,206.41,201.74,201.95,201.95,64107668,203.72,199.7,,203.52,201.8,1.721,1.834,-0.113,50.34,209.01,203.72,198.43,0.0519,5.84,42.79,47.95,1825753739,-0.001
2021-09-07,AAPL,201.44,203.1,200.33,200.97,200.97,52099936,203.77,199.31,,203.13,201.74,1.389,1.745,-0.355,48.81,208.95,203.77,198.58,0.0509,5.62,36.22,41.05,1773653803,-0.0049
2021-09-08,AAPL,200.19,200.19,194.97,198.65,198.65,44708312,203.53,198.78,,202.44,201.51,0.929,1.582,-0.653,45.31,209.17,203.53,197.88,0.0555,5.65,23.73,34.24,1728945491,-0.0115
2021-09-09,AAPL,199.38,199.58,193.33,195.77,195.77,65896843,203.11,198.34,,201.42,201.09,0.328,1.331,-1.003,41.35,209.67,203.11,196.54,0.0646,5.69,14.23,24.72,1663048648,-0.0145
2021-09-10,AAPL,195.73,201.0,195.35,198.24,198.24,51668980,202.84,197.94,,200.93,200.88,0.05,1.075,-1.024,45.73,209.73,202.84,195.95,0.068,5.69,28.63,22.19,1714717628,0.0126
2021-09-13,AAPL,197.65,197.67,193.08,193.66,193.66,68769209,202.23,197.46,,199.81,200.34,-0.533,0.753,-1.286,39.79,210.04,202.23,194.42,0.0773,5.65,3.33,15.4,1645948419,-0.0231
2021-09-14,AAPL,193.71,194.46,183.67,186.8,186.8,82694966,201.42,196.9,,197.81,199.34,-1.531,0.296,-1.828,32.9,211.71,201.42,191.13,0.1022,6.02,11.67,14.55,1563253453,-0.0354
2021-09-15,AAPL,187.82,189.79,182.27,184.1,184.1,72030002,200.45,196.38,,195.7,198.21,-2.511,-0.265,-2.246,30.65,213.15,200.45,187.75,0.1267,6.13,6.49,7.17,1491223451,-0.0145
2021-09-16,AAPL,182.69,185.31,178.21,180.92,180.92,60556262,199.27,195.92,,193.43,196.93,-3.504,-0.913,-2.591,28.2,214.38,199.27,184.15,0.1517,6.2,8.4,8.85,1430667189,-0.0173
2021-09-17,AAPL,181.79,184.28,178.3,179.64,179.64,44975290,198.07,195.51,,191.3,195.65,-4.344,-1.599,-2.745,27.26,215.28,198.07,180.86,0.1737,6.18,4.43,6.44,1385691899,-0.0071
2021-09-20,AAPL,181.02,181.43,177.35,178.16,178.16,62686440,196.68,195.09,,189.28,194.35,-5.071,-2.294,-2.777,26.17,215.52,196.68,177.83,0.1916,6.03,2.45,5.09,1323005459,-0.0082
2021-09-21,AAPL,177.98,184.28,176.31,181.47,181.47,57247868,195.66,194.82,,188.08,193.4,-5.319,-2.899,-2.42,32.65,215.46,195.66,175.86,0.2024,6.17,15.63,7.5,1380253327,0.0186
2021-09-22,AAPL,180.58,183.83,177.88,182.82,182.82,53361646,194.85,194.59,,187.27,192.62,-5.344,-3.388,-1.957,35.15,215.34,194.85,174.35,0.2104,6.15,21.63,13.24,1433614973,0.0074
2021-09-23,AAPL,184.31,191.28,180.75,188.29,188.29,78040118,194.22,194.54,,187.43,192.3,-4.867,-3.684,-1.183,44.2,214.7,194.22,173.73,0.2109,6.47,39.8,25.69,1511655091,0.0299
2021-09-24,AAPL,185.8,189.95,185.14,186.78,186.78,47755955,193.49,194.54,,187.33,191.89,-4.558,-3.859,-0.7,42.44,213.93,193.49,173.04,0.2114,6.35,39.08,33.5,1463899136,-0.008
2021-09-27,AAPL,186.63,188.67,186.18,186.75,186.75,53242003,192.49,194.57,,187.24,191.51,-4.267,-3.94,-0.327,42.41,212.21,192.49,172.77,0.2049,6.07,42.28,40.39,1410657133,-0.0002
2021-09-28,AAPL,185.7,187.56,180.95,184.73,184.73,39592789,191.28,194.59,,186.85,191.0,-4.151,-3.982,-0.169,39.94,209.73,191.28,172.83,0.1929,6.11,34.1,38.49,1371064344,-0.0108
2021-09-29,AAPL,184.93,186.63,183.13,184.64,184.64,61731893,190.03,194.6,,186.51,190.53,-4.02,-3.99,-0.03,39.83,206.63,190.03,173.43,0.1747,5.92,33.74,36.71,1309332451,-0.0005
2021-09-30,AAPL,184.96,186.7,181.2,184.68,184.68,42386312,189.06,194.48,,186.23,190.1,-3.868,-3.966,0.097,39.91,204.49,189.06,173.63,0.1632,5.89,39.19,35.68,1351718763,0.0002
2021-10-01,AAPL,184.94,186.37,182.66,183.16,183.16,55687991,188.11,194.23,,185.76,189.59,-3.827,-3.938,0.111,37.85,202.5,188.11,173.72,0.153,5.74,37.74,36.89,1296030772,-0.0082
2021-10-04,AAPL,184.21,189.33,182.75,188.02,188.02,71223206,187.41,194.18,,186.11,189.47,-3.363,-3.823,0.46,47.23,200.33,187.41,174.49,0.1379,5.8,78.22,51.72,1367253978,0.0265
2021-10-05,AAPL,185.84,190.14,184.41,187.55,187.55,44629483,186.74,194.16,,186.33,189.33,-2.999,-3.658,0.659,46.5,198.07,186.74,175.41,0.1213,5.79,75.08,63.68,1322624495,-0.0025
2021-10-06,AAPL,187.76,189.6,186.09,186.21,186.21,68887863,186.12,194.17,,186.31,189.1,-2.786,-3.484,0.698,44.39,196.04,186.12,176.2,0.1066,5.63,66.13,73.15,1253736632,-0.0071
2021-10-07,AAPL,186.39,193.03,184.86,188.86,188.86,70392750,185.77,194.13,179.86,186.7,189.08,-2.376,-3.262,0.886,49.29,194.77,185.77,176.78,0.0968,5.81,75.06,72.09,1324129382,0.0142
2021-10-08,AAPL,189.67,197.33,188.28,192.43,192.43,55921803,185.48,194.24,180.18,187.58,189.33,-1.743,-2.958,1.215,55.03,193.12,185.48,177.85,0.0824,6.04,76.69,72.63,1380051185,0.0189
2021-10-11,AAPL,192.79,195.38,188.2,190.67,190.67,55717884,185.33,194.35,180.49,188.06,189.43,-1.368,-2.64,1.272,51.91,192.42,185.33,178.24,0.0765,6.12,65.76,72.5,1324333301,-0.0091
2021-10-12,AAPL,189.55,189.86,188.02,188.24,188.24,62528752,185.41,194.41,180.79,188.09,189.34,-1.252,-2.363,1.111,47.87,192.58,185.41,178.23,0.0774,5.88,45.17,62.54,1261804549,-0.0127
2021-10-13,AAPL,188.7,189.33,187.88,188.15,188.15,58269533,185.61,194.41,181.09,188.1,189.25,-1.154,-2.121,0.967,47.72,192.85,185.61,178.36,0.0781,5.56,43.96,51.63,1203535016,-0.0005
2021-10-14,AAPL,188.75,189.86,187.37,188.55,188.55,37109423,185.99,194.46,181.39,188.17,189.2,-1.033,-1.903,0.871,48.49,193.01,185.99,178.97,0.0755,5.34,46.4,45.18,1240644439,0.0021
2021-10-15,AAPL,188.51,189.22,187.72,188.58,188.58,35939668,186.44,194.35,181.7,188.23,189.15,-0.923,-1.707,0.784,48.55,192.9,186.44,179.98,0.0693,5.07,46.58,45.65,1276584107,0.0002
2021-10-18,AAPL,189.14,189.36,188.08,188.43,188.43,35377213,186.95,194.21,181.99,188.26,189.1,-0.839,-1.534,0.695,48.24,192.22,186.95,181.68,0.0564,4.8,44.82,45.93,1241206894,-0.0008
2021-10-19,AAPL,187.78,189.33,186.78,188.83,188.83,38191103,187.32,193.98,182.31,188.35,189.08,-0.731,-1.373,0.642,49.16,192.0,187.32,182.64,0.05,4.64,47.3,46.24,1279397997,0.0021
2021-10-20,AAPL,187.73,188.55,185.68,188.5,188.5,59692937,187.6,193.68,182.62,188.37,189.04,-0.665,-1.231,0.567,48.4,191.83,187.6,183.38,0.045,4.53,39.81,43.98,1219705060,-0.0017
2021-10-21,AAPL,188.46,192.82,186.8,186.91,186.91,40276550,187.53,193.34,182.93,188.15,188.88,-0.732,-1.132,0.399,44.78,191.75,187.53,183.31,0.045,4.64,28.53,38.55,1179428510,-0.0084
2021-10-22,AAPL,185.14,189.99,184.88,188.01,188.01,75804464,187.59,193.03,183.24,188.13,188.81,-0.689,-1.043,0.354,47.69,191.81,187.59,183.38,0.0449,4.67,27.86,32.07,1255232974,0.0059
2021-10-25,AAPL,188.4,193.34,186.8,191.06,191.06,59683794,187.81,192.73,183.57,188.58,188.98,-0.404,-0.915,0.511,54.8,192.26,187.81,183.36,0.0474,4.8,49.72,35.37,1314916768,0.0162
2021-10-26,AAPL,190.87,194.14,189.65,191.93,191.93,38584516,188.17,192.51,183.9,189.09,189.2,-0.106,-0.753,0.647,56.61,192.73,188.17,183.61,0.0484,4.78,56.7,44.76,1353501284,0.0046
2021-10-27,AAPL,193.22,194.79,190.63,191.12,191.12,72630405,188.49,192.26,184.22,189.4,189.34,0.063,-0.59,0.653,54.43,192.92,188.49,184.07,0.047,4.74,50.12,52.18,1280870879,-0.0042
2021-10-28,AAPL,190.93,191.59,187.18,187.69,187.69,68880298,188.64,191.92,184.51,189.14,189.22,-0.078,-0.488,0.409,46.27,192.74,188.64,184.55,0.0434,4.71,26.76,44.53,1211990581,-0.0179
2021-10-29,AAPL,186.64,190.53,183.8,190.18,190.18,55337138,189.0,191.66,184.83,189.3,189.29,0.01,-0.388,0.399,51.91,192.27,189.0,185.73,0.0346,4.86,58.05,44.98,1267327719,0.0133
2021-11-01,AAPL,190.38,191.44,186.29,187.97,187.97,55996671,188.99,191.3,185.15,189.1,189.19,-0.097,-0.33,0.233,47.18,192.27,188.99,185.72,0.0346,4.88,37.94,40.92,1211331048,-0.0116
2021-11-02,AAPL,188.5,191.37,186.99,190.47,190.47,45712651,189.14,191.07,185.47,189.31,189.29,0.02,-0.26,0.28,52.45,192.4,189.14,185.88,0.0345,4.84,60.69,52.23,1257043699,0.0133
2021-11-03,AAPL,190.32,191.76,189.61,191.36,191.36,39494779,189.4,190.91,185.79,189.62,189.44,0.182,-0.171,0.354,54.21,192.5,189.4,186.29,0.0328,4.65,68.79,55.81,1296538478,0.0047
2021-11-04,AAPL,189.69,193.14,188.85,190.85,190.85,54723184,189.5,190.71,186.13,189.81,189.55,0.267,-0.084,0.351,53.0,192.66,189.5,186.34,0.0333,4.62,64.15,64.54,1241815294,-0.0027
2021-11-05,AAPL,191.26,192.91,187.85,189.99,189.99,61111352,189.37,190.48,186.45,189.84,189.58,0.261,-0.015,0.276,50.94,192.25,189.37,186.5,0.0303,4.66,56.32,63.09,1180703942,-0.0045
2021-11-08,AAPL,188.92,195.64,188.44,193.17,193.17,62843966,189.5,190.22,186.78,190.35,189.84,0.508,0.09,0.418,57.51,192.78,189.5,186.22,0.0346,4.84,79.14,66.54,1243547908,0.0167
2021-11-09,AAPL,192.87,193.6,190.1,191.19,191.19,42777480,189.65,189.86,187.1,190.48,189.94,0.537,0.179,0.358,52.77,192.95,189.65,186.35,0.0348,4.74,62.42,65.96,1200770428,-0.0103
2021-11-10,AAPL,190.46,192.93,188.08,192.74,192.74,67701042,189.88,189.52,187.42,190.83,190.15,0.677,0.279,0.399,55.84,193.36,189.88,186.39,0.0367,4.75,75.51,72.35,1268471470,0.0081
2021-11-11,AAPL,190.67,198.44,188.37,197.35,197.35,83279690,190.32,189.39,187.76,191.83,190.68,1.147,0.453,0.695,63.45,195.03,190.32,185.61,0.0495,5.13,92.55,76.83,1351751160,0.0239
2021-11-12,AAPL,197.71,205.16,196.39,204.42,204.42,67747157,191.11,189.43,188.14,193.77,191.7,2.067,0.775,1.291,71.54,198.78,191.11,183.44,0.0803,5.39,96.54,88.2,1419498317,0.0358
2021-11-15,AAPL,203.62,203.73,203.33,203.51,203.51,59356031,191.86,189.46,188.51,195.27,192.58,2.691,1.158,1.532,69.41,201.13,191.86,182.59,0.0966,5.08,92.28,93.79,1360142286,-0.0045
2021-11-16,AAPL,203.11,204.85,198.3,200.42,200.42,44409020,192.44,189.45,188.87,196.06,193.16,2.902,1.507,1.395,62.59,202.31,192.44,182.57,0.1026,5.19,77.81,88.87,1315733266,-0.0152
2021-11-17,AAPL,199.75,201.82,198.9,200.28,200.28,45579722,193.03,189.49,189.24,196.71,193.68,3.024,1.811,1.213,62.3,203.29,193.03,182.78,0.1063,5.03,77.15,82.41,1270153544,-0.0007
2021-11-18,AAPL,198.65,199.96,198.32,199.23,199.23,35785200,193.65,189.55,189.6,197.1,194.1,3.001,2.049,0.952,59.98,203.84,193.65,183.46,0.1052,4.81,68.57,74.51,1234368344,-0.0052
2021-11-19,AAPL,200.33,202.3,198.97,201.59,201.59,57976617,194.33,189.62,189.96,197.79,194.65,3.137,2.266,0.871,63.28,204.73,194.33,183.92,0.1071,4.7,80.35,75.36,1292344961,0.0118
2021-11-22,AAPL,201.68,202.15,194.9,198.06,198.06,51248972,194.68,189.71,190.29,197.83,194.9,2.927,2.398,0.528,55.87,205.09,194.68,184.26,0.107,4.88,58.98,69.3,1241095989,-0.0175
2021-11-23,AAPL,198.39,199.34,193.71,195.67,195.67,64868364,194.86,189.89,190.6,197.5,194.96,2.537,2.426,0.111,51.47,205.21,194.86,184.52,0.1062,4.94,45.18,61.5,1176227625,-0.0121
2021-11-24,AAPL,195.93,198.82,195.79,198.63,198.63,53394639,195.24,190.18,190.92,197.67,195.23,2.44,2.429,0.011,56.08,205.56,195.24,184.92,0.1057,4.81,62.28,55.48,1229622264,0.0151
2021-11-25,AAPL,199.13,199.19,197.3,199.0,199.0,32336315,195.8,190.54,191.23,197.88,195.51,2.365,2.416,-0.051,56.64,205.63,195.8,185.98,0.1004,4.6,63.93,57.13,1261958579,0.0019
2021-11-26,AAPL,198.41,201.1,196.38,198.92,198.92,49597935,196.24,190.92,191.53,198.04,195.76,2.273,2.388,-0.114,56.47,205.8,196.24,186.68,0.0975,4.61,63.47,63.23,1212360644,-0.0004
2021-11-29,AAPL,197.43,205.25,195.78,201.78,201.78,52679323,196.93,191.4,191.84,198.61,196.21,2.403,2.391,0.013,60.88,205.99,196.93,187.88,0.092,4.96,79.79,69.06,1265039967,0.0144
2021-11-30,AAPL,202.04,210.68,200.1,208.98,208.98,80505982,197.86,191.95,192.21,200.21,197.16,3.052,2.523,0.529,69.32,207.82,197.86,187.89,0.1007,5.36,92.38,78.55,1345545949,0.0357
2021-12-01,AAPL,207.97,208.4,207.7,208.09,208.09,42224423,198.69,192.45,192.57,201.42,197.97,3.455,2.709,0.746,67.38,209.13,198.69,188.25,0.1051,5.07,84.74,85.64,1303321526,-0.0043
2021-12-02,AAPL,206.77,211.76,202.89,209.54,209.54,46303468,199.63,192.88,192.93,202.67,198.82,3.847,2.937,0.91,68.91,210.43,199.63,188.83,0.1082,5.34,87.7,88.27,1349624994,0.007
2021-12-03,AAPL,208.91,213.02,207.62,210.93,210.93,52636090,200.68,193.36,193.28,203.94,199.72,4.221,3.194,1.027,70.34,211.6,200.68,189.75,0.1088,5.34,89.18,87.21,1402261084,0.0066
2021-12-06,AAPL,211.78,212.4,208.73,209.79,209.79,56034026,201.51,193.82,193.61,204.84,200.47,4.375,3.43,0.945,67.59,212.55,201.51,190.47,0.1096,5.22,83.27,86.72,1346227058,-0.0054
2021-12-07,AAPL,210.58,214.4,209.54,212.83,212.83,63996337,202.59,194.38,193.96,206.07,201.38,4.688,3.682,1.007,70.86,213.61,202.59,191.56,0.1088,5.2,92.41,88.29,1410223395,0.0145
2021-12-08,AAPL,211.12,215.57,209.99,215.47,215.47,56230731,203.72,195.0,194.31,207.52,202.42,5.091,3.963,1.127,73.37,215.13,203.72,192.32,0.112,5.22,99.54,91.74,1466454126,0.0124
2021-12-09,AAPL,214.42,215.14,209.78,210.82,210.82,70927671,204.4,195.52,194.61,208.02,203.05,4.977,4.166,0.811,63.07,215.81,204.4,192.98,0.1117,5.26,78.27,90.08,1395526455,-0.0216
2021-12-10,AAPL,210.89,211.02,203.05,205.2,205.2,84884530,204.44,195.96,194.9,207.59,203.21,4.383,4.21,0.174,53.32,215.86,204.44,193.02,0.1117,5.45,52.56,76.79,1310641925,-0.0267
2021-12-13,AAPL,204.65,207.43,198.23,200.95,200.95,67510597,204.31,196.22,195.16,206.57,203.04,3.529,4.073,-0.545,47.36,215.83,204.31,192.79,0.1127,5.72,26.12,52.32,1243131328,-0.0207
2021-12-14,AAPL,201.25,203.24,200.66,201.7,201.7,42176319,204.37,196.5,195.41,205.82,202.94,2.879,3.835,-0.955,48.45,215.82,204.37,192.93,0.112,5.5,29.91,36.2,1285307647,0.0037
2021-12-15,AAPL,202.1,206.15,200.12,205.35,205.35,47777529,204.63,196.89,195.68,205.75,203.12,2.629,3.593,-0.965,53.52,215.92,204.63,193.33,0.1104,5.53,48.36,34.8,1333085176,0.0181
2021-12-16,AAPL,205.01,208.61,202.09,206.05,206.05,55444663,204.97,197.23,195.96,205.79,203.34,2.458,3.366,-0.908,54.45,216.0,204.97,193.94,0.1076,5.6,51.89,43.39,1388529839,0.0034
2021-12-17,AAPL,206.0,209.3,201.28,202.44,202.44,75287784,205.01,197.43,196.23,205.28,203.27,2.008,3.095,-1.086,49.03,215.99,205.01,194.03,0.1071,5.78,24.28,41.51,1313242055,-0.0175
2021-12-20,AAPL,202.99,203.98,195.54,196.9,196.9,73466880,204.95,197.56,196.46,203.99,202.8,1.191,2.714,-1.523,42.1,216.09,204.95,193.81,0.1087,5.97,6.79,27.65,1239775175,-0.0274
2021-12-21,AAPL,197.17,200.87,194.72,197.63,197.63,44412124,205.05,197.74,196.68,203.01,202.41,0.596,2.29,-1.695,43.24,215.89,205.05,194.21,0.1058,5.98,13.96,15.01,1284187299,0.0037
2021-12-22,AAPL,196.54,197.55,195.28,196.88,196.88,46866457,204.96,197.92,196.89,202.07,202.0,0.063,1.845,-1.782,42.32,216.04,204.96,193.89,0.1081,5.72,10.36,10.37,1237320842,-0.0038
2021-12-23,AAPL,197.31,198.3,191.9,193.41,193.41,58192010,204.68,198.02,197.09,200.74,201.37,-0.633,1.349,-1.982,38.26,216.6,204.68,192.77,0.1164,5.77,6.38,10.23,1179128832,-0.0176
2021-12-24,AAPL,193.87,196.55,189.27,191.14,191.14,64568582,204.29,198.07,197.26,199.26,200.61,-1.351,0.809,-2.16,35.84,217.38,204.29,191.2,0.1281,5.88,7.11,7.95,1114560250,-0.0117
2021-12-27,AAPL,191.3,193.15,189.95,192.49,192.49,59878652,203.83,198.15,197.45,198.22,200.01,-1.791,0.289,-2.08,38.34,217.87,203.83,189.79,0.1377,5.69,12.24,8.58,1174438902,0.0071
2021-12-28,AAPL,190.81,191.97,187.72,188.88,188.88,58957783,202.82,198.15,197.59,196.78,199.18,-2.403,-0.249,-2.154,34.48,218.07,202.82,187.58,0.1503,5.62,4.23,7.86,1115481119,-0.0188
2021-12-29,AAPL,189.54,193.54,188.97,190.76,190.76,49672281,201.96,198.19,197.72,195.85,198.56,-2.706,-0.741,-1.965,37.98,217.86,201.96,186.05,0.1575,5.55,13.05,9.84,1165153400,0.01
2021-12-30,AAPL,189.55,190.2,183.32,184.93,184.93,78374177,200.73,198.15,197.83,194.17,197.55,-3.377,-1.268,-2.109,32.22,217.86,200.73,183.6,0.1707,5.69,6.2,7.82,1086779223,-0.0306
2021-12-31,AAPL,183.71,188.15,181.17,186.75,186.75,67993609,199.52,198.13,197.93,193.03,196.75,-3.719,-1.758,-1.961,35.51,217.01,199.52,182.03,0.1753,5.78,19.84,13.03,1154772832,0.0098
2022-01-03,AAPL,186.54,188.04,181.87,182.64,182.64,61729472,198.16,197.96,198.01,191.43,195.71,-4.272,-2.261,-2.011,31.76,216.45,198.16,179.88,0.1845,5.81,5.23,10.42,1093043360,-0.022
2022-01-04,AAPL,183.19,185.57,182.54,183.64,183.64,40833284,196.7,197.8,198.08,190.23,194.81,-4.578,-2.724,-1.853,33.6,214.73,196.7,178.67,0.1833,5.61,8.78,11.28,1133876644,0.0055
2022-01-05,AAPL,183.91,185.0,183.23,184.55,184.55,58908149,195.16,197.66,198.14,189.36,194.05,-4.692,-3.118,-1.574,35.31,211.72,195.16,178.59,0.1698,5.33,12.02,8.67,1192784793,0.005
2022-01-06,AAPL,182.97,189.41,182.59,187.82,187.82,79501598,194.01,197.67,198.19,189.12,193.59,-4.467,-3.388,-1.08,41.16,209.2,194.01,178.81,0.1566,5.44,29.15,16.65,1272286391,0.0177
2022-01-07,AAPL,188.46,191.76,185.55,189.96,189.96,62948903,193.24,197.66,198.26,189.25,193.32,-4.07,-3.524,-0.545,44.68,207.62,193.24,178.86,0.1488,5.5,44.62,28.6,1335235294,0.0114
2022-01-10,AAPL,189.45,192.54,188.73,190.79,190.79,59201596,192.74,197.72,198.32,189.49,193.13,-3.645,-3.548,-0.097,46.03,206.7,192.74,178.77,0.1449,5.38,56.16,43.31,1394436890,0.0044
2022-01-11,AAPL,191.78,192.45,188.25,191.23,191.23,48235057,192.21,197.73,198.37,189.76,192.99,-3.236,-3.486,0.25,46.77,205.57,192.21,178.86,0.139,5.29,58.73,53.17,1442671947,0.0023
2022-01-12,AAPL,191.06,191.81,186.94,188.84,188.84,68275477,191.39,197.68,198.41,189.62,192.69,-3.07,-3.403,0.333,43.29,203.36,191.39,179.41,0.1251,5.26,49.87,54.92,1374396470,-0.0125
2022-01-13,AAPL,190.46,192.49,183.89,184.08,184.08,70520468,190.29,197.55,198.4,188.76,192.05,-3.284,-3.379,0.095,37.33,200.59,190.29,179.98,0.1083,5.5,23.52,44.04,1303876002,-0.0252
2022-01-14,AAPL,184.82,188.01,180.94,181.61,181.61,72340350,189.25,197.38,198.35,187.66,191.27,-3.611,-3.425,-0.186,34.67,198.6,189.25,179.9,0.0988,5.61,5.32,26.24,1231535652,-0.0134
2022-01-17,AAPL,182.12,185.49,179.36,183.23,183.23,54470035,188.56,197.18,198.3,186.98,190.68,-3.697,-3.48,-0.218,37.8,197.57,188.56,179.56,0.0955,5.65,27.29,18.71,1286005687,0.0089
2022-01-18,AAPL,184.25,188.84,183.09,187.97,187.97,73674307,188.08,197.12,198.26,187.13,190.48,-3.345,-3.453,0.108,45.98,196.06,188.08,180.1,0.0849,5.66,65.33,32.65,1359679994,0.0259
2022-01-19,AAPL,189.9,191.08,185.71,187.25,187.25,73909336,187.6,197.01,198.23,187.15,190.24,-3.088,-3.38,0.292,45.01,194.49,187.6,180.71,0.0735,5.64,59.86,50.83,1285770658,-0.0038
2022-01-20,AAPL,188.22,188.46,187.7,188.04,188.04,34034920,187.33,196.82,198.23,187.29,190.08,-2.788,-3.261,0.473,46.35,193.69,187.33,180.97,0.0679,5.32,65.86,63.68,1319805578,0.0042
2022-01-21,AAPL,188.03,189.78,185.99,186.05,186.05,41845546,187.08,196.45,198.2,187.1,189.78,-2.68,-3.145,0.465,43.48,193.21,187.08,180.94,0.0656,5.21,50.76,58.83,1277960032,-0.0106
2022-01-24,AAPL,185.33,193.36,182.79,191.45,191.45,65523412,187.02,196.21,198.19,187.77,189.9,-2.135,-2.943,0.809,52.12,192.99,187.02,181.06,0.0638,5.59,86.36,67.66,1343483444,0.029
2022-01-25,AAPL,193.13,193.47,189.43,190.37,190.37,66598432,187.1,196.01,198.18,188.17,189.94,-1.769,-2.708,0.939,50.46,193.19,187.1,181.01,0.0651,5.48,78.03,71.72,1276885012,-0.0056
2022-01-26,AAPL,190.4,191.63,189.65,190.32,190.32,58174375,187.08,195.81,198.15,188.5,189.96,-1.466,-2.46,0.994,50.38,193.12,187.08,181.03,0.0646,5.23,77.68,80.69,1218710637,-0.0003
2022-01-27,AAPL,189.87,190.75,185.74,185.89,185.89,59456414,187.12,195.55,198.09,188.1,189.66,-1.566,-2.281,0.715,43.76,193.11,187.12,181.14,0.064,5.22,46.28,67.33,1159254223,-0.0233
2022-01-28,AAPL,186.16,188.94,184.32,185.85,185.85,47391662,187.08,195.23,198.05,187.75,189.38,-1.629,-2.151,0.522,43.7,193.09,187.08,181.07,0.0643,5.17,46.0,56.65,1111862561,-0.0002
2022-01-31,AAPL,187.09,191.33,186.9,191.06,191.06,66836625,187.5,195.09,198.03,188.26,189.5,-1.244,-1.969,0.725,52.25,193.39,187.5,181.61,0.0628,5.2,82.92,58.4,1178699186,0.028
2022-02-01,AAPL,191.57,193.86,190.33,191.42,191.42,39780898,187.89,195.01,197.99,188.75,189.65,-0.9,-1.755,0.855,52.79,193.73,187.89,182.04,0.0622,5.08,83.17,70.7,1218480084,0.0019
2022-02-02,AAPL,192.1,196.39,185.28,187.78,187.78,53865414,188.05,194.79,197.93,188.6,189.51,-0.911,-1.586,0.676,47.06,193.69,188.05,182.41,0.06,5.51,49.44,71.84,1164614670,-0.019
2022-02-03,AAPL,187.61,189.89,184.37,184.53,184.53,58549940,187.89,194.5,197.86,187.97,189.14,-1.168,-1.503,0.335,42.61,193.73,187.89,182.04,0.0622,5.51,30.36,54.32,1106064730,-0.0173
2022-02-04,AAPL,184.77,186.11,180.53,180.69,180.69,51885926,187.42,194.14,197.77,186.85,188.51,-1.662,-1.535,-0.127,38.04,193.97,187.42,180.88,0.0698,5.51,1.01,26.94,1054178804,-0.0208
2022-02-07,AAPL,179.91,181.87,177.5,181.61,181.61,64275137,186.96,193.73,197.68,186.05,188.0,-1.957,-1.619,-0.338,39.71,193.78,186.96,180.15,0.0729,5.43,21.76,17.71,1118453941,0.0051
2022-02-08,AAPL,180.82,183.76,180.23,181.65,181.65,61231648,186.48,193.19,197.57,185.37,187.53,-2.163,-1.728,-0.435,39.79,193.38,186.48,179.59,0.074,5.3,21.97,14.91,1179685589,0.0002
2022-02-09,AAPL,183.0,186.89,182.4,184.23,184.23,57454766,186.25,192.71,197.49,185.19,187.29,-2.093,-1.801,-0.292,44.63,193.13,186.25,179.38,0.0738,5.29,35.63,26.45,1237140355,0.0142
2022-02-10,AAPL,183.94,185.25,182.01,184.93,184.93,45615501,186.3,192.22,197.43,185.15,187.11,-1.959,-1.833,-0.127,45.9,193.13,186.3,179.47,0.0733,5.15,39.33,32.31,1282755856,0.0038
2022-02-11,AAPL,185.09,191.17,184.02,187.13,187.13,57664490,186.57,191.74,197.37,185.46,187.11,-1.657,-1.797,0.141,49.81,193.06,186.57,180.08,0.0696,5.29,50.98,41.98,1340420346,0.0119
2022-02-14,AAPL,187.06,191.26,184.05,191.19,191.19,57405565,186.97,191.37,197.34,186.34,187.42,-1.077,-1.653,0.577,56.1,193.57,186.97,180.38,0.0705,5.43,72.47,54.26,1397825911,0.0217
2022-02-15,AAPL,192.44,193.55,186.99,188.2,188.2,55258641,186.98,190.88,197.28,186.63,187.47,-0.848,-1.492,0.644,51.03,193.58,186.98,180.38,0.0706,5.51,56.64,60.03,1342567270,-0.0156
2022-02-16,AAPL,189.6,189.76,180.51,184.26,184.26,69029652,186.83,190.25,197.19,186.26,187.24,-0.974,-1.389,0.414,45.22,193.54,186.83,180.13,0.0718,5.77,35.79,54.97,1273537618,-0.0209
2022-02-17,AAPL,184.09,192.09,184.03,187.99,187.99,66916112,186.83,189.79,197.14,186.53,187.29,-0.764,-1.264,0.5,50.91,193.53,186.83,180.13,0.0718,5.94,55.53,49.32,1340453730,0.0202
2022-02-18,AAPL,186.61,192.03,185.45,189.85,189.85,73047279,187.02,189.49,197.08,187.04,187.48,-0.443,-1.1,0.657,53.51,193.84,187.02,180.2,0.0729,5.98,65.38,52.23,1413501009,0.0099
2022-02-21,AAPL,189.62,191.97,186.35,187.63,187.63,50618283,186.83,189.22,197.0,187.13,187.49,-0.363,-0.952,0.59,50.1,193.35,186.83,180.31,0.0698,5.96,53.63,58.18,1362882726,-0.0117
2022-02-22,AAPL,187.06,187.68,183.91,185.45,185.45,40598096,186.58,188.9,196.9,186.87,187.34,-0.47,-0.856,0.386,46.95,192.92,186.58,180.25,0.0679,5.8,49.53,56.18,1322284630,-0.0116
2022-02-23,AAPL,184.84,189.13,184.82,187.68,187.68,76211951,186.45,188.54,196.8,187.0,187.37,-0.37,-0.759,0.388,50.39,192.58,186.45,180.33,0.0657,5.69,63.43,55.53,1398496581,0.012
2022-02-24,AAPL,187.57,190.28,186.27,189.16,189.16,64353614,186.61,188.2,196.72,187.33,187.5,-0.17,-0.641,0.471,52.59,192.84,186.61,180.38,0.0668,5.57,72.65,61.87,1462850195,0.0079
2022-02-25,AAPL,187.13,188.66,184.39,186.3,186.3,60088144,186.64,187.88,196.62,187.17,187.41,-0.24,-0.561,0.321,48.15,192.86,186.64,180.41,0.0667,5.52,45.57,60.55,1402762051,-0.0151
2022-02-28,AAPL,186.38,188.05,184.69,187.75,187.75,50184154,186.47,187.7,196.53,187.26,187.44,-0.176,-0.484,0.308,50.43,192.38,186.47,180.56,0.0634,5.36,55.52,57.91,1452946205,0.0078
2022-03-01,AAPL,187.24,189.13,180.48,184.38,184.38,57000214,186.12,187.43,196.43,186.82,187.21,-0.392,-0.465,0.073,45.42,191.64,186.12,180.6,0.0593,5.6,29.84,43.64,1395945991,-0.0179
2022-03-02,AAPL,183.22,186.81,182.9,185.05,185.05,60941420,185.98,187.2,196.31,186.54,187.05,-0.504,-0.473,-0.031,46.56,191.46,185.98,180.5,0.0589,5.48,34.97,40.11,1456887411,0.0036
2022-03-03,AAPL,185.49,185.68,183.34,185.42,185.42,44025112,186.03,187.04,196.19,186.37,186.93,-0.557,-0.49,-0.067,47.21,191.47,186.03,180.58,0.0586,5.25,37.8,34.2,1500912523,0.002
2022-03-04,AAPL,185.16,185.28,181.73,183.65,183.65,70233416,186.18,186.89,196.05,185.95,186.69,-0.733,-0.538,-0.194,44.41,191.18,186.18,181.17,0.0537,5.14,24.25,32.34,1430679107,-0.0095
2022-03-07,AAPL,185.56,186.47,182.51,182.56,182.56,72903233,186.22,186.69,195.89,185.43,186.38,-0.949,-0.621,-0.328,42.73,191.06,186.22,181.38,0.052,5.06,17.92,26.66,1357775874,-0.0059
2022-03-08,AAPL,183.12,183.83,176.72,176.96,176.96,83238800,185.99,186.45,195.69,184.13,185.68,-1.554,-0.807,-0.747,35.33,192.01,185.99,179.97,0.0647,5.2,1.56,14.58,1274537074,-0.0307
2022-03-09,AAPL,176.35,179.09,175.84,178.73,178.73,60714159,185.71,186.21,195.49,183.3,185.17,-1.87,-1.02,-0.85,38.93,192.48,185.71,178.94,0.0729,5.06,17.85,12.44,1335251233,0.01
2022-03-10,AAPL,177.67,184.38,173.88,183.42,183.42,80732400,185.64,186.18,195.32,183.32,185.04,-1.722,-1.16,-0.561,47.3,192.47,185.64,178.8,0.0736,5.45,52.74,24.05,1415983633,0.0262
2022-03-11,AAPL,182.41,185.61,181.6,184.75,184.75,47396186,185.52,186.14,195.17,183.54,185.02,-1.48,-1.224,-0.256,49.42,192.33,185.52,178.71,0.0734,5.35,66.28,45.62,1463379819,0.0073
2022-03-14,AAPL,184.55,186.91,183.98,185.3,185.3,60487110,185.22,186.19,195.03,183.81,185.04,-1.229,-1.225,-0.004,50.31,191.52,185.22,178.93,0.068,5.18,69.63,62.88,1523866929,0.003
2022-03-15,AAPL,184.91,186.22,181.05,181.82,181.82,78027657,184.91,186.16,194.89,183.5,184.8,-1.297,-1.24,-0.057,44.93,191.21,184.91,178.6,0.0682,5.18,48.41,61.44,1445839272,-0.0188
2022-03-16,AAPL,180.78,181.9,177.57,181.51,181.51,37483917,184.77,186.1,194.73,183.2,184.56,-1.36,-1.264,-0.096,44.47,191.24,184.77,178.3,0.0701,5.12,50.03,56.03,1408355355,-0.0017
2022-03-17,AAPL,181.3,188.56,180.48,186.0,186.0,65677390,184.67,186.06,194.61,183.63,184.66,-1.035,-1.218,0.183,52.06,191.0,184.67,178.34,0.0686,5.33,79.48,59.31,1474032745,0.0247
2022-03-18,AAPL,184.92,190.86,184.05,190.12,190.12,87249198,184.68,186.06,194.5,184.63,185.07,-0.441,-1.062,0.622,57.77,191.06,184.68,178.31,0.0691,5.43,95.64,75.05,1561281943,0.0222
2022-03-21,AAPL,190.94,191.83,184.11,184.42,184.42,67037003,184.52,185.94,194.36,184.59,185.02,-0.425,-0.935,0.51,49.07,190.75,184.52,178.29,0.0675,5.6,58.72,77.95,1494244940,-0.03
2022-03-22,AAPL,185.1,186.56,183.51,186.15,186.15,66249564,184.56,185.83,194.22,184.83,185.1,-0.269,-0.802,0.533,51.46,190.82,184.56,178.3,0.0678,5.41,68.36,74.24,1560494504,0.0094
2022-03-23,AAPL,185.09,191.1,182.56,191.09,191.09,78058305,184.73,185.88,194.11,185.8,185.55,0.25,-0.591,0.841,57.58,191.48,184.73,177.97,0.0732,5.64,95.88,74.32,1638552809,0.0265
2022-03-24,AAPL,191.65,195.48,191.19,193.34,193.34,44752333,184.94,186.06,193.98,186.96,186.12,0.833,-0.306,1.14,60.05,192.44,184.94,177.43,0.0812,5.55,90.09,84.78,1683305142,0.0118
2022-03-25,AAPL,193.14,197.05,190.66,195.42,195.42,61172723,185.39,186.34,193.84,188.26,186.81,1.447,0.044,1.403,62.24,194.18,185.39,176.61,0.0948,5.61,92.97,92.98,1744477865,0.0108
2022-03-28,AAPL,194.41,198.26,194.01,198.05,198.05,49784039,185.91,186.64,193.73,189.77,187.64,2.121,0.459,1.661,64.87,196.25,185.91,175.56,0.1113,5.51,99.14,94.07,1794261904,0.0135
2022-03-29,AAPL,197.08,198.96,193.25,195.86,195.86,50222714,186.48,186.79,193.61,190.7,188.25,2.45,0.858,1.592,61.06,197.66,186.48,175.3,0.1199,5.53,87.64,93.25,1744039190,-0.0111
2022-03-30,AAPL,195.01,196.09,192.81,193.92,193.92,66694029,186.92,186.93,193.5,191.2,188.67,2.525,1.191,1.334,57.83,198.54,186.92,175.31,0.1243,5.37,76.44,87.74,1677345161,-0.0099
2022-03-31,AAPL,194.1,194.72,187.36,188.76,188.76,58551850,187.09,186.94,193.37,190.82,188.68,2.143,1.381,0.762,50.21,198.71,187.09,175.47,0.1242,5.51,52.31,72.13,1618793311,-0.0266
2022-04-01,AAPL,189.12,193.43,188.99,192.19,192.19,65220159,187.52,187.06,193.25,191.03,188.94,2.094,1.524,0.57,54.5,199.23,187.52,175.81,0.1249,5.45,68.35,65.7,1684013470,0.0182
2022-04-04,AAPL,193.54,193.91,187.1,190.72,190.72,75334102,187.93,187.05,193.11,190.98,189.07,1.914,1.602,0.312,52.41,199.49,187.93,176.37,0.123,5.55,61.48,60.71,1608679368,-0.0076
2022-04-05,AAPL,191.37,194.64,190.76,193.13,193.13,54490331,188.74,187.11,192.97,191.31,189.37,1.943,1.67,0.273,55.42,199.34,188.74,178.13,0.1123,5.43,68.45,66.09,1663169699,0.0126
2022-04-06,AAPL,193.83,195.09,192.41,193.29,193.29,46093414,189.46,187.16,192.81,191.62,189.66,1.957,1.727,0.229,55.63,199.18,189.46,179.75,0.1025,5.23,65.43,65.12,1709263113,0.0008
2022-04-07,AAPL,192.83,193.55,191.14,191.96,191.96,45874685,189.89,187.29,192.68,191.67,189.83,1.839,1.75,0.089,53.47,199.25,189.89,180.53,0.0986,5.03,57.32,63.73,1663388428,-0.0069
2022-04-08,AAPL,191.58,191.76,187.88,190.02,190.02,55062007,190.15,187.37,192.54,191.42,189.85,1.571,1.714,-0.143,50.4,199.21,190.15,181.1,0.0953,4.96,45.49,56.08,1608326421,-0.0101
2022-04-11,AAPL,190.02,194.37,187.18,187.81,187.81,57903180,190.28,187.3,192.39,190.86,189.7,1.167,1.605,-0.438,47.09,199.13,190.28,181.43,0.093,5.12,32.01,44.94,1550423241,-0.0116
2022-04-12,AAPL,187.68,190.61,187.22,190.26,190.26,59439424,190.7,187.28,192.27,190.77,189.74,1.032,1.49,-0.458,50.94,198.66,190.7,182.74,0.0835,5.0,26.64,34.71,1609862665,0.013
2022-04-13,AAPL,189.36,196.21,188.94,193.94,193.94,79946890,191.32,187.4,192.19,191.26,190.05,1.209,1.434,-0.225,56.11,198.18,191.32,184.47,0.0717,5.16,57.67,38.78,1689809555,0.0193
2022-04-14,AAPL,194.75,195.19,185.48,188.52,188.52,71797900,191.45,187.48,192.11,190.84,189.94,0.901,1.327,-0.426,48.07,197.99,191.45,184.9,0.0684,5.49,22.55,35.62,1618011655,-0.0279
2022-04-15,AAPL,189.21,190.0,183.61,185.74,185.74,50323461,191.23,187.59,192.04,190.05,189.62,0.428,1.147,-0.72,44.55,198.22,191.23,184.24,0.0731,5.55,13.88,31.37,1567688194,-0.0147
2022-04-18,AAPL,185.7,186.69,175.94,181.08,181.08,75337949,191.06,187.57,191.95,188.67,188.99,-0.32,0.854,-1.174,39.35,198.81,191.06,183.32,0.0811,5.92,25.36,20.6,1492350245,-0.0251
2022-04-19,AAPL,182.68,189.75,180.75,187.23,187.23,64608116,191.12,187.69,191.91,188.45,188.86,-0.411,0.601,-1.012,47.98,198.74,191.12,183.49,0.0798,6.14,55.7,31.64,1556958361,0.034
2022-04-20,AAPL,186.67,192.97,184.64,192.28,192.28,74306644,191.18,187.85,191.9,189.04,189.11,-0.075,0.466,-0.541,53.8,198.82,191.18,183.54,0.0799,6.3,80.61,53.89,1631265005,0.027
2022-04-21,AAPL,192.42,195.33,190.6,194.28,194.28,54591938,191.22,188.03,191.92,189.85,189.5,0.348,0.442,-0.094,55.91,198.93,191.22,183.52,0.0806,6.19,90.48,75.6,1685856943,0.0104
2022-04-22,AAPL,193.58,194.79,189.5,191.74,191.74,45192391,191.04,188.13,191.94,190.14,189.66,0.474,0.449,0.025,52.63,198.51,191.04,183.57,0.0782,6.12,77.95,83.01,1640664552,-0.0131
2022-04-25,AAPL,191.65,197.67,190.06,197.15,197.15,83416977,190.99,188.25,192.0,191.22,190.22,0.998,0.558,0.44,58.24,198.3,190.99,183.69,0.0765,6.23,97.61,88.68,1724081529,0.0282
2022-04-26,AAPL,196.85,197.92,189.46,192.7,192.7,62100438,190.84,188.34,192.05,191.44,190.4,1.043,0.655,0.387,52.71,197.84,190.84,183.83,0.0735,6.39,76.25,83.94,1661981091,-0.0226
2022-04-27,AAPL,190.4,193.22,187.48,189.11,189.11,60439543,190.6,188.43,192.07,191.09,190.31,0.779,0.68,0.099,48.69,197.49,190.6,183.7,0.0724,6.34,59.92,77.93,1601541548,-0.0186
2022-04-28,AAPL,188.92,193.91,188.16,189.22,189.22,57616918,190.62,188.46,192.06,190.8,190.23,0.573,0.659,-0.086,48.82,197.5,190.62,183.74,0.0722,6.3,60.42,65.53,1659158466,0.0006
2022-04-29,AAPL,188.05,190.68,185.69,190.25,190.25,47410596,190.52,188.47,192.04,190.71,190.23,0.487,0.624,-0.138,50.08,197.36,190.52,183.68,0.0718,6.21,65.1,61.81,1706569062,0.0054
2022-05-02,AAPL,189.33,189.88,186.84,187.7,187.7,60672114,190.37,188.47,192.02,190.25,190.04,0.21,0.541,-0.331,46.99,197.32,190.37,183.42,0.073,6.01,53.5,59.68,1645896948,-0.0134
2022-05-03,AAPL,188.13,195.51,187.91,195.23,195.23,75323377,190.48,188.66,192.06,191.02,190.42,0.592,0.551,0.04,55.69,197.65,190.48,183.3,0.0753,6.13,87.76,68.79,1721220325,0.0401
2022-05-04,AAPL,196.4,201.16,194.66,198.38,198.38,69583850,190.73,188.88,192.12,192.15,191.01,1.135,0.668,0.467,58.74,198.61,190.73,182.85,0.0826,6.16,88.98,76.75,1790804175,0.0161
2022-05-05,AAPL,197.27,203.35,196.87,202.37,202.37,61313669,191.25,189.14,192.18,193.72,191.86,1.867,0.908,0.959,62.28,200.62,191.25,181.88,0.098,6.18,96.42,91.05,1852117844,0.0201
2022-05-06,AAPL,203.64,205.32,200.32,200.59,200.59,50476454,191.78,189.43,192.24,194.78,192.5,2.276,1.182,1.095,59.82,201.97,191.78,181.59,0.1063,6.1,80.75,88.72,1801641390,-0.0088
2022-05-09,AAPL,200.12,205.5,197.5,203.46,203.46,69203056,192.56,189.74,192.34,196.11,193.31,2.8,1.505,1.295,62.4,203.76,192.56,181.36,0.1164,6.23,90.22,89.13,1870844446,0.0143
2022-05-10,AAPL,202.28,203.26,199.92,200.72,200.72,46208701,193.08,190.07,192.41,196.82,193.86,2.96,1.796,1.164,58.53,204.78,193.08,181.39,0.1211,6.04,75.87,82.28,1824635745,-0.0135
2022-05-11,AAPL,200.47,202.07,198.67,198.94,198.94,47480157,193.33,190.35,192.47,197.15,194.24,2.91,2.019,0.891,56.09,205.3,193.33,181.37,0.1238,5.85,66.89,77.66,1777155588,-0.0089
2022-05-12,AAPL,200.38,201.35,198.76,200.62,200.62,61980594,193.94,190.65,192.54,197.68,194.71,2.971,2.209,0.762,57.88,206.09,193.94,181.79,0.1253,5.62,75.37,72.71,1839136182,0.0084
2022-05-13,AAPL,199.88,203.8,197.88,201.7,201.7,51645893,194.74,191.01,192.58,198.3,195.23,3.072,2.382,0.69,59.03,206.73,194.74,182.75,0.1231,5.64,80.82,74.36,1890782075,0.0054
2022-05-16,AAPL,201.48,211.42,200.49,207.96,207.96,69620006,196.08,191.52,192.64,199.79,196.17,3.615,2.628,0.986,65.0,207.66,196.08,184.5,0.1181,6.02,86.55,80.91,1960402081,0.031
2022-05-17,AAPL,209.5,210.73,205.32,207.08,207.08,49946928,197.07,192.12,192.68,200.91,196.98,3.929,2.888,1.04,63.59,208.85,197.07,185.3,0.1195,5.98,83.13,83.5,1910455153,-0.0042
2022-05-18,AAPL,207.17,211.66,204.13,205.23,205.23,61875809,197.72,192.65,192.68,201.57,197.59,3.982,3.107,0.875,60.63,209.79,197.72,185.65,0.1221,6.09,75.24,81.64,1848579344,-0.0089
2022-05-19,AAPL,206.26,209.8,205.5,208.52,208.52,62473262,198.43,193.15,192.71,202.64,198.4,4.242,3.334,0.907,63.86,211.27,198.43,185.6,0.1293,5.98,87.35,81.91,1911052606,0.016
2022-05-20,AAPL,208.25,210.2,203.55,204.2,204.2,71575309,199.06,193.54,192.71,202.88,198.83,4.052,3.478,0.574,57.23,211.74,199.06,186.38,0.1274,6.03,68.59,77.06,1839477297,-0.0207
2022-05-23,AAPL,205.2,211.59,205.12,209.06,209.06,77686987,199.65,194.02,192.73,203.83,199.59,4.244,3.631,0.613,62.01,213.02,199.65,186.28,0.1339,6.12,84.71,80.21,1917164284,0.0238
2022-05-24,AAPL,210.35,212.01,201.33,202.86,202.86,69818343,200.16,194.44,192.72,203.68,199.83,3.852,3.675,0.177,53.76,213.2,200.16,187.12,0.1303,6.45,39.56,64.29,1847345941,-0.0297
2022-05-25,AAPL,202.67,208.59,199.3,205.96,205.96,48936274,201.0,194.93,192.74,204.03,200.28,3.749,3.69,0.059,56.85,213.23,201.0,188.78,0.1217,6.65,58.3,60.86,1896282215,0.0153
2022-05-26,AAPL,205.41,206.19,198.13,202.63,202.63,72442354,201.67,195.26,192.73,203.82,200.46,3.359,3.624,-0.265,52.77,212.65,201.67,190.7,0.1089,6.75,35.35,44.41,1823839861,-0.0162
2022-05-27,AAPL,204.43,207.98,200.49,205.98,205.98,69759888,202.46,195.58,192.74,204.15,200.87,3.283,3.556,-0.273,56.17,212.24,202.46,192.68,0.0966,6.81,57.32,50.33,1893599749,0.0165
2022-05-30,AAPL,206.68,211.36,201.27,203.21,203.21,75798080,203.24,195.95,192.73,204.01,201.04,2.965,3.437,-0.473,52.78,210.29,203.24,196.18,0.0694,7.04,37.72,43.47,1817801669,-0.0134
2022-05-31,AAPL,203.11,204.66,202.73,203.81,203.81,65566311,203.66,196.31,192.74,203.98,201.25,2.729,3.296,-0.566,53.44,209.69,203.66,197.64,0.0591,6.68,41.97,45.67,1883367980,0.003
2022-06-01,AAPL,206.68,208.92,201.38,201.99,201.99,81522052,203.84,196.52,192.75,203.67,201.3,2.369,3.11,-0.742,51.12,209.42,203.84,198.27,0.0547,6.74,29.09,36.26,1801845928,-0.0089
2022-06-02,AAPL,201.11,204.76,200.23,204.42,204.42,51430599,203.95,196.74,192.77,203.79,201.53,2.253,2.939,-0.686,53.99,209.49,203.95,198.41,0.0543,6.58,45.32,38.79,1853276527,0.012
2022-06-03,AAPL,204.61,205.86,199.34,202.26,202.26,66764791,204.03,196.88,192.77,203.55,201.59,1.965,2.744,-0.779,51.12,209.41,204.03,198.65,0.0528,6.58,29.76,34.72,1786511736,-0.0106
2022-06-06,AAPL,201.58,203.3,194.23,197.56,197.56,77719917,203.74,196.87,192.73,202.63,201.29,1.341,2.464,-1.122,45.45,209.81,203.74,197.66,0.0597,6.75,18.73,31.27,1708791819,-0.0232
2022-06-07,AAPL,196.55,202.02,195.09,199.58,199.58,51194147,203.68,196.95,192.68,202.16,201.16,0.999,2.171,-1.172,48.11,209.89,203.68,197.47,0.061,6.77,30.09,26.19,1759985966,0.0102
2022-06-08,AAPL,200.23,201.64,198.74,201.62,201.62,45143326,203.81,197.1,192.64,202.08,201.2,0.882,1.913,-1.031,50.73,209.72,203.81,197.91,0.0579,6.49,41.56,30.13,1805129292,0.0102
2022-06-09,AAPL,199.22,203.05,196.32,202.05,202.05,44672321,203.88,197.37,192.63,202.07,201.26,0.814,1.693,-0.879,51.28,209.66,203.88,198.1,0.0567,6.51,43.98,38.55,1849801613,0.0021
2022-06-10,AAPL,200.83,201.72,199.1,199.47,199.47,47253383,203.77,197.51,192.62,201.67,201.13,0.546,1.464,-0.917,47.79,209.8,203.77,197.75,0.0591,6.25,29.47,38.34,1802548230,-0.0128
2022-06-13,AAPL,200.1,202.47,194.77,196.57,196.57,57192398,203.2,197.63,192.59,200.89,200.79,0.099,1.191,-1.092,44.15,209.67,203.2,196.73,0.0637,6.36,13.66,29.04,1745355832,-0.0145
2022-06-14,AAPL,197.98,202.71,195.46,201.97,201.97,56515450,202.95,197.81,192.59,201.05,200.88,0.178,0.988,-0.81,51.55,209.19,202.95,196.71,0.0615,6.42,45.18,29.44,1801871282,0.0275
2022-06-15,AAPL,202.38,203.47,199.73,203.43,203.43,49248959,202.86,198.01,192.62,201.42,201.07,0.354,0.861,-0.507,53.35,209.01,202.86,196.7,0.0607,6.23,53.71,37.52,1851120241,0.0072
2022-06-16,AAPL,203.09,205.89,199.48,200.14,200.14,51449395,202.44,198.17,192.64,201.22,201.0,0.226,0.734,-0.508,48.94,208.12,202.44,196.76,0.0561,6.24,34.5,44.46,1799670846,-0.0162
2022-06-17,AAPL,201.75,202.31,199.86,200.43,200.43,51461490,202.25,198.38,192.65,201.1,200.95,0.146,0.617,-0.471,49.34,207.93,202.25,196.57,0.0562,5.97,42.21,43.47,1851132336,0.0014
2022-06-20,AAPL,200.06,200.88,199.79,200.25,200.25,49611547,201.81,198.63,192.68,200.97,200.9,0.067,0.507,-0.439,49.08,206.61,201.81,197.01,0.0476,5.62,40.98,39.23,1801520789,-0.0009
2022-06-21,AAPL,200.21,201.22,194.9,196.26,196.26,65637186,201.48,198.75,192.73,200.25,200.56,-0.313,0.343,-0.656,43.68,206.82,201.48,196.14,0.053,5.67,17.41,33.53,1735883603,-0.0199
2022-06-22,AAPL,196.69,198.74,196.28,198.02,198.02,53690877,201.08,198.83,192.8,199.9,200.37,-0.468,0.181,-0.648,46.48,206.21,201.08,195.95,0.051,5.44,32.5,30.3,1789574480,0.009
2022-06-23,AAPL,197.05,201.56,196.88,199.45,199.45,44292099,200.92,199.05,192.89,199.83,200.3,-0.469,0.051,-0.52,48.71,206.05,200.92,195.8,0.051,5.39,44.77,31.56,1833866579,0.0072
2022-06-24,AAPL,199.86,200.18,192.15,193.99,193.99,83627712,200.32,199.21,192.96,198.93,199.83,-0.901,-0.14,-0.761,41.58,205.74,200.32,194.91,0.0541,5.58,13.39,30.22,1750238867,-0.0274
2022-06-27,AAPL,192.77,195.68,192.29,194.04,194.04,39414310,199.87,199.47,193.04,198.18,199.41,-1.224,-0.357,-0.868,41.67,205.76,199.87,193.97,0.059,5.42,13.76,23.97,1789653177,0.0003
2022-06-28,AAPL,193.96,205.51,192.13,201.43,201.43,67161904,199.75,199.76,193.14,198.68,199.56,-0.874,-0.46,-0.414,52.55,205.41,199.75,194.09,0.0567,5.99,67.59,31.58,1856815081,0.0381
2022-06-29,AAPL,202.32,202.86,191.73,196.93,196.93,75818143,199.49,199.85,193.21,198.41,199.36,-0.949,-0.558,-0.391,46.82,205.18,199.49,193.81,0.057,6.36,36.72,39.36,1780996938,-0.0223
2022-06-30,AAPL,198.36,201.2,185.92,188.38,188.38,105348033,198.69,199.73,193.21,196.87,198.55,-1.679,-0.782,-0.897,38.28,205.74,198.69,191.65,0.0709,6.99,12.32,38.88,1675648905,-0.0434
2022-07-01,AAPL,189.34,190.53,183.38,185.26,185.26,71488598,197.84,199.6,193.21,195.08,197.56,-2.481,-1.122,-1.359,35.72,206.8,197.84,188.88,0.0906,7.01,8.35,19.13,1604160307,-0.0166
2022-07-04,AAPL,185.72,187.84,183.8,184.3,184.3,61298830,197.18,199.35,193.2,193.42,196.58,-3.157,-1.529,-1.628,34.95,207.91,197.18,186.45,0.1089,6.79,4.09,8.25,1542861477,-0.0052
2022-07-05,AAPL,184.37,185.92,184.16,184.45,184.45,53071805,196.42,199.18,193.19,192.04,195.68,-3.639,-1.951,-1.688,35.19,208.43,196.42,184.42,0.1222,6.43,4.75,5.73,1595933282,0.0008
2022-07-06,AAPL,184.14,184.74,179.87,181.05,181.05,57534084,195.39,199.02,193.18,190.35,194.6,-4.247,-2.41,-1.836,32.32,208.88,195.39,181.91,0.138,6.32,4.6,4.48,1538399198,-0.0184
2022-07-07,AAPL,183.07,183.2,179.21,180.05,180.05,71850828,194.29,198.84,193.15,188.77,193.52,-4.754,-2.879,-1.875,31.51,208.96,194.29,179.63,0.151,6.16,3.19,4.18,1466548370,-0.0055
2022-07-08,AAPL,180.76,180.99,175.64,175.84,175.84,62487177,193.11,198.55,193.12,186.78,192.21,-5.433,-3.39,-2.043,28.28,209.61,193.11,176.61,0.1709,6.1,0.67,2.82,1404061193,-0.0234
2022-07-11,AAPL,175.97,178.67,174.46,176.51,176.51,35762945,192.11,198.32,193.06,185.2,191.05,-5.85,-3.882,-1.968,29.52,210.03,192.11,174.19,0.1865,5.96,6.6,3.49,1439824138,0.0038
2022-07-12,AAPL,175.65,176.52,174.47,176.4,176.4,62578848,190.83,197.95,193.0,183.84,189.96,-6.118,-4.329,-1.789,29.43,209.39,190.83,172.27,0.1945,5.68,6.25,4.51,1377245290,-0.0006
2022-07-13,AAPL,176.75,180.38,173.73,179.6,179.6,69049492,189.64,197.57,192.97,183.19,189.2,-6.004,-4.664,-1.34,35.56,207.86,189.64,171.41,0.1922,5.75,18.47,10.44,1446294782,0.0181
2022-07-14,AAPL,180.66,181.37,176.71,178.03,178.03,54077519,188.53,197.09,192.92,182.4,188.37,-5.971,-4.925,-1.045,34.0,206.76,188.53,170.31,0.1933,5.67,13.53,12.75,1392217263,-0.0087
2022-07-15,AAPL,179.02,180.96,177.59,180.69,180.69,41828081,187.55,196.69,192.86,182.13,187.8,-5.665,-5.073,-0.591,38.9,205.22,187.55,169.87,0.1885,5.51,21.9,17.97,1434045344,0.0149
2022-07-18,AAPL,180.12,188.51,178.84,186.37,186.37,76190296,186.85,196.35,192.84,182.79,187.69,-4.907,-5.04,0.133,47.8,203.54,186.85,170.17,0.1786,5.81,43.39,26.27,1510235640,0.0314
2022-07-19,AAPL,186.44,188.93,177.51,178.43,178.43,94919276,185.96,195.9,192.79,182.12,187.01,-4.891,-5.01,0.119,39.2,202.44,185.96,169.48,0.1773,6.21,17.11,27.47,1415316364,-0.0426
2022-07-20,AAPL,179.24,180.23,175.89,177.22,177.22,65378927,184.92,195.47,192.73,181.36,186.28,-4.919,-4.992,0.073,38.08,200.84,184.92,169.0,0.1722,6.07,20.77,27.09,1349937437,-0.0068
2022-07-21,AAPL,177.5,178.33,169.35,171.81,171.81,85716200,183.54,194.89,192.65,179.89,185.21,-5.317,-5.057,-0.26,33.46,198.97,183.54,168.11,0.1681,6.28,12.56,16.82,1264221237,-0.0305
2022-07-22,AAPL,171.27,176.97,170.85,174.87,174.87,54659552,182.58,194.35,192.58,179.12,184.44,-5.324,-5.11,-0.214,38.04,197.67,182.58,167.5,0.1653,6.27,28.19,20.51,1318880789,0.0178
2022-07-25,AAPL,175.44,177.74,171.94,174.97,174.97,60594643,181.63,193.69,192.51,178.48,183.74,-5.261,-5.14,-0.12,38.19,196.1,181.63,167.16,0.1593,6.24,28.7,23.15,1379475432,0.0006
2022-07-26,AAPL,175.71,179.23,174.47,178.73,178.73,68213957,180.49,193.13,192.46,178.52,183.37,-4.851,-5.083,0.231,43.7,191.78,180.49,169.21,0.1251,6.13,47.91,34.93,1447689389,0.0215
2022-07-27,AAPL,177.68,178.78,171.47,174.09,174.09,72489075,179.35,192.5,192.39,177.84,182.68,-4.845,-5.035,0.19,39.07,188.09,179.35,170.61,0.0975,6.22,24.21,33.61,1375200314,-0.026
2022-07-28,AAPL,173.75,174.77,170.04,171.12,171.12,75237210,178.49,191.75,192.31,176.8,181.83,-5.022,-5.033,0.01,36.41,186.89,178.49,170.08,0.0942,6.11,9.04,27.05,1299963104,-0.0171
2022-07-29,AAPL,171.31,178.36,171.12,177.53,177.53,95664991,178.1,191.22,192.26,176.92,181.51,-4.592,-4.945,0.352,45.09,185.92,178.1,170.29,0.0878,6.19,41.78,25.01,1395628095,0.0375
2022-08-01,AAPL,177.61,178.53,174.72,175.41,175.41,71475833,177.66,190.55,192.18,176.68,181.06,-4.372,-4.83,0.458,43.0,185.01,177.66,170.31,0.0828,6.02,30.95,27.26,1324152262,-0.0119
2022-08-02,AAPL,174.95,176.46,169.42,170.8,170.8,64152570,176.98,189.91,192.07,175.78,180.3,-4.518,-4.768,0.25,38.79,184.21,176.98,169.74,0.0818,6.09,7.41,26.71,1259999692,-0.0263
2022-08-03,AAPL,171.78,172.53,170.52,170.54,170.54,68923288,176.45,189.2,191.97,174.97,179.57,-4.601,-4.734,0.133,38.56,183.95,176.45,168.95,0.085,5.8,6.08,14.81,1191076404,-0.0015
2022-08-04,AAPL,170.84,172.19,164.6,165.38,165.38,73262598,175.72,188.45,191.86,173.5,178.52,-5.026,-4.793,-0.233,34.23,184.43,175.72,167.0,0.0992,5.93,3.21,5.56,1117813806,-0.0303
2022-08-05,AAPL,165.17,165.92,162.65,163.62,163.62,69362216,175.11,187.61,191.73,171.98,177.42,-5.441,-4.922,-0.519,32.88,185.29,175.11,164.92,0.1163,5.74,3.69,4.32,1048451590,-0.0106
2022-08-08,AAPL,163.23,164.04,160.06,161.19,161.19,54732770,174.34,186.77,191.59,170.32,176.22,-5.899,-5.118,-0.781,31.05,186.16,174.34,162.52,0.1356,5.61,5.6,4.17,993718820,-0.0149
2022-08-09,AAPL,160.4,164.0,158.47,162.66,162.66,52296549,173.65,185.94,191.45,169.14,175.21,-6.073,-5.309,-0.764,33.46,186.47,173.65,160.83,0.1476,5.61,20.18,9.83,1046015369,0.0091
2022-08-10,AAPL,160.83,166.73,159.44,165.57,165.57,63294847,172.95,185.21,191.33,168.59,174.5,-5.908,-5.429,-0.479,38.07,185.93,172.95,159.98,0.15,5.73,34.2,20.0,1109310216,0.0179
2022-08-11,AAPL,165.1,166.31,163.3,165.96,165.96,65088429,172.35,184.45,191.2,168.19,173.87,-5.68,-5.479,-0.201,38.69,185.44,172.35,159.25,0.152,5.53,36.08,30.15,1174398645,0.0024
2022-08-12,AAPL,165.67,166.06,162.09,162.24,162.24,76797088,171.43,183.65,191.06,167.27,173.0,-5.734,-5.53,-0.204,35.11,184.64,171.43,158.21,0.1542,5.42,18.16,29.48,1097601557,-0.0224
2022-08-15,AAPL,161.85,165.95,160.25,165.8,165.8,80045729,170.4,183.01,190.93,167.04,172.47,-5.426,-5.509,0.083,40.75,181.89,170.4,158.91,0.1349,5.44,36.09,30.11,1177647286,0.0219
2022-08-16,AAPL,167.04,168.94,166.11,166.22,166.22,47685429,169.79,182.34,190.8,166.92,172.01,-5.09,-5.425,0.335,41.4,180.79,169.79,158.78,0.1296,5.28,38.63,30.96,1225332715,0.0025
2022-08-17,AAPL,165.42,166.78,162.04,163.24,163.24,58744748,169.09,181.58,190.65,166.35,171.36,-5.006,-5.342,0.335,38.21,179.89,169.09,158.29,0.1278,5.24,23.78,32.83,1166587967,-0.0179
2022-08-18,AAPL,163.28,168.43,163.14,166.47,166.47,57748852,168.82,180.86,190.5,166.37,171.0,-4.626,-5.198,0.572,43.31,179.6,168.82,158.04,0.1278,5.24,39.88,34.1,1224336819,0.0198
2022-08-19,AAPL,166.45,167.81,164.25,166.89,166.89,59245808,168.42,180.21,190.31,166.45,170.69,-4.242,-5.007,0.765,43.96,178.87,168.42,157.98,0.124,5.12,46.8,36.82,1283582627,0.0025
2022-08-22,AAPL,166.68,168.63,166.17,167.87,167.87,43978372,168.07,179.64,190.13,166.67,170.48,-3.815,-4.769,0.954,45.52,178.07,168.07,158.06,0.119,4.93,66.86,51.18,1327560999,0.0059
2022-08-23,AAPL,167.63,167.8,161.35,162.92,162.92,68545791,167.28,178.86,189.94,166.09,169.92,-3.831,-4.581,0.75,39.52,176.23,167.28,158.32,0.107,5.05,32.43,48.7,1259015208,-0.0295
2022-08-24,AAPL,163.48,164.6,159.97,160.04,160.04,72007055,166.57,177.99,189.74,165.16,169.19,-4.03,-4.471,0.441,36.51,175.48,166.57,157.67,0.1069,5.02,15.0,38.1,1187008153,-0.0177
2022-08-25,AAPL,159.12,163.75,157.12,162.1,162.1,51277686,166.12,177.23,189.56,164.69,168.67,-3.976,-4.372,0.396,40.03,174.98,166.12,157.27,0.1066,5.13,42.13,29.85,1238285839,0.0129
2022-08-26,AAPL,162.78,162.98,159.54,159.62,159.62,54367731,165.23,176.41,189.35,163.91,168.0,-4.086,-4.315,0.229,37.34,172.82,165.23,157.64,0.0919,5.01,21.15,26.09,1183918108,-0.0153
2022-08-29,AAPL,159.62,160.04,154.9,156.79,156.79,74445326,164.3,175.54,189.14,162.81,167.17,-4.351,-4.322,-0.029,34.5,171.2,164.3,157.39,0.084,5.02,13.46,25.58,1109472782,-0.0177
2022-08-30,AAPL,157.31,160.25,157.04,159.23,159.23,69831717,163.72,174.8,188.96,162.26,166.58,-4.315,-4.32,0.006,38.83,170.27,163.72,157.16,0.0801,4.91,30.84,21.82,1179304499,0.0156
2022-08-31,AAPL,158.67,161.92,158.5,161.33,161.33,75760417,163.26,174.07,188.77,162.12,166.19,-4.069,-4.27,0.201,42.36,169.08,163.26,157.43,0.0714,4.8,45.8,30.03,1255064916,0.0132
2022-09-01,AAPL,160.74,167.45,160.02,163.91,163.91,59123488,163.18,173.36,188.6,162.4,166.02,-3.625,-4.141,0.516,46.45,168.94,163.18,157.43,0.0705,4.99,64.17,46.94,1314188404,0.016
2022-09-02,AAPL,163.66,167.22,161.18,167.19,167.19,63445154,163.36,172.82,188.44,163.13,166.11,-2.974,-3.908,0.934,51.19,169.38,163.36,157.35,0.0736,5.06,87.54,65.84,1377633558,0.02
2022-09-05,AAPL,167.41,168.66,164.36,168.48,168.48,49514180,163.73,172.31,188.27,163.96,166.28,-2.327,-3.592,1.264,52.95,170.05,163.73,157.41,0.0772,5.01,98.69,83.47,1427147738,0.0077
2022-09-06,AAPL,168.04,170.32,167.15,170.28,170.28,74664929,164.11,171.69,188.08,164.93,166.58,-1.65,-3.203,1.553,55.37,171.01,164.11,157.2,0.0842,4.88,99.74,95.32,1501812667,0.0107
2022-09-07,AAPL,169.33,170.18,169.25,169.64,169.64,46907154,164.31,171.14,187.89,165.65,166.81,-1.152,-2.793,1.641,54.3,171.61,164.31,157.01,0.0888,4.6,95.59,98.01,1454905513,-0.0038
2022-09-08,AAPL,169.01,171.31,165.0,170.83,170.83,53665843,164.55,170.79,187.69,166.45,167.1,-0.654,-2.365,1.711,56.01,172.36,164.55,156.75,0.0949,4.73,97.07,97.47,1508571356,0.007
2022-09-09,AAPL,170.63,171.55,165.55,170.8,170.8,47853707,164.98,170.5,187.49,167.12,167.38,-0.258,-1.944,1.686,55.95,173.17,164.98,156.8,0.0992,4.82,95.5,96.05,1460717649,-0.0002
2022-09-12,AAPL,172.33,174.61,165.65,166.65,166.65,81975843,165.03,170.15,187.28,167.05,167.32,-0.277,-1.611,1.334,48.63,173.23,165.03,156.82,0.0995,5.11,59.61,84.06,1378741806,-0.0243
2022-09-13,AAPL,167.22,170.47,164.8,169.7,169.7,47426814,165.2,169.85,187.06,167.45,167.5,-0.045,-1.297,1.253,53.45,173.64,165.2,156.75,0.1023,5.15,75.09,76.73,1426168620,0.0183
2022-09-14,AAPL,170.76,173.8,168.76,171.99,171.99,47967590,165.64,169.67,186.84,168.15,167.83,0.32,-0.974,1.294,56.73,174.53,165.64,156.75,0.1073,5.14,86.71,73.8,1474136210,0.0135
2022-09-15,AAPL,172.05,172.64,170.59,172.08,172.08,40161884,165.92,169.51,186.65,168.76,168.15,0.61,-0.657,1.267,56.86,175.24,165.92,156.6,0.1124,4.92,87.16,82.99,1514298094,0.0005
2022-09-16,AAPL,172.47,175.14,171.81,173.13,173.13,47809357,166.23,169.46,186.49,169.43,168.52,0.914,-0.343,1.257,58.42,176.06,166.23,156.4,0.1183,4.81,88.9,87.59,1562107451,0.0061
2022-09-19,AAPL,173.26,177.44,172.02,175.55,175.55,53587633,166.61,169.44,186.36,170.37,169.04,1.334,-0.007,1.342,61.83,177.24,166.61,155.99,0.1276,4.85,90.02,88.69,1615695084,0.014
2022-09-20,AAPL,176.01,176.55,173.19,173.65,173.65,71950134,167.15,169.38,186.22,170.88,169.38,1.497,0.293,1.204,57.82,178.06,167.15,156.24,0.1305,4.75,78.24,85.72,1543744950,-0.0108
2022-09-21,AAPL,172.36,180.81,171.91,179.87,179.87,82711466,168.14,169.39,186.1,172.26,170.16,2.104,0.655,1.448,65.68,179.86,168.14,156.42,0.1394,5.04,95.21,87.83,1626456416,0.0358
2022-09-22,AAPL,180.43,181.91,180.4,181.28,181.28,49467578,169.1,169.46,185.97,173.65,170.98,2.667,1.058,1.61,67.17,181.78,169.1,156.42,0.15,4.83,96.41,89.96,1675923994,0.0078
2022-09-23,AAPL,181.76,182.94,177.59,178.2,178.2,56914183,170.03,169.41,185.85,174.35,171.51,2.833,1.413,1.42,60.93,182.52,170.03,157.54,0.1469,4.87,73.87,88.5,1619009811,-0.017
2022-09-26,AAPL,177.38,177.65,174.58,175.34,175.34,51468003,170.96,169.18,185.74,174.5,171.8,2.702,1.671,1.032,55.76,182.05,170.96,159.86,0.1298,4.78,58.1,76.13,1567541808,-0.016
2022-09-27,AAPL,175.1,179.82,173.02,177.58,177.58,54640385,171.87,169.17,185.64,174.97,172.23,2.748,1.886,0.862,58.72,181.93,171.87,161.82,0.117,4.92,70.45,67.48,1622182193,0.0128
2022-09-28,AAPL,178.93,181.88,171.27,174.78,174.78,56673750,172.55,169.12,185.53,174.94,172.42,2.529,2.015,0.514,53.87,181.42,172.55,163.68,0.1028,5.33,55.02,61.19,1565508443,-0.0158
2022-09-29,AAPL,176.62,177.07,170.35,171.72,171.72,86856223,172.94,169.12,185.42,174.45,172.36,2.084,2.029,0.056,49.1,180.89,172.94,164.98,0.092,5.43,38.15,54.54,1478652220,-0.0175
2022-09-30,AAPL,171.58,174.47,169.78,173.81,173.81,61307974,173.27,169.1,185.34,174.35,172.47,1.879,1.999,-0.12,52.21,180.78,173.27,165.76,0.0867,5.37,49.67,47.61,1539960194,0.0122
2022-10-03,AAPL,174.62,175.3,172.27,173.79,173.79,39357417,173.53,169.07,185.24,174.26,172.57,1.695,1.938,-0.243,52.18,180.72,173.53,166.35,0.0828,5.21,35.47,41.1,1500602777,-0.0001
2022-10-04,AAPL,173.35,175.77,169.51,170.21,170.21,65128954,173.53,168.9,185.15,173.64,172.39,1.246,1.8,-0.553,46.53,180.72,173.53,166.34,0.0828,5.28,5.21,30.12,1435473823,-0.0206
2022-10-05,AAPL,169.95,173.43,168.26,172.97,172.97,56670291,173.7,168.88,185.06,173.54,172.44,1.1,1.66,-0.559,50.94,180.67,173.7,166.73,0.0803,5.27,32.08,24.26,1492144114,0.0162
2022-10-06,AAPL,171.53,172.01,169.41,171.02,171.02,49890906,173.71,168.88,184.99,173.15,172.33,0.818,1.491,-0.673,47.93,180.66,173.71,166.75,0.0801,5.15,18.8,18.7,1442253208,-0.0113
2022-10-07,AAPL,170.57,171.98,167.35,169.52,169.52,61911299,173.64,168.72,184.9,172.59,172.12,0.468,1.287,-0.819,45.69,180.73,173.64,166.56,0.0816,5.11,13.92,21.6,1380341909,-0.0088
2022-10-10,AAPL,170.63,178.5,170.42,176.79,176.79,79947488,174.15,168.74,184.88,173.24,172.47,0.768,1.183,-0.415,56.33,180.58,174.15,167.72,0.0739,5.39,60.55,31.09,1460289397,0.0429
2022-10-11,AAPL,176.17,183.4,175.36,180.45,180.45,64720583,174.69,168.94,184.86,174.35,173.06,1.287,1.204,0.083,60.52,181.33,174.69,168.04,0.0761,5.58,81.62,52.03,1525009980,0.0207
2022-10-12,AAPL,179.8,183.62,179.24,183.14,183.14,72467199,175.24,169.19,184.85,175.7,173.81,1.893,1.342,0.551,63.3,182.71,175.24,167.78,0.0852,5.49,97.05,79.74,1597477179,0.0149
2022-10-13,AAPL,182.45,182.77,181.07,181.49,181.49,67251506,175.71,169.51,184.82,176.59,174.38,2.214,1.516,0.698,60.48,183.51,175.71,167.92,0.0887,5.25,86.91,88.53,1530225673,-0.009
2022-10-14,AAPL,180.7,180.77,175.56,180.05,180.05,48287649,176.06,169.84,184.77,177.12,174.8,2.326,1.678,0.648,58.05,183.98,176.06,168.15,0.0899,5.3,78.06,87.34,1481938024,-0.0079
2022-10-17,AAPL,180.09,184.24,179.95,182.13,182.13,59967246,176.39,170.26,184.73,177.89,175.34,2.554,1.853,0.7,60.52,184.73,176.39,168.05,0.0945,5.23,87.51,84.16,1541905270,0.0116
2022-10-18,AAPL,181.7,184.02,177.3,179.17,179.17,62569837,176.67,170.59,184.67,178.09,175.62,2.466,1.976,0.49,55.51,184.99,176.67,168.34,0.0942,5.33,69.98,78.52,1479335433,-0.0163
2022-10-19,AAPL,179.17,179.97,176.27,176.39,176.39,58538042,176.49,170.81,184.61,177.83,175.68,2.148,2.01,0.138,51.23,184.68,176.49,168.3,0.0928,5.22,53.52,70.34,1420797391,-0.0155
2022-10-20,AAPL,176.29,178.5,175.95,177.62,177.62,48093671,176.31,171.04,184.57,177.8,175.82,1.972,2.003,-0.03,52.96,184.22,176.31,168.39,0.0898,5.03,60.81,61.44,1468891062,0.007
2022-10-21,AAPL,177.78,179.71,175.42,175.62,175.62,56212776,176.18,171.31,184.54,177.46,175.81,1.653,1.933,-0.28,49.86,184.05,176.18,168.31,0.0894,4.97,48.96,54.43,1412678286,-0.0113
2022-10-24,AAPL,174.93,175.88,171.78,174.69,174.69,36357147,176.15,171.48,184.5,177.03,175.73,1.309,1.808,-0.499,48.44,184.04,176.15,168.26,0.0896,4.91,43.46,51.08,1376321139,-0.0053
2022-10-25,AAPL,173.7,177.37,172.81,176.92,176.92,79148691,176.11,171.7,184.45,177.02,175.81,1.203,1.687,-0.484,51.97,183.99,176.11,168.24,0.0894,4.89,56.66,49.69,1455469830,0.0128
2022-10-26,AAPL,177.44,178.61,175.02,176.86,176.86,64656312,176.22,171.97,184.39,176.99,175.89,1.101,1.57,-0.469,51.87,184.07,176.22,168.37,0.0891,4.79,56.31,52.14,1390813518,-0.0003
2022-10-27,AAPL,177.72,178.7,174.83,177.06,177.06,48432182,176.49,172.18,184.34,177.0,175.98,1.025,1.461,-0.436,52.21,184.07,176.49,168.9,0.0859,4.73,48.05,53.67,1439245700,0.0011
2022-10-28,AAPL,177.28,181.54,175.12,180.78,180.78,61556731,176.83,172.46,184.31,177.58,176.33,1.25,1.419,-0.168,58.13,184.53,176.83,169.14,0.0871,4.85,72.23,58.86,1500802431,0.021
2022-10-31,AAPL,180.22,180.26,176.97,180.12,180.12,33988871,177.15,172.71,184.26,177.97,176.61,1.36,1.407,-0.047,56.78,184.84,177.15,169.46,0.0868,4.77,66.93,62.4,1466813560,-0.0037
2022-11-01,AAPL,181.16,185.3,179.74,184.69,184.69,63438809,177.87,173.14,184.23,179.01,177.21,1.795,1.485,0.31,63.14,185.54,177.87,170.21,0.0862,4.83,95.49,78.22,1530252369,0.0254
2022-11-02,AAPL,186.45,188.97,183.68,184.12,184.12,61568730,178.43,173.62,184.2,179.79,177.72,2.07,1.602,0.468,61.91,186.21,178.43,170.65,0.0872,4.86,71.79,78.07,1468683639,-0.0031
2022-11-03,AAPL,183.36,185.32,178.26,181.01,181.01,62503430,178.93,174.0,184.17,179.98,177.97,2.014,1.684,0.329,55.59,185.99,178.93,171.87,0.079,5.02,53.69,73.66,1406180209,-0.0169
2022-11-04,AAPL,179.75,183.37,177.48,182.66,182.66,48739462,179.59,174.46,184.16,180.39,178.32,2.078,1.763,0.315,58.04,185.35,179.59,173.82,0.0642,5.08,63.29,62.92,1454919671,0.0091
2022-11-07,AAPL,182.99,183.92,181.94,183.54,183.54,56030107,179.93,175.0,184.12,180.88,178.7,2.175,1.845,0.33,59.33,185.79,179.93,174.07,0.0651,4.86,68.41,61.8,1510949778,0.0048
2022-11-08,AAPL,183.47,184.6,179.09,180.39,180.39,52490337,179.92,175.42,184.06,180.8,178.83,1.975,1.871,0.104,53.05,185.78,179.92,174.06,0.0651,4.91,50.09,60.6,1458459441,-0.0172
2022-11-09,AAPL,179.39,183.91,171.59,177.37,177.37,59101903,179.63,175.74,184.01,180.27,178.72,1.555,1.808,-0.253,47.82,185.4,179.63,173.87,0.0642,5.44,33.26,50.59,1399357538,-0.0167
2022-11-10,AAPL,177.4,178.14,174.03,175.72,175.72,41699752,179.35,175.98,183.97,179.57,178.5,1.077,1.662,-0.585,45.2,185.28,179.35,173.41,0.0662,5.34,23.76,35.7,1357657786,-0.0093
2022-11-11,AAPL,175.81,177.84,173.05,175.39,175.39,64030216,179.11,176.14,183.94,178.93,178.27,0.663,1.462,-0.799,44.67,185.28,179.11,172.94,0.0689,5.3,21.86,26.29,1293627570,-0.0019
2022-11-14,AAPL,175.36,176.05,170.46,172.03,172.03,75004772,178.61,176.21,183.89,177.87,177.81,0.064,1.182,-1.119,39.61,185.34,178.61,171.88,0.0753,5.32,8.48,18.04,1218622798,-0.0192
2022-11-15,AAPL,172.06,174.8,170.29,170.82,170.82,47173565,178.19,176.22,183.84,176.78,177.29,-0.503,0.845,-1.349,37.94,185.72,178.19,170.66,0.0845,5.26,2.84,11.06,1171449233,-0.007
2022-11-16,AAPL,171.83,172.72,168.65,170.22,170.22,63284733,177.88,176.23,183.77,175.77,176.76,-0.99,0.478,-1.468,37.11,186.15,177.88,169.62,0.0929,5.18,7.73,6.35,1108164500,-0.0035
2022-11-17,AAPL,169.2,171.11,168.67,170.5,170.5,62858189,177.53,176.23,183.7,174.96,176.3,-1.337,0.115,-1.452,37.79,186.4,177.53,168.65,0.0999,4.98,9.1,6.56,1171022689,0.0016
2022-11-18,AAPL,169.8,171.81,169.37,171.6,171.6,63675745,177.32,176.24,183.62,174.45,175.95,-1.506,-0.209,-1.297,40.54,186.53,177.32,168.11,0.1039,4.8,14.52,10.45,1234698434,0.0065
2022-11-21,AAPL,170.88,173.35,161.81,163.58,163.58,93609587,176.77,176.18,183.48,172.77,175.04,-2.262,-0.62,-1.642,30.1,187.72,176.77,165.82,0.1239,5.28,6.52,10.05,1141088847,-0.0467
2022-11-22,AAPL,166.45,167.85,160.14,160.59,160.59,88911652,175.95,176.0,183.34,170.9,173.97,-3.066,-1.109,-1.957,27.27,188.98,175.95,162.93,0.1481,5.46,1.79,7.61,1052177195,-0.0183
2022-11-23,AAPL,161.51,161.69,151.86,152.93,152.93,104860175,174.76,175.62,183.19,168.13,172.41,-4.272,-1.742,-2.531,21.67,191.18,174.76,158.33,0.188,5.77,3.27,3.86,947317020,-0.0477
2022-11-24,AAPL,152.57,153.07,148.96,150.95,150.95,46256885,173.45,175.2,183.0,165.49,170.82,-5.327,-2.459,-2.868,20.5,192.82,173.45,154.08,0.2234,5.65,5.58,3.55,901060135,-0.0129
2022-11-25,AAPL,151.33,152.11,150.84,151.97,151.97,46363411,172.01,174.77,182.81,163.41,169.42,-6.011,-3.169,-2.842,22.81,193.19,172.01,150.83,0.2462,5.34,8.45,5.77,947423546,0.0068
2022-11-28,AAPL,152.86,153.88,149.33,151.36,151.36,49456899,170.57,174.29,182.63,161.56,168.08,-6.527,-3.841,-2.686,22.39,193.21,170.57,147.94,0.2654,5.28,6.87,6.97,897966647,-0.004
2022-11-29,AAPL,152.79,154.99,150.62,150.82,150.82,46095889,168.88,173.83,182.46,159.91,166.8,-6.9,-4.453,-2.447,22.01,192.1,168.88,145.66,0.275,5.22,6.37,7.23,851870758,-0.0036
2022-11-30,AAPL,150.52,158.98,148.32,154.92,154.92,85100898,167.42,173.33,182.29,159.14,165.92,-6.786,-4.919,-1.867,31.65,190.29,167.42,144.55,0.2732,5.61,22.36,11.87,936971656,0.0272
2022-12-01,AAPL,155.99,158.38,153.63,158.38,158.38,71392705,166.29,172.88,182.14,159.02,165.37,-6.344,-5.204,-1.14,38.56,188.59,166.29,143.99,0.2682,5.54,36.28,21.67,1008364361,0.0223
2022-12-02,AAPL,157.24,160.64,157.11,158.64,158.64,47985003,165.09,172.48,182.0,158.96,164.87,-5.905,-5.344,-0.56,39.06,186.29,165.09,143.88,0.2569,5.4,38.97,32.54,1056349364,0.0016
2022-12-05,AAPL,159.07,161.17,153.95,156.25,156.25,50380172,163.72,172.1,181.84,158.55,164.23,-5.684,-5.412,-0.272,36.16,183.46,163.72,143.98,0.2411,5.53,31.68,35.64,1005969192,-0.0151
2022-12-06,AAPL,156.19,157.52,153.69,154.24,154.24,72651055,162.41,171.64,181.69,157.88,163.49,-5.606,-5.451,-0.155,33.88,180.99,162.41,143.83,0.2288,5.41,23.65,31.44,933318137,-0.0129
2022-12-07,AAPL,154.29,154.65,151.79,154.17,154.17,55227976,161.25,171.22,181.54,157.31,162.8,-5.487,-5.458,-0.029,33.8,178.82,161.25,143.68,0.2179,5.23,23.37,26.24,878090161,-0.0005
2022-12-08,AAPL,154.45,154.79,150.25,150.66,150.66,70432746,160.0,170.8,181.36,156.29,161.9,-5.611,-5.489,-0.122,29.98,176.82,160.0,143.18,0.2103,5.18,9.35,18.79,807657415,-0.0228
2022-12-09,AAPL,151.41,151.68,150.07,151.19,151.19,58926601,158.79,170.35,181.2,155.5,161.11,-5.602,-5.512,-0.091,31.24,174.45,158.79,143.13,0.1973,4.92,14.7,15.81,866584016,0.0035
2022-12-12,AAPL,152.0,153.54,148.88,149.55,149.55,56845326,157.67,169.87,181.04,154.59,160.25,-5.662,-5.542,-0.121,29.47,172.58,157.67,142.76,0.1891,4.9,9.2,11.08,809738690,-0.0108
2022-12-13,AAPL,149.34,151.37,147.8,149.26,149.26,46434261,156.59,169.45,180.9,153.77,159.44,-5.668,-5.567,-0.101,29.15,170.63,156.59,142.55,0.1794,4.81,10.92,11.61,763304429,-0.0019
2022-12-14,AAPL,150.26,152.7,150.24,152.65,152.65,75972097,155.71,169.04,180.77,153.6,158.93,-5.337,-5.521,0.184,37.55,168.36,155.71,143.06,0.1625,4.71,36.28,18.8,839276526,0.0227
2022-12-15,AAPL,153.72,155.23,152.14,153.78,153.78,36904385,154.87,168.7,180.62,153.62,158.55,-4.927,-5.402,0.475,40.1,165.56,154.87,144.19,0.138,4.6,44.73,30.64,876180911,0.0074
2022-12-16,AAPL,153.54,156.26,152.62,155.62,155.62,55395293,154.08,168.42,180.47,153.93,158.33,-4.403,-5.202,0.799,44.11,161.55,154.08,146.6,0.097,4.53,58.49,46.5,931576204,0.012
2022-12-19,AAPL,155.36,157.93,154.59,156.9,156.9,62454543,153.74,168.02,180.33,154.39,158.23,-3.84,-4.93,1.09,46.77,159.98,153.74,147.5,0.0812,4.44,68.06,57.09,994030747,0.0082
2022-12-20,AAPL,158.0,158.02,157.26,157.33,157.33,50351792,153.58,167.56,180.21,154.84,158.16,-3.321,-4.608,1.287,47.67,159.24,153.58,147.92,0.0737,4.2,71.28,65.94,1044382539,0.0027
2022-12-21,AAPL,157.73,158.69,157.54,158.6,158.6,58386831,153.86,167.07,180.1,155.42,158.19,-2.775,-4.242,1.466,50.35,159.92,153.86,147.81,0.0787,4.0,80.78,73.37,1102769370,0.0081
2022-12-22,AAPL,156.53,162.49,156.15,161.76,161.76,63788682,154.4,166.67,179.97,156.39,158.46,-2.064,-3.806,1.742,56.34,161.2,154.4,147.6,0.0881,4.17,95.03,82.36,1166558052,0.0199
2022-12-23,AAPL,162.6,163.68,157.92,158.72,158.72,80746428,154.74,166.24,179.82,156.75,158.48,-1.725,-3.39,1.665,50.08,161.69,154.74,147.79,0.0899,4.28,68.77,81.52,1085811624,-0.0188
2022-12-26,AAPL,159.71,161.66,158.89,161.65,161.65,73682856,155.25,165.84,179.7,157.51,158.71,-1.207,-2.953,1.746,55.24,162.64,155.25,147.87,0.0952,4.19,87.22,83.67,1159494480,0.0185
2022-12-27,AAPL,162.39,165.99,162.27,163.72,163.72,52703424,155.9,165.53,179.59,158.46,159.08,-0.622,-2.487,1.865,58.5,163.86,155.9,147.94,0.1021,4.2,87.52,81.17,1212197904,0.0128
2022-12-28,AAPL,162.63,164.11,161.32,163.18,163.18,56150904,156.31,165.26,179.45,159.19,159.39,-0.199,-2.029,1.83,57.33,164.86,156.31,147.77,0.1093,4.1,84.55,86.43,1156047000,-0.0033
2022-12-29,AAPL,162.92,166.1,161.38,163.98,163.98,55939181,156.59,164.99,179.3,159.93,159.73,0.198,-1.584,1.782,58.65,165.74,156.59,147.45,0.1168,4.14,88.42,86.83,1211986181,0.0049
2022-12-30,AAPL,165.33,165.67,158.28,159.05,159.05,74397161,156.61,164.66,179.12,159.79,159.68,0.113,-1.245,1.358,48.64,165.78,156.61,147.45,0.117,4.37,61.48,78.15,1137589020,-0.0301
2023-01-02,AAPL,159.54,163.67,158.31,161.95,161.95,69638708,156.9,164.4,178.94,160.12,159.85,0.277,-0.94,1.217,53.65,166.35,156.9,147.45,0.1205,4.44,73.83,74.57,1207227728,0.0182
2023-01-03,AAPL,160.55,161.26,159.14,160.23,160.23,49575368,157.2,164.07,178.76,160.14,159.87,0.265,-0.699,0.964,50.5,166.67,157.2,147.72,0.1206,4.33,57.95,64.42,1157652360,-0.0106
2023-01-04,AAPL,160.16,160.3,155.62,156.1,156.1,82548886,157.29,163.65,178.58,159.52,159.59,-0.077,-0.575,0.498,43.85,166.68,157.29,147.91,0.1194,4.35,25.82,52.53,1075103474,-0.0258
2023-01-05,AAPL,155.86,160.39,154.71,159.03,159.03,68509077,157.71,163.29,178.43,159.44,159.55,-0.11,-0.482,0.372,48.98,166.61,157.71,148.81,0.1129,4.45,38.58,40.78,1143612551,0.0188
2023-01-06,AAPL,158.66,162.19,151.97,152.25,152.25,72000365,157.77,162.72,178.23,158.34,159.01,-0.676,-0.52,-0.155,39.89,166.52,157.77,149.01,0.111,4.86,1.98,22.12,1071612186,-0.0426
2023-01-09,AAPL,151.52,155.9,149.87,154.41,154.41,72669614,158.01,162.21,178.05,157.73,158.67,-0.939,-0.604,-0.335,43.49,166.08,158.01,149.93,0.1022,4.94,27.97,22.84,1144281800,0.0142
2023-01-10,AAPL,154.05,159.18,153.99,158.61,158.61,66425720,158.48,161.69,177.87,157.87,158.67,-0.799,-0.643,-0.156,49.79,165.48,158.48,151.47,0.0884,4.96,53.85,27.94,1210707520,0.0272
2023-01-11,AAPL,158.68,160.08,156.92,159.63,159.63,56686435,158.83,161.2,177.7,158.14,158.74,-0.599,-0.634,0.035,51.21,165.31,158.83,152.34,0.0817,4.83,60.14,47.32,1267393955,0.0064
2023-01-12,AAPL,159.63,159.81,156.54,157.14,157.14,62432373,158.99,160.72,177.53,157.98,158.62,-0.635,-0.634,-0.0,47.66,165.11,158.99,152.87,0.077,4.72,44.79,52.93,1204961582,-0.0156
2023-01-13,AAPL,156.73,157.39,154.12,155.78,155.78,43367769,159.0,160.18,177.36,157.65,158.41,-0.763,-0.66,-0.103,45.79,165.1,159.0,152.9,0.0768,4.62,36.41,47.11,1161593813,-0.0087
2023-01-16,AAPL,154.91,158.7,153.58,157.05,157.05,70182426,159.01,159.65,177.21,157.55,158.31,-0.754,-0.679,-0.075,47.85,165.1,159.01,152.91,0.0766,4.65,44.24,41.82,1231776239,0.0082
2023-01-17,AAPL,156.79,157.6,154.48,156.83,156.83,58352750,158.98,159.18,177.04,157.44,158.2,-0.756,-0.695,-0.062,47.51,165.11,158.98,152.86,0.0771,4.54,42.88,41.18,1173423489,-0.0014
2023-01-18,AAPL,156.94,159.52,156.28,158.0,158.0,56731876,158.95,158.79,176.86,157.53,158.18,-0.656,-0.687,0.031,49.54,165.09,158.95,152.82,0.0772,4.45,51.46,46.19,1230155365,0.0075
2023-01-19,AAPL,159.16,159.2,155.9,156.66,156.66,67920687,158.7,158.41,176.7,157.39,158.07,-0.676,-0.685,0.008,47.29,164.77,158.7,152.62,0.0765,4.37,49.2,47.85,1162234678,-0.0085
2023-01-20,AAPL,156.23,158.14,155.7,156.39,156.39,57087548,158.58,158.03,176.55,157.24,157.95,-0.707,-0.689,-0.017,46.82,164.74,158.58,152.43,0.0776,4.23,52.92,51.19,1105147130,-0.0017
2023-01-23,AAPL,155.95,158.13,154.08,156.31,156.31,42054796,158.31,157.72,176.43,157.1,157.83,-0.728,-0.697,-0.031,46.68,164.38,158.31,152.25,0.0766,4.22,52.27,51.47,1063092334,-0.0005
2023-01-24,AAPL,155.46,162.49,154.97,159.75,159.75,64889524,158.12,157.5,176.29,157.51,157.97,-0.463,-0.65,0.187,53.39,163.7,158.12,152.53,0.0706,4.45,78.29,61.16,1127981858,0.022
2023-01-25,AAPL,160.22,164.23,159.94,163.67,163.67,65190547,158.14,157.37,176.15,158.45,158.39,0.063,-0.507,0.571,59.63,163.82,158.14,152.46,0.0718,4.46,96.1,75.55,1193172405,0.0245
2023-01-26,AAPL,164.38,165.76,161.31,161.92,161.92,53034408,158.04,157.19,175.99,158.99,158.65,0.335,-0.339,0.674,56.02,163.35,158.04,152.73,0.0672,4.45,75.83,83.41,1140137997,-0.0107
2023-01-27,AAPL,162.53,165.03,161.42,164.83,164.83,60282940,158.33,157.06,175.85,159.89,159.11,0.776,-0.116,0.892,60.32,164.4,158.33,152.25,0.0767,4.39,92.36,88.1,1200420937,0.018
2023-01-30,AAPL,165.26,170.18,163.47,170.12,170.12,70009244,158.74,157.19,175.72,161.46,159.93,1.535,0.214,1.321,66.69,166.57,158.74,150.9,0.0987,4.56,99.64,89.28,1270430181,0.0321
2023-01-31,AAPL,171.65,175.38,170.02,174.06,174.06,72925380,159.43,157.46,175.62,163.4,160.97,2.427,0.657,1.77,70.48,169.72,159.43,149.13,0.1292,4.62,93.94,95.32,1343355561,0.0232
2023-02-01,AAPL,173.19,174.89,171.63,174.14,174.14,59121614,160.33,157.88,175.55,165.05,161.95,3.104,1.146,1.958,70.56,172.32,160.33,148.33,0.1496,4.52,94.31,95.97,1402477175,0.0005
2023-02-02,AAPL,174.47,175.85,172.82,174.24,174.24,61094481,161.09,158.35,175.47,166.46,162.86,3.607,1.638,1.969,70.66,174.5,161.09,147.68,0.1665,4.41,92.77,93.68,1463571656,0.0006
2023-02-03,AAPL,175.6,180.84,175.12,176.66,176.66,39084019,162.31,158.84,175.41,168.03,163.88,4.153,2.141,2.012,73.0,176.69,162.31,147.93,0.1772,4.57,84.38,90.49,1502655675,0.0139
2023-02-06,AAPL,176.81,177.66,173.45,174.69,174.69,59739298,163.32,159.31,175.34,169.06,164.68,4.376,2.588,1.788,68.22,178.19,163.32,148.46,0.182,4.54,77.02,84.72,1442916377,-0.0112
2023-02-07,AAPL,174.71,178.16,174.16,176.83,176.83,62000974,164.23,159.83,175.25,170.25,165.58,4.672,3.005,1.667,70.48,180.03,164.23,148.44,0.1924,4.51,85.01,82.14,1504917351,0.0123
2023-02-08,AAPL,177.08,180.01,173.3,173.42,173.42,56284786,164.92,160.2,175.12,170.74,166.16,4.579,3.32,1.259,62.81,181.06,164.92,148.79,0.1957,4.66,72.27,78.1,1448632565,-0.0193
2023-02-09,AAPL,172.59,177.5,172.41,177.5,177.5,69991898,165.94,160.58,175.0,171.78,167.0,4.779,3.612,1.167,67.38,182.55,165.94,149.34,0.2001,4.69,87.52,81.6,1518624463,0.0235
2023-02-10,AAPL,178.28,180.15,175.1,178.07,178.07,62536735,167.06,160.97,174.89,172.75,167.82,4.927,3.875,1.052,67.98,183.77,167.06,150.34,0.2001,4.72,89.29,83.03,1581161198,0.0032
2023-02-13,AAPL,178.08,184.18,175.84,182.53,182.53,57300336,168.33,161.5,174.78,174.25,168.91,5.342,4.168,1.174,72.23,185.68,168.33,150.99,0.2061,4.98,93.19,90.0,1638461534,0.025
2023-02-14,AAPL,182.41,183.03,180.7,180.73,180.73,71223166,169.53,162.03,174.68,175.25,169.79,5.463,4.427,1.036,68.29,186.83,169.53,152.22,0.2041,4.79,84.91,89.13,1567238368,-0.0099
2023-02-15,AAPL,180.36,183.99,178.6,180.73,180.73,49756964,170.66,162.56,174.59,176.09,170.6,5.495,4.641,0.855,68.29,187.77,170.66,153.55,0.2005,4.83,84.84,87.65,1567238368,0.0
2023-02-16,AAPL,179.93,180.92,179.82,180.2,180.2,35825628,171.84,163.15,174.49,176.72,171.31,5.416,4.796,0.62,67.04,188.16,171.84,155.52,0.1899,4.56,80.78,83.51,1531412740,-0.0029
2023-02-17,AAPL,181.39,186.12,180.37,184.08,184.08,58560398,173.22,163.81,174.4,177.86,172.25,5.602,4.957,0.645,71.19,188.74,173.22,157.71,0.1792,4.66,87.33,84.32,1589973138,0.0215
2023-02-20,AAPL,183.94,186.63,182.4,186.52,186.52,69386126,174.73,164.55,174.29,179.19,173.31,5.878,5.141,0.737,73.46,189.22,174.73,160.25,0.1658,4.63,99.27,89.13,1659359264,0.0133
2023-02-21,AAPL,185.13,185.97,183.85,185.38,185.38,35054758,176.02,165.27,174.19,180.14,174.21,5.936,5.3,0.636,70.66,189.47,176.02,162.56,0.1529,4.49,91.21,92.6,1624304506,-0.0061
2023-02-22,AAPL,186.86,188.13,186.33,187.23,187.23,38463833,177.19,165.96,174.1,181.23,175.17,6.062,5.453,0.61,72.49,190.24,177.19,164.15,0.1472,4.37,94.27,94.92,1662768339,0.01
2023-02-23,AAPL,187.43,191.96,183.56,184.59,184.59,51670561,178.33,166.58,173.98,181.75,175.87,5.881,5.538,0.343,66.15,189.7,178.33,166.96,0.1275,4.65,62.3,82.6,1611097778,-0.0141
2023-02-24,AAPL,185.24,186.0,183.39,184.1,184.1,58624177,179.29,167.14,173.88,182.11,176.48,5.633,5.557,0.076,65.01,189.08,179.29,169.51,0.1092,4.51,59.8,72.12,1552473601,-0.0027
2023-02-27,AAPL,182.89,189.85,182.05,186.56,186.56,59857201,180.11,167.74,173.76,182.79,177.22,5.571,5.56,0.011,67.99,189.43,180.11,170.8,0.1035,4.74,72.38,64.83,1612330802,0.0134
2023-02-28,AAPL,186.92,190.15,185.23,188.81,188.81,61915299,180.85,168.37,173.69,183.72,178.08,5.638,5.575,0.062,70.46,190.46,180.85,171.24,0.1063,4.76,83.89,72.02,1674246101,0.0121
2023-03-01,AAPL,191.57,193.41,188.23,188.59,188.59,59788668,181.57,168.97,173.61,184.47,178.86,5.609,5.582,0.027,69.89,191.23,181.57,171.91,0.1064,4.79,73.68,76.65,1614457433,-0.0012
2023-03-02,AAPL,187.9,192.11,187.13,188.93,188.93,40820612,182.31,169.51,173.54,185.16,179.61,5.549,5.575,-0.026,70.29,191.86,182.31,172.76,0.1048,4.8,74.5,77.36,1655278045,0.0018
2023-03-03,AAPL,189.05,195.96,188.95,194.97,194.97,85631446,183.22,170.24,173.48,186.67,180.74,5.921,5.645,0.276,76.3,193.88,183.22,172.57,0.1163,4.96,94.3,80.82,1740909491,0.032
2023-03-06,AAPL,195.92,197.45,190.38,192.31,192.31,56269358,184.1,170.85,173.43,187.53,181.6,5.933,5.702,0.23,69.62,194.71,184.1,173.5,0.1152,5.11,72.73,80.51,1684640133,-0.0136
2023-03-07,AAPL,192.13,196.61,190.56,192.94,192.94,49279439,184.91,171.43,173.37,188.37,182.44,5.924,5.747,0.178,70.29,195.63,184.91,174.19,0.1159,5.18,74.42,80.48,1733919572,0.0033
2023-03-08,AAPL,194.4,198.77,192.93,197.95,197.95,49318509,186.14,172.13,173.35,189.84,183.59,6.25,5.847,0.403,74.97,196.93,186.14,175.35,0.1159,5.22,95.54,80.9,1783238081,0.026
2023-03-09,AAPL,198.09,201.25,194.92,196.49,196.49,51217492,187.09,172.78,173.31,190.86,184.55,6.318,5.941,0.376,71.44,198.01,187.09,176.16,0.1168,5.3,75.21,81.72,1732020589,-0.0074
2023-03-10,AAPL,196.76,202.21,195.59,201.58,201.58,59456624,188.26,173.63,173.31,192.51,185.81,6.704,6.094,0.611,75.73,200.08,188.26,176.45,0.1255,5.4,96.88,89.21,1791477213,0.0259
2023-03-13,AAPL,203.55,206.2,200.17,200.75,200.75,51626800,189.17,174.41,173.33,193.78,186.91,6.865,6.248,0.617,73.78,201.86,189.17,176.49,0.1341,5.44,77.43,83.17,1739850413,-0.0041
2023-03-14,AAPL,201.7,202.35,200.03,200.24,200.24,46837381,190.15,175.21,173.33,194.77,187.9,6.872,6.373,0.499,72.55,203.08,190.15,177.21,0.1361,5.22,75.32,83.21,1693013032,-0.0025
2023-03-15,AAPL,200.73,203.82,199.17,202.05,202.05,57292098,191.21,176.12,173.33,195.89,188.95,6.943,6.487,0.456,74.2,204.38,191.21,178.05,0.1377,5.18,82.82,78.52,1750305130,0.009
2023-03-16,AAPL,200.41,207.74,200.19,204.32,204.32,60367479,192.42,177.03,173.34,197.19,190.09,7.101,6.61,0.491,76.13,205.75,192.42,179.09,0.1385,5.35,86.69,81.61,1810672609,0.0112
2023-03-17,AAPL,204.01,205.99,199.94,201.13,201.13,56428629,193.27,178.01,173.35,197.8,190.91,6.89,6.666,0.224,68.37,206.54,193.27,180.0,0.1373,5.4,70.64,80.05,1754243980,-0.0156
2023-03-20,AAPL,201.9,203.56,197.86,202.76,202.76,59876824,194.08,178.98,173.38,198.56,191.78,6.775,6.688,0.088,70.05,207.58,194.08,180.58,0.1391,5.42,75.84,77.72,1814120804,0.0081
2023-03-21,AAPL,203.85,215.97,203.23,212.54,212.54,101392628,195.44,180.05,173.43,200.71,193.32,7.389,6.828,0.561,77.71,210.54,195.44,180.35,0.1545,5.98,88.11,78.19,1915513432,0.0482
2023-03-22,AAPL,212.47,215.43,211.13,214.54,214.54,65979639,196.81,181.15,173.49,202.84,194.89,7.945,7.051,0.893,78.9,213.54,196.81,180.08,0.17,5.86,94.71,86.22,1981493071,0.0094
2023-03-23,AAPL,214.36,217.46,214.33,216.0,216.0,65055463,198.38,182.33,173.57,204.86,196.46,8.406,7.322,1.084,79.74,216.09,198.38,180.66,0.1786,5.66,94.61,92.47,2046548534,0.0068
2023-03-24,AAPL,215.08,219.56,211.7,217.42,217.42,46831719,200.04,183.56,173.65,206.79,198.01,8.785,7.615,1.17,80.56,218.33,200.04,181.76,0.1828,5.82,92.62,93.98,2093380253,0.0066
2023-03-27,AAPL,216.38,217.86,208.34,212.61,212.61,48038520,201.35,184.67,173.72,207.69,199.09,8.598,7.811,0.787,70.21,219.32,201.35,183.38,0.1785,6.08,73.9,87.04,2045341733,-0.0221
2023-03-28,AAPL,210.26,212.94,209.24,210.55,210.55,38674372,202.43,185.75,173.79,208.13,199.94,8.19,7.887,0.302,66.28,219.86,202.43,185.01,0.1722,5.91,63.43,76.65,2006667361,-0.0097
2023-03-29,AAPL,210.39,219.73,210.3,217.94,217.94,79241671,203.9,186.95,173.89,209.64,201.27,8.366,7.983,0.383,72.27,221.36,203.9,186.44,0.1713,6.16,92.58,76.64,2085909032,0.0351
2023-03-30,AAPL,218.35,221.05,215.83,220.55,220.55,40588271,205.48,188.22,173.99,211.32,202.7,8.616,8.109,0.507,74.03,222.96,205.48,188.01,0.1701,6.1,97.84,84.62,2126497303,0.012
2023-03-31,AAPL,220.2,225.4,217.74,223.08,223.08,72226685,206.89,189.56,174.14,213.13,204.21,8.916,8.271,0.646,75.64,225.26,206.89,188.52,0.1776,6.21,91.58,94.0,2198723988,0.0115
2023-04-03,AAPL,222.29,228.17,221.9,225.32,225.32,72648932,208.54,190.94,174.29,215.0,205.77,9.229,8.462,0.766,77.0,227.3,208.54,189.78,0.1799,6.21,90.6,93.34,2271372920,0.01
2023-04-04,AAPL,223.25,230.42,219.07,226.87,226.87,57852413,210.23,192.28,174.42,216.83,207.34,9.492,8.668,0.823,77.92,229.18,210.23,191.29,0.1802,6.58,89.1,90.42,2329225333,0.0069
2023-04-05,AAPL,226.48,232.27,225.39,230.76,230.76,52805813,211.88,193.62,174.59,218.97,209.07,9.9,8.915,0.985,80.07,231.93,211.88,191.82,0.1893,6.6,95.61,91.77,2382031146,0.0171
2023-04-06,AAPL,233.02,237.69,227.52,236.19,236.19,64227183,213.86,195.11,174.83,221.62,211.08,10.54,9.24,1.3,82.62,235.25,213.86,192.47,0.2,6.86,96.23,93.65,2446258329,0.0235
2023-04-07,AAPL,238.85,243.11,233.9,241.26,241.26,65389079,215.84,196.64,175.11,224.64,213.32,11.326,9.657,1.669,84.6,239.54,215.84,192.14,0.2196,7.02,95.36,95.74,2511647408,0.0215
2023-04-10,AAPL,242.78,243.69,240.86,242.64,242.64,53729901,217.94,198.09,175.4,227.41,215.49,11.923,10.11,1.813,85.09,243.28,217.94,192.6,0.2326,6.72,97.03,96.21,2565377309,0.0057
2023-04-11,AAPL,243.99,253.02,242.18,247.52,247.52,56877501,220.3,199.56,175.72,230.5,217.86,12.644,10.617,2.027,86.72,247.36,220.3,193.24,0.2457,7.02,87.69,93.36,2622254810,0.0201
2023-04-12,AAPL,247.41,261.6,246.76,258.31,258.31,100136772,223.12,201.24,176.1,234.78,220.86,13.925,11.278,2.647,89.47,253.49,223.12,192.74,0.2723,7.58,93.82,92.85,2722391582,0.0436
2023-04-13,AAPL,258.13,267.12,255.8,261.71,261.71,48428439,225.98,202.99,176.51,238.93,223.88,15.042,12.031,3.011,90.16,259.41,225.98,192.56,0.2958,7.84,90.8,90.77,2770820021,0.0132
2023-04-14,AAPL,260.79,263.69,260.62,262.18,262.18,64180678,229.04,204.7,176.94,242.5,226.72,15.783,12.781,3.001,90.26,263.94,229.04,194.13,0.3048,7.5,91.47,92.03,2835000699,0.0018
2023-04-17,AAPL,263.22,271.77,259.18,268.32,268.32,62993936,232.32,206.57,177.4,246.47,229.8,16.673,13.56,3.113,91.42,269.0,232.32,195.63,0.3158,7.87,94.39,92.22,2897994635,0.0234
2023-04-18,AAPL,269.29,271.1,267.75,268.57,268.57,37314345,235.12,208.41,177.86,249.87,232.67,17.201,14.288,2.913,91.47,273.84,235.12,196.4,0.3294,7.54,94.28,93.38,2935308980,0.0009
2023-04-19,AAPL,268.58,274.13,261.82,273.37,273.37,75422124,238.06,210.41,178.33,253.49,235.69,17.801,14.991,2.81,92.3,278.95,238.06,197.16,0.3436,7.88,98.65,95.77,3010731104,0.0179
2023-04-20,AAPL,273.43,274.59,269.33,269.67,269.67,58955017,240.74,212.25,178.79,255.98,238.21,17.773,15.547,2.226,85.39,282.53,240.74,198.95,0.3472,7.7,91.14,94.69,2951776087,-0.0135
2023-04-21,AAPL,268.26,274.95,266.84,274.34,274.34,54237020,243.59,214.17,179.26,258.8,240.88,17.921,16.022,1.899,86.74,286.38,243.59,200.8,0.3513,7.73,98.91,96.23,3006013107,0.0173
2023-04-24,AAPL,273.44,279.72,267.57,276.98,276.98,45500561,246.81,216.06,179.71,261.6,243.56,18.044,16.426,1.618,87.45,289.47,246.81,204.14,0.3458,8.04,94.96,95.0,3051513668,0.0096
2023-04-25,AAPL,278.11,279.99,274.77,279.61,279.61,64644122,250.26,218.04,180.22,264.37,246.23,18.144,16.77,1.374,88.12,291.79,250.26,208.73,0.3319,7.84,99.28,97.71,3116157790,0.0095
2023-04-26,AAPL,280.6,287.56,278.58,285.18,285.18,47156320,253.62,220.13,180.76,267.57,249.11,18.46,17.108,1.352,89.43,295.03,253.62,212.21,0.3266,7.92,95.56,96.6,3163314110,0.0199
2023-04-27,AAPL,284.89,289.56,283.87,288.32,288.32,45512200,257.01,222.29,181.34,270.76,252.02,18.748,17.436,1.312,90.09,298.13,257.01,215.89,0.32,7.76,97.45,97.43,3208826310,0.011
2023-04-28,AAPL,289.18,291.17,284.98,289.72,289.72,56165599,260.34,224.41,181.91,273.68,254.81,18.871,17.723,1.148,90.38,300.72,260.34,219.97,0.3102,7.65,97.04,96.69,3264991909,0.0049
2023-05-01,AAPL,290.84,290.91,289.04,289.92,289.92,52355061,263.57,226.47,182.49,276.18,257.41,18.769,17.932,0.837,90.42,302.54,263.57,224.61,0.2957,7.24,97.19,97.23,3317346970,0.0007
2023-05-02,AAPL,289.24,293.82,286.99,291.92,291.92,49106160,266.82,228.6,183.05,278.6,259.97,18.634,18.072,0.562,90.86,303.8,266.82,229.85,0.2772,7.21,95.0,96.41,3366453130,0.0069
2023-05-03,AAPL,290.31,290.5,288.56,289.16,289.16,40421380,269.74,230.64,183.63,280.22,262.13,18.096,18.077,0.019,85.07,303.99,269.74,235.5,0.2539,6.93,86.55,92.91,3326031750,-0.0095
2023-05-04,AAPL,289.72,291.05,287.24,289.22,289.22,45561449,272.4,232.74,184.22,281.61,264.14,17.473,17.956,-0.483,85.09,303.94,272.4,240.85,0.2316,6.71,86.72,89.42,3371593199,0.0002
2023-05-05,AAPL,289.36,292.29,281.14,282.98,282.98,57166822,274.48,234.71,184.75,281.82,265.53,16.288,17.623,-1.334,72.92,302.88,274.48,246.08,0.2069,7.03,66.13,79.8,3314426377,-0.0216
2023-05-08,AAPL,282.12,288.81,281.42,286.78,286.78,61004210,276.69,236.72,185.3,282.58,267.11,15.478,17.194,-1.716,75.24,301.48,276.69,251.9,0.1792,7.05,78.0,76.95,3375430587,0.0134
2023-05-09,AAPL,287.86,292.13,286.11,287.85,287.85,52548951,278.71,238.7,185.89,283.39,268.64,14.751,16.705,-1.954,75.87,299.99,278.71,257.42,0.1527,6.98,77.87,74.0,3427979538,0.0037
2023-05-10,AAPL,288.5,299.2,286.6,292.0,292.0,61012049,280.39,240.77,186.5,284.72,270.37,14.345,16.233,-1.888,78.18,300.23,280.39,260.55,0.1415,7.38,77.75,77.87,3488991587,0.0144
2023-05-11,AAPL,291.12,292.33,281.5,284.08,284.08,70120555,281.51,242.67,187.09,284.62,271.39,13.232,15.633,-2.401,65.33,299.44,281.51,263.57,0.1274,7.63,52.2,69.27,3418871032,-0.0271
2023-05-12,AAPL,282.93,290.36,280.84,288.05,288.05,50262178,282.8,244.53,187.71,285.15,272.62,12.525,15.011,-2.486,68.15,298.57,282.8,267.03,0.1115,7.76,54.36,61.44,3469133210,0.014
2023-05-15,AAPL,286.79,300.6,286.71,294.53,294.53,80985470,284.11,246.58,188.38,286.59,274.24,12.346,14.478,-2.132,72.14,299.19,284.11,269.03,0.1062,8.2,72.43,59.66,3550118680,0.0225
2023-05-16,AAPL,292.76,296.2,288.92,292.15,292.15,38814329,285.29,248.56,189.03,287.45,275.57,11.875,13.958,-2.083,68.74,298.95,285.29,271.63,0.0957,8.13,57.24,61.34,3511304351,-0.0081
2023-05-17,AAPL,291.78,305.65,290.43,305.1,305.1,85914775,286.88,250.7,189.72,290.16,277.76,12.404,13.647,-1.243,75.51,301.93,286.88,271.83,0.1049,8.64,97.78,75.82,3597219126,0.0443
2023-05-18,AAPL,304.99,315.02,304.92,310.82,310.82,74998433,288.94,252.99,190.45,293.34,280.21,13.133,13.544,-0.411,77.8,305.21,288.94,272.66,0.1127,8.74,87.71,80.91,3672217559,0.0187
2023-05-19,AAPL,314.1,315.06,310.23,310.8,310.8,53174314,290.76,255.17,191.19,296.03,282.47,13.553,13.546,0.007,77.77,308.21,290.76,273.3,0.1201,8.47,87.55,91.02,3619043245,-0.0001
2023-05-22,AAPL,311.6,312.14,304.55,307.77,307.77,70064191,292.3,257.31,191.9,297.83,284.35,13.486,13.534,-0.048,73.55,310.05,292.3,274.55,0.1215,8.4,78.7,84.65,3548979054,-0.0097
2023-05-23,AAPL,305.76,312.9,305.33,309.83,309.83,56523925,293.81,259.51,192.62,299.68,286.23,13.444,13.516,-0.072,74.56,312.12,293.81,275.5,0.1246,8.34,84.72,83.65,3605502979,0.0067
2023-05-24,AAPL,311.42,314.63,304.34,314.26,314.26,68840785,295.26,261.75,193.38,301.92,288.31,13.611,13.535,0.076,76.63,315.15,295.26,275.37,0.1347,8.48,97.66,87.03,3674343764,0.0143
2023-05-25,AAPL,313.99,314.83,308.98,312.6,312.6,46307198,296.48,263.92,194.11,303.56,290.11,13.455,13.519,-0.064,74.2,317.46,296.48,275.5,0.1415,8.29,92.81,91.73,3628036566,-0.0053
2023-05-26,AAPL,313.39,317.49,308.55,308.92,308.92,45514050,297.44,266.07,194.82,304.39,291.5,12.885,13.392,-0.507,68.96,318.84,297.44,276.03,0.1439,8.34,76.62,89.03,3582522516,-0.0118
2023-05-29,AAPL,309.73,313.28,306.06,308.93,308.93,35045633,298.39,268.19,195.52,305.09,292.79,12.293,13.172,-0.879,68.97,320.06,298.39,276.71,0.1453,8.26,76.64,82.02,3617568149,0.0
2023-05-30,AAPL,308.08,313.18,303.2,312.79,312.79,74262480,299.43,270.2,196.27,306.27,294.28,11.997,12.937,-0.94,71.42,321.76,299.43,277.1,0.1491,8.38,87.18,80.15,3691830629,0.0125
2023-05-31,AAPL,312.61,315.1,310.28,314.05,314.05,44466729,300.68,272.19,197.04,307.47,295.74,11.729,12.696,-0.967,72.19,323.35,300.68,278.0,0.1508,8.13,90.61,84.81,3736297358,0.004
2023-06-01,AAPL,314.17,319.13,303.31,306.74,306.74,57008888,301.55,274.0,197.76,307.36,296.55,10.802,12.317,-1.515,61.77,323.73,301.55,279.37,0.1471,8.68,61.78,79.86,3679288470,-0.0233
2023-06-02,AAPL,306.48,313.5,304.41,312.41,312.41,62017548,303.02,275.9,198.53,308.13,297.73,10.405,11.934,-1.53,65.88,323.95,303.02,282.09,0.1381,8.71,77.76,76.72,3741306018,0.0185
2023-06-05,AAPL,311.64,312.98,305.45,310.85,310.85,57124231,304.23,277.87,199.3,308.55,298.7,9.851,11.518,-1.667,63.85,324.02,304.23,284.44,0.1301,8.62,71.15,70.23,3684181787,-0.005
2023-06-06,AAPL,307.86,313.4,304.65,311.85,311.85,48170981,305.43,279.9,200.06,309.06,299.68,9.384,11.091,-1.707,64.6,323.97,305.43,286.88,0.1214,8.63,54.3,67.74,3732352768,0.0032
2023-06-07,AAPL,313.5,317.36,305.64,310.02,310.02,69183365,306.33,281.74,200.8,309.21,300.44,8.766,10.626,-1.86,62.05,323.9,306.33,288.75,0.1147,8.85,42.81,56.09,3663169403,-0.0059
2023-06-08,AAPL,310.19,316.45,305.28,313.6,313.6,49228940,307.8,283.6,201.55,309.88,301.42,8.467,10.194,-1.727,64.97,322.35,307.8,293.25,0.0945,9.02,65.29,54.13,3712398343,0.0115
2023-06-09,AAPL,314.51,315.19,300.94,303.17,303.17,89870411,308.56,285.2,202.23,308.85,301.55,7.304,9.616,-2.312,52.34,320.21,308.56,296.91,0.0755,9.39,12.26,40.12,3622527932,-0.0333
2023-06-12,AAPL,303.11,303.62,296.14,296.63,296.63,62452454,308.66,286.63,202.87,306.97,301.18,5.788,8.85,-3.062,46.26,319.83,308.66,297.5,0.0724,9.26,2.13,26.56,3560075478,-0.0216
2023-06-13,AAPL,296.14,298.73,291.77,294.5,294.5,47488385,308.78,287.98,203.49,305.05,300.69,4.365,7.953,-3.589,44.46,319.28,308.78,298.28,0.068,9.09,9.98,8.12,3512587093,-0.0072
2023-06-14,AAPL,297.07,300.02,292.71,299.99,299.99,49339281,308.53,289.36,204.15,304.27,300.64,3.638,7.09,-3.453,49.89,319.61,308.53,297.45,0.0718,8.96,30.04,14.05,3561926374,0.0186
2023-06-15,AAPL,300.55,307.27,294.9,298.15,298.15,65701453,307.89,290.6,204.78,303.33,300.45,2.88,6.248,-3.368,48.19,319.79,307.89,295.99,0.0773,9.21,23.32,21.11,3496224921,-0.0061
2023-06-16,AAPL,296.43,296.78,291.27,294.15,294.15,39056334,307.06,291.66,205.4,301.92,299.98,1.934,5.385,-3.451,44.62,320.29,307.06,293.83,0.0861,9.04,10.34,21.23,3457168587,-0.0134
2023-06-19,AAPL,291.78,302.2,291.43,295.95,295.95,64774028,306.47,292.73,206.05,301.0,299.69,1.315,4.571,-3.257,46.54,320.54,306.47,292.39,0.0919,9.16,16.8,16.82,3521942615,0.0061
2023-06-20,AAPL,295.84,295.92,290.6,295.74,295.74,41445568,305.76,293.69,206.68,300.19,299.39,0.798,3.816,-3.019,46.34,320.49,305.76,291.04,0.0963,8.89,18.02,15.05,3480497047,-0.0007
2023-06-21,AAPL,295.32,305.16,294.05,302.66,302.66,64840345,305.18,294.58,207.33,300.57,299.64,0.935,3.24,-2.305,53.49,319.43,305.18,290.94,0.0934,9.05,45.07,26.63,3545337392,0.0234
2023-06-22,AAPL,304.28,306.69,297.99,302.86,302.86,48226555,304.7,295.4,207.98,300.92,299.87,1.049,2.802,-1.753,53.68,318.56,304.7,290.83,0.091,9.03,45.81,36.3,3593563947,0.0007
2023-06-23,AAPL,303.9,310.74,299.12,307.77,307.77,54729988,304.64,296.31,208.66,301.98,300.46,1.517,2.545,-1.028,58.24,318.44,304.64,290.84,0.0906,9.21,64.16,51.68,3648293935,0.0162
2023-06-26,AAPL,306.15,306.57,302.62,303.95,303.95,39963525,304.39,297.03,209.3,302.28,300.72,1.562,2.348,-0.786,53.8,318.05,304.39,290.73,0.0898,8.92,49.89,53.29,3608330410,-0.0124
2023-06-27,AAPL,303.8,312.62,302.07,311.12,311.12,75599734,304.31,297.88,209.99,303.64,301.49,2.152,2.309,-0.157,59.97,317.78,304.31,290.83,0.0886,9.04,79.38,64.48,3683930144,0.0236
2023-06-28,AAPL,310.34,317.65,306.23,314.63,314.63,72281577,304.34,298.7,210.66,305.33,302.46,2.869,2.421,0.448,62.6,317.9,304.34,290.78,0.0891,9.21,88.84,72.7,3756211721,0.0113
2023-06-29,AAPL,312.07,321.58,309.48,317.95,317.95,69889101,304.9,299.67,211.34,307.27,303.61,3.663,2.67,0.994,64.95,319.68,304.9,290.11,0.097,9.41,88.28,85.5,3826100822,0.0106
2023-06-30,AAPL,315.76,319.19,315.72,316.83,316.83,47760198,305.12,300.52,212.04,308.74,304.59,4.154,2.967,1.188,63.5,320.47,305.12,289.77,0.1006,8.99,84.67,87.26,3778340624,-0.0035
2023-07-03,AAPL,317.1,318.13,312.18,315.99,315.99,40623337,305.38,301.3,212.74,309.86,305.43,4.425,3.258,1.167,62.38,321.26,305.38,289.49,0.104,8.77,81.96,84.97,3737717287,-0.0027
2023-07-04,AAPL,314.93,320.84,313.78,315.65,315.65,62123714,305.57,302.02,213.43,310.75,306.19,4.559,3.518,1.041,61.9,321.84,305.57,289.29,0.1065,8.65,80.86,82.49,3675593573,-0.0011
2023-07-05,AAPL,314.06,317.32,308.24,313.0,313.0,62162677,305.71,302.57,214.12,311.1,306.69,4.401,3.695,0.706,58.16,322.2,305.71,289.22,0.1079,8.68,72.3,78.37,3613430896,-0.0084
2023-07-06,AAPL,313.61,315.73,311.94,314.12,314.12,58402569,305.74,303.09,214.83,311.56,307.24,4.316,3.819,0.497,59.28,322.28,305.74,289.2,0.1082,8.33,75.92,76.36,3671833465,0.0036
2023-07-07,AAPL,313.16,315.7,310.7,314.53,314.53,38265932,306.31,303.59,215.54,312.02,307.78,4.233,3.902,0.331,59.71,323.23,306.31,289.38,0.1105,8.09,77.24,75.16,3710099397,0.0013
2023-07-10,AAPL,316.5,318.38,304.66,309.57,309.57,61658429,306.96,303.98,216.22,311.64,307.92,3.725,3.866,-0.142,52.57,323.33,306.96,290.58,0.1067,8.5,56.37,69.85,3648440968,-0.0158
2023-07-11,AAPL,310.8,312.8,306.72,309.42,309.42,62801036,307.7,304.33,216.91,311.3,308.03,3.272,3.748,-0.476,52.36,323.07,307.7,292.33,0.0999,8.32,48.45,60.69,3585639932,-0.0005
2023-07-12,AAPL,307.63,313.22,296.63,299.24,299.24,71800993,307.66,304.53,217.54,309.44,307.38,2.067,3.411,-1.344,40.79,323.11,307.66,292.22,0.1004,8.91,10.46,38.43,3513838939,-0.0329
2023-07-13,AAPL,298.2,302.8,297.29,302.51,302.51,71412076,307.88,304.8,218.2,308.38,307.02,1.361,3.001,-1.64,45.0,322.9,307.88,292.86,0.0976,8.67,23.57,27.49,3585251015,0.0109
2023-07-14,AAPL,303.25,307.91,301.21,304.71,304.71,64411979,308.41,305.23,218.88,307.81,306.85,0.968,2.595,-1.627,47.69,322.15,308.41,294.67,0.0891,8.53,32.38,22.14,3649662994,0.0073
2023-07-17,AAPL,305.05,306.14,295.79,300.69,300.69,59721013,308.65,305.51,219.5,306.72,306.39,0.328,2.141,-1.814,43.5,321.66,308.65,295.63,0.0843,8.66,19.0,24.98,3589941981,-0.0132
2023-07-18,AAPL,300.03,300.22,298.51,298.72,298.72,44045374,308.8,305.73,220.09,305.49,305.82,-0.335,1.646,-1.981,41.57,321.27,308.8,296.32,0.0808,8.2,11.36,20.92,3545896607,-0.0066
2023-07-19,AAPL,297.85,299.29,294.55,298.99,298.99,58983614,308.61,305.87,220.67,304.49,305.32,-0.828,1.151,-1.979,41.95,321.55,308.61,295.68,0.0838,7.95,16.89,15.75,3604880221,0.0009
2023-07-20,AAPL,300.03,306.65,297.85,304.66,304.66,75807776,308.7,306.28,221.28,304.51,305.27,-0.753,0.77,-1.523,49.39,321.5,308.7,295.91,0.0829,8.01,38.46,22.24,3680687997,0.019
2023-07-21,AAPL,304.93,305.82,301.03,303.71,303.71,35566098,308.5,306.59,221.9,304.39,305.15,-0.761,0.464,-1.225,48.27,321.48,308.5,295.52,0.0841,7.78,34.84,30.06,3645121899,-0.0031
2023-07-24,AAPL,306.19,307.8,295.67,299.7,299.7,70302253,308.29,306.69,222.49,303.67,304.75,-1.079,0.155,-1.234,43.78,321.69,308.29,294.89,0.0869,8.09,21.61,31.64,3574819646,-0.0132
2023-07-25,AAPL,301.91,302.76,298.52,299.77,299.77,49958032,307.72,306.85,223.09,303.07,304.38,-1.31,-0.138,-1.172,43.88,321.55,307.72,293.89,0.0899,7.82,21.91,26.12,3624777678,0.0002
2023-07-26,AAPL,299.31,300.4,295.18,297.32,297.32,46643058,306.85,306.69,223.7,302.18,303.86,-1.672,-0.444,-1.227,41.16,321.01,306.85,292.7,0.0922,7.63,11.62,18.38,3578134620,-0.0082
2023-07-27,AAPL,295.42,299.56,290.37,296.44,296.44,65961295,305.78,306.4,224.29,301.3,303.31,-2.006,-0.757,-1.249,40.2,319.66,305.78,291.9,0.0908,7.74,21.67,18.4,3512173325,-0.003
2023-07-28,AAPL,299.0,300.17,289.42,290.82,290.82,85978367,304.48,306.0,224.87,299.69,302.38,-2.694,-1.144,-1.549,34.64,318.84,304.48,290.12,0.0943,7.96,5.88,13.06,3426194958,-0.019
2023-07-31,AAPL,290.12,295.53,285.67,294.92,294.92,50503551,303.42,305.75,225.47,298.95,301.83,-2.874,-1.49,-1.384,41.05,317.34,303.42,289.51,0.0917,8.09,33.58,20.38,3476698509,0.0141
2023-08-01,AAPL,293.04,295.57,290.69,294.26,294.26,55744853,302.35,305.44,226.05,298.23,301.27,-3.036,-1.799,-1.237,40.36,315.62,302.35,289.09,0.0877,7.86,38.62,26.03,3420953656,-0.0022
2023-08-02,AAPL,294.93,303.72,291.43,303.59,303.59,59452102,301.88,305.22,226.69,299.06,301.44,-2.384,-1.916,-0.467,52.46,314.24,301.88,289.53,0.0819,8.18,80.58,50.92,3480405758,0.0317
2023-08-03,AAPL,303.52,311.03,303.04,310.7,310.7,74513160,301.71,305.18,227.36,300.85,302.13,-1.278,-1.789,0.51,59.24,313.47,301.71,289.96,0.0779,8.17,98.7,72.63,3554918918,0.0234
2023-08-04,AAPL,311.42,314.67,305.45,306.43,306.43,50752101,301.31,305.13,227.98,301.71,302.45,-0.738,-1.579,0.84,54.24,311.75,301.31,290.86,0.0693,8.24,71.59,83.62,3504166817,-0.0137
2023-08-07,AAPL,304.48,305.84,299.95,304.03,304.03,53704108,301.03,305.04,228.6,302.06,302.56,-0.498,-1.362,0.864,51.6,310.86,301.03,291.2,0.0653,8.12,63.31,77.87,3450462709,-0.0078
2023-08-08,AAPL,306.0,309.61,298.96,303.12,303.12,43280222,300.72,304.84,229.2,302.23,302.6,-0.377,-1.165,0.788,50.59,309.83,300.72,291.6,0.0606,8.3,60.17,65.02,3407182487,-0.003
2023-08-09,AAPL,302.41,303.6,301.5,302.56,302.56,38230983,300.88,304.61,229.79,302.28,302.6,-0.323,-0.997,0.674,49.95,310.0,300.88,291.76,0.0606,7.85,58.24,60.57,3368951504,-0.0018
2023-08-10,AAPL,303.64,305.59,303.36,303.65,303.65,53682198,300.94,304.55,230.4,302.49,302.68,-0.189,-0.835,0.646,51.25,310.11,300.94,291.77,0.061,7.51,62.0,60.14,3422633702,0.0036
2023-08-11,AAPL,304.05,306.04,303.12,303.17,303.17,63492500,300.86,304.37,231.0,302.59,302.71,-0.121,-0.692,0.572,50.63,309.93,300.86,291.79,0.0603,7.18,60.34,60.2,3359141202,-0.0016
2023-08-14,AAPL,303.26,306.26,297.3,302.88,302.88,58937862,300.97,304.21,231.6,302.64,302.73,-0.089,-0.572,0.483,50.23,310.08,300.97,291.86,0.0606,7.31,59.34,60.56,3300203340,-0.001
2023-08-15,AAPL,302.16,305.09,299.57,301.42,301.42,56488347,301.11,304.0,232.21,302.45,302.63,-0.18,-0.493,0.314,48.17,310.16,301.11,292.05,0.0601,7.18,54.31,58.0,3243714993,-0.0048
2023-08-16,AAPL,302.09,305.32,293.47,304.28,304.28,47375325,301.37,303.88,232.84,302.73,302.75,-0.02,-0.399,0.378,52.29,310.47,301.37,292.27,0.0604,7.51,64.17,59.28,3291090318,0.0095
2023-08-17,AAPL,304.43,304.81,301.25,301.98,301.98,47909488,301.24,303.65,233.47,302.62,302.7,-0.079,-0.335,0.256,48.92,310.22,301.24,292.26,0.0596,7.23,56.24,58.24,3243180830,-0.0076
2023-08-18,AAPL,300.79,303.27,299.5,303.18,303.18,62532922,301.21,303.65,234.11,302.7,302.73,-0.028,-0.273,0.245,50.71,310.17,301.21,292.26,0.0595,6.98,52.09,57.5,3305713752,0.004
2023-08-21,AAPL,303.99,313.07,302.46,312.12,312.12,66839318,301.83,303.96,234.81,304.15,303.43,0.725,-0.074,0.799,61.49,311.93,301.83,291.73,0.0669,7.24,89.03,65.78,3372553070,0.0295
2023-08-22,AAPL,312.92,313.88,304.63,305.52,305.52,78436652,302.12,304.18,235.48,304.36,303.58,0.781,0.097,0.683,52.38,312.29,302.12,291.94,0.0674,7.39,56.84,65.98,3294116418,-0.0211
2023-08-23,AAPL,306.88,309.67,306.33,307.39,307.39,45147584,302.62,304.33,236.17,304.83,303.86,0.964,0.271,0.694,54.44,312.8,302.62,292.45,0.0672,7.16,65.66,70.51,3339264002,0.0061
2023-08-24,AAPL,305.25,315.62,301.04,312.44,312.44,56242232,303.42,304.62,236.88,306.0,304.5,1.5,0.517,0.984,59.53,314.03,303.42,292.81,0.0699,7.69,85.64,69.38,3395506234,0.0164
2023-08-25,AAPL,311.95,313.6,311.06,311.69,311.69,45351923,304.47,304.97,237.58,306.87,305.03,1.843,0.782,1.061,58.49,313.96,304.47,294.98,0.0623,7.32,82.26,77.85,3350154311,-0.0024
2023-08-28,AAPL,310.23,311.05,302.28,303.94,303.94,61714961,304.92,305.13,238.28,306.42,304.95,1.472,0.92,0.552,48.93,313.35,304.92,296.49,0.0553,7.47,47.27,71.72,3288439350,-0.0249
2023-08-29,AAPL,304.21,306.45,297.92,303.01,303.01,65721084,305.35,305.27,238.99,305.9,304.81,1.091,0.954,0.137,47.91,312.31,305.35,298.4,0.0455,7.54,43.07,57.53,3222718266,-0.0031
2023-08-30,AAPL,305.41,312.58,303.44,310.26,310.26,47236283,305.69,305.42,239.78,306.57,305.21,1.358,1.035,0.323,55.62,312.91,305.69,298.47,0.0472,7.69,75.8,55.38,3269954549,0.0239
2023-08-31,AAPL,311.55,312.81,305.45,309.74,309.74,60887923,305.64,305.56,240.58,307.06,305.55,1.511,1.13,0.38,54.99,312.74,305.64,298.55,0.0464,7.66,73.45,64.11,3209066626,-0.0017
2023-09-01,AAPL,308.85,313.22,303.27,303.87,303.87,56673007,305.51,305.48,241.33,306.57,305.42,1.144,1.133,0.011,48.35,312.64,305.51,298.39,0.0466,7.83,46.95,65.4,3152393619,-0.019
2023-09-04,AAPL,303.54,307.09,293.83,296.19,296.19,61133884,305.12,305.33,242.06,304.97,304.74,0.232,0.953,-0.721,41.32,313.31,305.12,296.93,0.0537,8.22,12.28,44.23,3091259735,-0.0253
2023-09-05,AAPL,297.95,302.05,288.41,291.95,291.95,67203091,304.56,304.95,242.76,302.97,303.79,-0.824,0.597,-1.421,38.03,314.55,304.56,294.57,0.0656,8.6,13.01,24.08,3024056644,-0.0143
2023-09-06,AAPL,291.92,294.33,290.63,293.3,293.3,62517153,304.1,304.52,243.46,301.48,303.01,-1.534,0.171,-1.705,39.68,315.21,304.1,292.99,0.0731,8.25,17.97,14.42,3086573797,0.0046
2023-09-07,AAPL,291.03,301.72,289.55,298.75,298.75,62966749,303.85,304.13,244.16,301.06,302.7,-1.638,-0.191,-1.447,45.92,315.21,303.85,292.5,0.0747,8.53,38.0,22.99,3149540546,0.0186
2023-09-08,AAPL,298.66,300.74,294.61,300.04,300.04,48349683,303.7,303.8,244.87,300.9,302.5,-1.598,-0.472,-1.126,47.31,315.17,303.7,292.23,0.0756,8.36,42.74,32.9,3197890229,0.0043
2023-09-11,AAPL,301.63,302.63,297.33,300.31,300.31,62413713,303.57,303.49,245.59,300.81,302.34,-1.527,-0.683,-0.844,47.62,315.13,303.57,292.01,0.0762,8.14,43.73,41.49,3260303942,0.0009
2023-09-12,AAPL,300.55,304.75,297.73,297.8,297.8,42972330,303.39,303.13,246.3,300.35,302.0,-1.654,-0.877,-0.777,45.02,315.19,303.39,291.58,0.0778,8.06,34.51,40.33,3217331612,-0.0084
2023-09-13,AAPL,298.75,300.0,292.38,292.38,292.38,69718553,302.79,302.72,246.99,299.12,301.29,-2.167,-1.135,-1.032,39.95,315.52,302.79,290.07,0.0841,8.03,15.76,31.33,3147613059,-0.0182
2023-09-14,AAPL,291.57,293.47,289.13,289.23,289.23,59871345,302.16,302.22,247.69,297.6,300.4,-2.796,-1.468,-1.328,37.32,316.19,302.16,288.12,0.0929,7.77,3.31,17.86,3087741714,-0.0108
2023-09-15,AAPL,288.82,295.07,288.16,293.18,293.18,59403602,301.66,301.79,248.4,296.92,299.86,-2.942,-1.762,-1.179,42.44,316.21,301.66,287.1,0.0965,7.71,20.03,13.03,3147145316,0.0137
2023-09-18,AAPL,292.46,296.51,286.21,286.88,286.88,71220487,300.39,301.34,249.08,295.38,298.9,-3.525,-2.115,-1.41,37.22,315.47,300.39,285.32,0.1004,7.89,2.48,8.61,3075924829,-0.0215
2023-09-19,AAPL,288.41,292.94,285.92,292.49,292.49,70377778,299.74,301.0,249.8,294.93,298.43,-3.494,-2.391,-1.103,43.84,315.0,299.74,284.48,0.1018,7.83,24.07,15.53,3146302607,0.0196
2023-09-20,AAPL,292.23,300.42,291.63,296.04,296.04,44675769,299.17,300.93,250.52,295.1,298.25,-3.147,-2.542,-0.605,47.61,314.09,299.17,284.25,0.0997,7.9,37.07,21.21,3190978376,0.0121
2023-09-21,AAPL,296.71,298.08,292.26,297.14,297.14,36150754,298.41,300.83,251.23,295.42,298.17,-2.751,-2.584,-0.167,48.75,312.04,298.41,284.78,0.0914,7.75,53.0,38.05,3227129130,0.0037
2023-09-22,AAPL,296.55,299.12,293.34,294.54,294.54,51991173,297.55,300.62,251.93,295.28,297.9,-2.617,-2.59,-0.027,46.18,309.83,297.55,285.28,0.0825,7.61,45.78,45.28,3175137957,-0.0088
2023-09-25,AAPL,292.34,298.05,290.52,295.76,295.76,71224684,297.14,300.53,252.62,295.35,297.74,-2.385,-2.549,0.164,47.58,309.08,297.14,285.21,0.0803,7.6,52.26,50.34,3246362641,0.0041
2023-09-26,AAPL,294.14,299.24,291.08,298.8,298.8,66497829,296.93,300.53,253.33,295.88,297.82,-1.933,-2.426,0.493,51.0,308.59,296.93,285.27,0.0785,7.64,68.4,55.48,3312860470,0.0103
2023-09-27,AAPL,298.59,304.58,298.57,301.02,301.02,40357228,296.47,300.57,254.04,296.67,298.06,-1.381,-2.217,0.836,53.38,306.62,296.47,286.33,0.0684,7.53,80.19,66.95,3353217698,0.0074
2023-09-28,AAPL,299.93,312.74,299.57,309.22,309.22,88388768,296.44,300.66,254.78,298.6,298.88,-0.278,-1.829,1.552,60.96,306.46,296.44,286.43,0.0675,7.93,86.88,78.49,3441606466,0.0272
2023-09-29,AAPL,310.97,312.02,309.42,311.83,311.83,46189548,296.84,300.82,255.54,300.64,299.84,0.798,-1.304,2.102,63.01,308.5,296.84,285.18,0.0785,7.56,96.61,87.89,3487796014,0.0084
2023-10-02,AAPL,310.0,312.93,303.16,303.23,303.23,82010674,297.19,300.89,256.25,301.04,300.09,0.946,-0.854,1.799,53.08,309.17,297.19,285.22,0.0806,7.72,64.09,82.52,3405785340,-0.0276
2023-10-03,AAPL,301.99,311.21,294.61,310.08,310.08,86180967,298.1,301.1,256.98,302.43,300.83,1.597,-0.364,1.96,58.67,311.06,298.1,285.14,0.0869,8.35,89.45,83.38,3491966307,0.0226
2023-10-04,AAPL,310.31,314.25,304.89,307.27,307.27,63876013,298.8,301.3,257.71,303.17,301.31,1.865,0.082,1.783,55.74,312.15,298.8,285.45,0.0893,8.43,75.36,76.3,3428090294,-0.0091
2023-10-05,AAPL,309.46,312.46,301.16,304.7,304.7,74808387,299.1,301.46,258.41,303.41,301.56,1.848,0.435,1.413,53.12,312.69,299.1,285.5,0.0909,8.63,66.29,77.03,3353281907,-0.0084
2023-10-06,AAPL,303.98,305.7,300.56,302.25,302.25,47494604,299.21,301.69,259.12,303.23,301.61,1.619,0.672,0.947,50.68,312.86,299.21,285.55,0.0913,8.38,57.64,66.43,3305787303,-0.008
2023-10-09,AAPL,298.63,302.88,289.81,295.6,295.6,56507408,298.97,301.7,259.79,302.06,301.17,0.89,0.716,0.175,44.68,312.71,298.97,285.24,0.0919,8.72,23.69,49.21,3249279895,-0.022
2023-10-10,AAPL,294.43,296.4,292.18,293.93,293.93,48161065,298.78,301.7,260.46,300.81,300.63,0.176,0.608,-0.432,43.29,312.68,298.78,284.87,0.0931,8.4,16.86,32.73,3201118830,-0.0056
2023-10-11,AAPL,293.03,297.08,285.11,287.38,287.38,75340046,298.53,301.37,261.12,298.74,299.65,-0.908,0.305,-1.213,38.27,313.05,298.53,284.01,0.0973,8.65,7.79,16.11,3125778784,-0.0223
2023-10-12,AAPL,289.99,291.2,282.04,285.15,285.15,47311952,298.32,300.86,261.75,296.65,298.57,-1.925,-0.141,-1.784,36.71,313.46,298.32,283.18,0.1015,8.69,9.66,11.43,3078466832,-0.0078
2023-10-13,AAPL,286.76,290.5,282.4,289.07,289.07,43811760,298.12,300.52,262.43,295.48,297.87,-2.387,-0.59,-1.797,41.25,313.64,298.12,282.6,0.1041,8.65,21.83,13.09,3122278592,0.0137
2023-10-16,AAPL,290.1,292.37,284.45,288.04,288.04,47182894,298.18,300.2,263.1,294.34,297.14,-2.804,-1.033,-1.771,40.43,313.54,298.18,282.82,0.103,8.59,18.63,16.7,3075095698,-0.0036
2023-10-17,AAPL,287.68,288.34,286.5,287.84,287.84,59320085,297.94,299.89,263.75,293.34,296.45,-3.115,-1.449,-1.665,40.26,313.77,297.94,282.11,0.1063,8.11,18.01,19.49,3015775613,-0.0007
2023-10-18,AAPL,285.08,287.17,281.57,287.0,287.0,45058556,297.49,299.58,264.38,292.36,295.75,-3.39,-1.837,-1.552,39.52,314.02,297.49,280.97,0.1111,7.98,16.62,17.75,2970717057,-0.0029
2023-10-19,AAPL,284.59,289.5,280.67,288.54,288.54,73162010,297.06,299.28,265.04,291.78,295.22,-3.443,-2.159,-1.285,41.64,314.04,297.06,280.08,0.1143,8.04,23.44,19.35,3043879067,0.0054
2023-10-20,AAPL,290.79,293.18,279.17,279.52,279.52,83786886,296.31,298.8,265.66,289.89,294.06,-4.166,-2.56,-1.606,34.11,314.92,296.31,277.7,0.1256,8.47,1.0,13.68,2960092181,-0.0313
2023-10-23,AAPL,279.6,286.14,276.39,282.7,282.7,68889733,295.66,298.4,266.29,288.78,293.21,-4.431,-2.934,-1.497,38.34,315.19,295.66,276.12,0.1321,8.56,16.67,13.7,3028981914,0.0114
2023-10-24,AAPL,280.08,288.41,276.36,287.29,287.29,78450697,295.08,298.12,266.94,288.55,292.78,-4.222,-3.192,-1.03,43.94,314.89,295.08,275.28,0.1342,8.81,30.28,15.98,3107432611,0.0162
2023-10-25,AAPL,286.75,287.91,274.23,281.1,281.1,58504642,294.09,297.65,267.56,287.41,291.91,-4.504,-3.454,-1.05,38.82,314.59,294.09,273.58,0.1394,9.16,21.83,22.92,3048927969,-0.0215
2023-10-26,AAPL,282.93,284.55,281.39,283.9,283.9,50755702,292.82,297.29,268.19,286.87,291.32,-4.45,-3.653,-0.797,42.11,312.54,292.82,273.1,0.1347,8.75,33.75,28.62,3099683671,0.01
2023-10-27,AAPL,284.9,286.26,279.76,280.26,280.26,64580513,291.24,296.83,268.81,285.85,290.5,-4.647,-3.852,-0.795,39.16,309.63,291.24,272.85,0.1263,8.59,26.39,27.32,3035103158,-0.0128
2023-10-30,AAPL,281.46,281.85,278.43,279.94,279.94,41195466,290.08,296.19,269.43,284.94,289.72,-4.775,-4.037,-0.738,38.9,308.23,290.08,271.92,0.1252,8.22,24.99,28.38,2993907692,-0.0011
2023-10-31,AAPL,280.33,283.72,277.59,279.12,279.12,56235761,288.53,295.66,270.03,284.05,288.93,-4.885,-4.206,-0.679,38.21,304.78,288.53,272.28,0.1126,8.07,25.8,25.73,2937671931,-0.0029
2023-11-01,AAPL,279.22,282.17,269.56,273.13,273.13,61160918,286.82,294.98,270.57,282.37,287.76,-5.394,-4.444,-0.95,33.51,301.97,286.82,271.67,0.1057,8.39,15.11,21.97,2876511013,-0.0215
2023-11-02,AAPL,273.95,276.79,272.19,273.48,273.48,46144736,285.26,294.2,271.13,281.0,286.7,-5.704,-4.696,-1.008,34.02,299.1,285.26,271.42,0.097,8.12,16.6,19.17,2922655749,0.0013
2023-11-03,AAPL,273.35,273.67,269.67,271.44,271.44,48226397,283.72,293.39,271.66,279.53,285.57,-6.044,-4.966,-1.078,32.46,296.47,283.72,270.97,0.0899,7.83,7.96,13.22,2874429352,-0.0075
2023-11-06,AAPL,272.14,272.2,266.15,269.33,269.33,72194024,282.41,292.7,272.16,277.96,284.37,-6.41,-5.254,-1.155,30.87,295.4,282.41,269.41,0.092,7.7,11.76,12.11,2802235328,-0.0078
2023-11-07,AAPL,266.07,278.52,265.86,274.61,274.61,74403342,281.44,292.13,272.66,277.44,283.65,-6.202,-5.444,-0.758,38.9,293.72,281.44,269.17,0.0872,8.06,32.03,17.25,2876638670,0.0196
2023-11-08,AAPL,273.58,284.37,269.0,279.46,279.46,72342730,281.05,291.52,273.19,277.75,283.34,-5.582,-5.471,-0.11,45.19,293.04,281.05,269.05,0.0853,8.58,49.78,31.19,2948981400,0.0177
2023-11-09,AAPL,282.15,284.67,274.14,275.02,275.02,71258890,280.54,290.82,273.69,277.33,282.72,-5.387,-5.455,0.068,41.03,292.65,280.54,268.43,0.0863,8.72,40.62,40.81,2877722510,-0.0159
2023-11-10,AAPL,277.87,279.0,270.62,272.9,272.9,72879607,279.73,290.2,274.17,276.65,281.99,-5.341,-5.432,0.091,39.17,291.61,279.73,267.85,0.085,8.69,31.22,40.54,2804842903,-0.0077
2023-11-13,AAPL,273.03,274.41,270.53,271.54,271.54,52593071,278.91,289.71,274.66,275.87,281.22,-5.353,-5.416,0.063,37.98,290.66,278.91,267.16,0.0843,8.35,25.76,32.53,2752249832,-0.005
2023-11-14,AAPL,271.29,277.06,270.41,273.92,273.92,40438504,278.21,289.35,275.14,275.57,280.68,-5.112,-5.355,0.243,41.33,289.4,278.21,267.02,0.0804,8.23,39.51,32.16,2792688336,0.0088
2023-11-15,AAPL,274.7,280.58,269.48,279.78,279.78,61524932,277.85,289.08,275.68,276.21,280.61,-4.397,-5.164,0.767,48.69,288.32,277.85,267.38,0.0754,8.43,68.24,44.5,2854213268,0.0214
2023-11-16,AAPL,280.8,286.27,273.75,284.09,284.09,66466076,277.63,288.79,276.21,277.43,280.87,-3.443,-4.82,1.376,53.32,287.34,277.63,267.91,0.07,8.73,89.32,65.69,2920679344,0.0154
2023-11-17,AAPL,281.52,281.55,275.92,277.46,277.46,58931784,277.52,288.33,276.71,277.43,280.62,-3.185,-4.493,1.307,46.38,287.2,277.52,267.85,0.0697,8.69,56.83,71.46,2861747560,-0.0233
2023-11-20,AAPL,277.96,282.43,274.86,276.44,276.44,54003102,277.21,287.86,277.18,277.28,280.31,-3.029,-4.2,1.171,45.4,286.6,277.21,267.82,0.0677,8.61,51.84,66.0,2807744458,-0.0037
2023-11-21,AAPL,276.0,276.15,270.92,273.52,273.52,59455562,276.52,287.37,277.64,276.7,279.8,-3.104,-3.981,0.877,42.63,284.81,276.52,268.24,0.0599,8.39,37.53,48.73,2748288896,-0.0106
2023-11-22,AAPL,273.62,275.12,269.83,272.7,272.7,54714370,276.1,286.98,278.1,276.08,279.28,-3.193,-3.823,0.63,41.86,284.27,276.1,267.94,0.0591,8.16,33.51,40.96,2693574526,-0.003
2023-11-23,AAPL,271.21,274.69,265.19,267.23,267.23,46988622,275.27,286.54,278.53,274.72,278.39,-3.663,-3.791,0.128,37.03,283.48,275.27,267.06,0.0597,8.26,9.68,26.91,2646585904,-0.0201
2023-11-24,AAPL,266.97,269.49,264.86,268.99,268.99,41039723,274.71,286.05,278.96,273.84,277.69,-3.849,-3.803,-0.046,39.45,283.02,274.71,266.39,0.0605,8.0,19.29,20.83,2687625627,0.0066
2023-11-27,AAPL,267.61,272.39,265.3,269.38,269.38,52390684,274.18,285.7,279.37,273.15,277.07,-3.92,-3.826,-0.094,40.0,282.43,274.18,265.92,0.0602,7.94,21.11,16.69,2740016311,0.0014
2023-11-28,AAPL,269.24,272.82,264.16,267.06,267.06,55977879,273.57,285.19,279.78,272.22,276.33,-4.116,-3.884,-0.232,37.8,282.06,273.57,265.09,0.062,7.99,13.12,17.84,2684038432,-0.0086
2023-11-29,AAPL,266.88,271.86,261.79,269.33,269.33,64801424,273.38,284.66,280.19,271.77,275.81,-4.041,-3.915,-0.126,41.21,282.07,273.38,264.7,0.0635,8.14,30.8,21.68,2748839856,0.0085
2023-11-30,AAPL,268.09,271.87,267.07,268.76,268.76,51225799,273.15,284.09,280.61,271.31,275.29,-3.982,-3.929,-0.053,40.6,282.06,273.15,264.24,0.0653,7.9,28.47,24.13,2697614057,-0.0021
2023-12-01,AAPL,268.85,271.67,267.02,269.04,269.04,61973893,273.03,283.58,281.04,270.96,274.83,-3.868,-3.917,0.049,41.06,282.09,273.03,263.96,0.0664,7.67,29.62,29.63,2759587950,0.001
2023-12-04,AAPL,271.06,273.02,265.29,266.62,266.62,59227588,272.89,283.0,281.44,270.29,274.22,-3.928,-3.919,-0.009,38.33,282.25,272.89,263.54,0.0686,7.67,19.73,25.94,2700360362,-0.009
2023-12-05,AAPL,265.41,266.36,262.0,263.51,263.51,64217923,272.34,282.29,281.81,269.25,273.43,-4.178,-3.971,-0.207,35.09,282.5,272.34,262.17,0.0747,7.45,7.03,18.79,2636142439,-0.0117
2023-12-06,AAPL,264.26,265.96,259.54,264.43,264.43,58888632,271.59,281.56,282.19,268.51,272.76,-4.253,-4.027,-0.226,36.79,281.76,271.59,261.42,0.0749,7.38,21.36,16.04,2695031071,0.0035
2023-12-07,AAPL,262.75,280.1,261.98,276.84,276.84,88911967,271.68,280.92,282.63,269.79,273.06,-3.273,-3.876,0.603,54.2,282.0,271.68,261.35,0.076,8.15,75.58,34.66,2783943038,0.0469
2023-12-08,AAPL,277.09,279.16,274.05,278.69,278.69,47139298,271.97,280.25,283.05,271.16,273.48,-2.321,-3.565,1.245,56.14,282.73,271.97,261.21,0.0791,7.93,93.14,63.36,2831082336,0.0067
2023-12-11,AAPL,280.1,286.3,277.9,283.24,283.24,69939761,272.55,279.85,283.5,273.02,274.2,-1.185,-3.089,1.904,60.57,284.37,272.55,260.73,0.0868,7.96,88.57,85.76,2901022097,0.0163
2023-12-12,AAPL,284.59,286.33,279.7,281.24,281.24,60522307,272.92,279.28,283.95,274.28,274.72,-0.441,-2.56,2.118,57.81,285.33,272.92,260.51,0.0909,7.87,81.0,87.57,2840499790,-0.0071
2023-12-13,AAPL,280.72,281.88,274.79,277.36,277.36,42421933,272.8,278.68,284.34,274.76,274.92,-0.163,-2.08,1.917,52.78,284.98,272.8,260.61,0.0893,7.81,66.52,78.69,2798077857,-0.0138
2023-12-14,AAPL,278.3,278.49,274.65,277.5,277.5,60575835,272.47,278.13,284.75,275.18,275.11,0.068,-1.651,1.719,52.94,283.73,272.47,261.2,0.0827,7.53,67.04,71.52,2858653692,0.0005
2023-12-15,AAPL,279.11,284.53,277.04,282.36,282.36,53257911,272.71,277.74,285.15,276.28,275.65,0.636,-1.193,1.829,58.2,284.6,272.71,260.83,0.0872,7.53,85.18,72.91,2911911603,0.0175
2023-12-18,AAPL,283.97,285.64,277.2,280.49,280.49,69045964,272.91,277.43,285.55,276.93,276.01,0.924,-0.77,1.694,55.62,285.18,272.91,260.65,0.0899,7.59,78.2,76.81,2842865639,-0.0066
2023-12-19,AAPL,279.92,284.2,279.41,282.14,282.14,66569022,273.35,277.2,285.96,277.73,276.46,1.271,-0.362,1.633,57.42,286.25,273.35,260.44,0.0945,7.39,84.36,82.58,2909434661,0.0059
2023-12-20,AAPL,282.39,287.05,282.01,283.83,283.83,37069825,273.9,277.13,286.37,278.67,277.01,1.664,0.043,1.62,59.23,287.59,273.9,260.22,0.0999,7.22,88.3,83.62,2946504486,0.006
2023-12-21,AAPL,283.14,288.14,276.77,279.91,279.91,59161540,274.54,277.02,286.75,278.86,277.22,1.639,0.363,1.277,53.53,288.1,274.54,260.97,0.0988,7.52,71.22,81.29,2887342946,-0.0138
2023-12-22,AAPL,278.58,283.13,263.51,264.28,264.28,89250241,274.3,276.53,287.06,276.62,276.26,0.355,0.361,-0.006,37.88,288.4,274.3,260.21,0.1028,8.38,16.57,58.7,2798092705,-0.0558
2023-12-25,AAPL,266.43,266.65,263.52,265.62,265.62,48867085,274.11,276.08,287.38,274.93,275.47,-0.549,0.179,-0.728,39.51,288.56,274.11,259.66,0.1054,8.01,21.26,36.35,2846959790,0.0051
2023-12-26,AAPL,265.54,269.29,261.44,261.49,261.49,71916300,273.83,275.55,287.62,272.86,274.44,-1.58,-0.173,-1.407,36.34,289.01,273.83,258.66,0.1109,8.0,0.19,12.67,2775043490,-0.0155
2023-12-27,AAPL,259.87,265.18,257.28,263.64,263.64,58623596,273.55,275.08,287.87,271.44,273.64,-2.198,-0.578,-1.62,39.08,289.26,273.55,257.84,0.1149,7.99,20.61,14.02,2833667086,0.0082
2023-12-28,AAPL,266.42,271.85,260.78,268.22,268.22,60738303,273.52,274.68,288.13,270.94,273.24,-2.292,-0.921,-1.372,44.56,289.27,273.52,257.78,0.1151,8.21,35.45,18.75,2894405389,0.0174
2023-12-29,AAPL,268.34,268.92,261.47,264.35,264.35,46865505,273.29,274.37,288.36,269.93,272.58,-2.649,-1.266,-1.382,41.19,289.43,273.29,257.15,0.1181,8.16,22.91,26.32,2847539884,-0.0144
2024-01-01,AAPL,264.63,266.11,258.35,263.68,263.68,46107391,273.14,273.99,288.62,268.97,271.92,-2.951,-1.603,-1.348,40.62,289.57,273.14,256.71,0.1203,8.13,20.74,26.37,2801432493,-0.0025
2024-01-02,AAPL,263.94,270.76,257.29,259.3,259.3,57532150,272.93,273.43,288.86,267.48,270.98,-3.504,-1.983,-1.52,36.99,289.95,272.93,255.92,0.1247,8.51,6.55,16.73,2743900343,-0.0166
2024-01-03,AAPL,257.85,260.3,253.73,258.05,258.05,40466958,272.61,272.97,289.06,266.03,270.03,-3.997,-2.386,-1.611,36.01,290.47,272.61,254.75,0.131,8.37,12.55,13.28,2703433385,-0.0048
2024-01-04,AAPL,257.84,259.18,253.86,255.79,255.79,59230007,271.56,272.41,289.24,264.45,268.97,-4.517,-2.812,-1.705,34.23,290.73,271.56,252.39,0.1412,8.15,5.99,8.36,2644203378,-0.0088
2024-01-05,AAPL,254.52,262.37,250.78,258.51,258.51,61896128,270.55,271.98,289.42,263.54,268.2,-4.657,-3.181,-1.476,38.19,290.23,270.55,250.87,0.1455,8.4,20.69,13.08,2706099506,0.0106
