Date,Ticker,Open,High,Low,Close,AdjClose,Volume,SMA_20,SMA_50,SMA_200,EMA_12,EMA_26,MACD,MACD_Signal,MACD_Hist,RSI_14,BB_Upper,BB_Middle,BB_Lower,BB_Width,ATR_14,Stoch_K,Stoch_D,OBV,Daily_Return
2021-01-01,ETHIO_COFFEE,185.55,196.6,179.14,194.18,194.18,343968,,,,,,,,,,,,,,,,,0,0.0
2021-01-04,ETHIO_COFFEE,195.51,197.35,192.71,194.07,194.07,210126,,,,,,,,,,,,,,,,,-210126,-0.0006
2021-01-05,ETHIO_COFFEE,193.31,198.79,192.4,195.53,195.53,201746,,,,,,,,,,,,,,,,,-8380,0.0075
2021-01-06,ETHIO_COFFEE,196.3,203.47,196.07,198.34,198.34,222604,,,,,,,,,,,,,,,,,214224,0.0144
2021-01-07,ETHIO_COFFEE,197.52,199.03,196.49,197.1,197.1,146989,,,,,,,,,,,,,,,,,67235,-0.0063
2021-01-08,ETHIO_COFFEE,198.34,201.0,194.97,200.0,200.0,216893,,,,,,,,,,,,,,,,,284128,0.0147
2021-01-11,ETHIO_COFFEE,198.41,198.59,192.71,198.54,198.54,210870,,,,,,,,,,,,,,,,,73258,-0.0073
2021-01-12,ETHIO_COFFEE,194.7,200.74,191.67,197.31,197.31,224593,,,,,,,,,,,,,,,,,-151335,-0.0062
2021-01-13,ETHIO_COFFEE,195.71,202.67,192.66,199.66,199.66,202477,,,,,,,,,,,,,,,,,51142,0.0119
2021-01-14,ETHIO_COFFEE,197.74,199.53,194.73,194.8,194.8,207700,,,,,,,,,,,,,,,,,-156558,-0.0243
2021-01-15,ETHIO_COFFEE,193.31,205.0,193.12,200.03,200.03,293815,,,,,,,,,,,,,,,,,137257,0.0268
2021-01-18,ETHIO_COFFEE,200.1,200.68,197.57,197.83,197.83,238481,,,,197.28,,,,,,,,,,,,,-101224,-0.011
2021-01-19,ETHIO_COFFEE,197.19,198.99,193.19,196.26,196.26,126720,,,,197.13,,,,,,,,,,,,,-227944,-0.0079
2021-01-20,ETHIO_COFFEE,196.48,197.61,193.59,194.86,194.86,198318,,,,196.78,,,,,,,,,,7.22,60.79,,-426262,-0.0071
2021-01-21,ETHIO_COFFEE,195.23,203.44,193.97,202.23,202.23,287562,,,,197.62,,,,,61.12,,,,,7.38,79.22,,-138700,0.0378
2021-01-22,ETHIO_COFFEE,202.57,209.75,202.46,205.16,205.16,214302,,,,198.78,,,,,64.24,,,,,7.39,74.61,71.54,75602,0.0145
2021-01-25,ETHIO_COFFEE,205.89,215.83,204.65,214.94,214.94,297563,,,,201.26,,,,,72.24,,,,,7.66,96.32,83.38,373165,0.0477
2021-01-26,ETHIO_COFFEE,215.48,219.65,212.87,219.0,219.0,190627,,,,203.99,,,,,74.77,,,,,7.6,97.68,89.54,563792,0.0189
2021-01-27,ETHIO_COFFEE,219.54,223.17,215.47,215.93,215.93,198450,,,,205.83,,,,,69.61,,,,,7.61,77.02,90.34,365342,-0.014
2021-01-28,ETHIO_COFFEE,215.74,216.53,212.23,212.81,212.81,193833,201.43,,,206.9,,,,,64.73,216.76,201.43,186.1,0.1522,7.37,67.11,80.6,171509,-0.0144
2021-01-29,ETHIO_COFFEE,212.79,214.06,207.91,210.7,210.7,185552,202.25,,,207.49,,,,,61.58,217.71,202.25,186.8,0.1528,7.28,60.41,68.18,-14043,-0.0099
2021-02-01,ETHIO_COFFEE,210.02,210.6,207.67,208.89,208.89,217720,203.0,,,207.7,,,,,58.93,218.23,203.0,187.76,0.1501,6.98,53.2,60.24,-231763,-0.0086
2021-02-02,ETHIO_COFFEE,209.69,212.66,202.57,207.48,207.48,209377,203.59,,,207.67,,,,,56.88,218.54,203.59,188.64,0.1469,7.2,47.79,53.8,-441140,-0.0067
2021-02-03,ETHIO_COFFEE,206.22,223.51,205.28,219.12,219.12,297228,204.63,,,209.43,,,,,67.07,220.82,204.63,188.45,0.1582,7.99,85.55,62.18,-143912,0.0561
2021-02-04,ETHIO_COFFEE,218.23,222.55,215.03,220.66,220.66,191734,205.81,,,211.16,,,,,68.14,223.03,205.81,188.59,0.1673,7.96,90.6,74.65,47822,0.007
2021-02-05,ETHIO_COFFEE,220.3,224.72,214.01,217.48,217.48,146231,206.68,,,212.13,204.34,7.788,,,63.54,224.4,206.68,188.97,0.1714,8.15,77.04,84.4,-98409,-0.0144
2021-02-08,ETHIO_COFFEE,217.71,225.39,216.76,223.69,223.69,215914,207.94,,,213.91,205.78,8.133,,,68.08,226.71,207.94,189.18,0.1805,8.19,94.65,87.43,117505,0.0286
2021-02-09,ETHIO_COFFEE,223.89,233.28,223.05,228.19,228.19,166983,209.49,,,216.11,207.44,8.67,,,70.9,229.53,209.49,189.44,0.1914,8.33,87.05,86.25,284488,0.0201
2021-02-10,ETHIO_COFFEE,228.0,238.94,226.74,237.87,237.87,268245,211.4,,,219.45,209.69,9.764,,,75.85,234.4,211.4,188.39,0.2176,8.61,97.07,92.92,552733,0.0424
2021-02-11,ETHIO_COFFEE,239.75,242.63,237.59,242.18,242.18,236223,213.77,,,222.95,212.1,10.853,,,77.67,239.09,213.77,188.45,0.2369,8.35,98.88,94.33,788956,0.0181
2021-02-12,ETHIO_COFFEE,240.02,246.34,237.53,241.53,241.53,181522,215.84,,,225.81,214.28,11.532,,,76.73,243.05,215.84,188.63,0.2521,8.39,89.01,94.98,607434,-0.0027
2021-02-15,ETHIO_COFFEE,238.53,244.55,238.16,243.76,243.76,195659,218.14,,,228.57,216.46,12.109,,,77.73,246.6,218.14,189.67,0.261,8.24,94.11,94.0,803093,0.0092
2021-02-16,ETHIO_COFFEE,243.18,250.4,240.72,247.82,247.82,219726,220.71,,,231.53,218.78,12.748,,,79.45,250.11,220.71,191.32,0.2664,8.35,94.61,92.57,1022819,0.0167
2021-02-17,ETHIO_COFFEE,248.63,253.33,238.91,239.96,239.96,223897,222.97,,,232.83,220.35,12.476,10.453,2.023,68.41,250.97,222.97,194.97,0.2512,8.78,73.66,87.46,798922,-0.0317
2021-02-18,ETHIO_COFFEE,238.43,241.83,238.36,240.35,240.35,220576,224.88,,,233.99,221.83,12.152,10.792,1.359,68.64,252.15,224.88,197.6,0.2426,8.4,74.43,80.9,1019498,0.0016
2021-02-19,ETHIO_COFFEE,242.17,246.02,242.12,245.6,245.6,247937,226.9,,,235.77,223.59,12.178,11.07,1.109,71.67,254.02,226.9,199.77,0.2391,8.21,84.77,77.62,1267435,0.0218
2021-02-22,ETHIO_COFFEE,244.96,248.87,239.06,246.01,246.01,165558,228.45,,,237.35,225.25,12.093,11.274,0.819,71.9,256.21,228.45,200.69,0.243,8.32,84.77,81.32,1432993,0.0017
2021-02-23,ETHIO_COFFEE,245.39,246.5,241.98,242.02,242.02,174542,229.6,,,238.07,226.5,11.57,11.333,0.236,66.3,257.61,229.6,201.6,0.244,8.05,71.24,80.26,1258451,-0.0162
2021-02-24,ETHIO_COFFEE,243.03,249.41,240.06,245.72,245.72,141436,231.09,,,239.24,227.92,11.323,11.331,-0.008,68.73,259.2,231.09,202.98,0.2433,8.14,80.65,78.88,1399887,0.0153
2021-02-25,ETHIO_COFFEE,244.8,246.59,242.58,244.39,244.39,117782,232.67,,,240.04,229.14,10.895,11.244,-0.349,66.87,260.03,232.67,205.31,0.2352,7.85,75.55,75.81,1282105,-0.0054
2021-02-26,ETHIO_COFFEE,243.88,245.51,241.62,244.51,244.51,124723,234.36,,,240.72,230.28,10.445,11.084,-0.639,66.95,260.22,234.36,208.5,0.2207,7.56,70.87,75.69,1406828,0.0005
2021-03-01,ETHIO_COFFEE,243.38,245.31,238.99,239.13,239.13,167736,235.87,,,240.48,230.93,9.544,10.776,-1.232,59.4,258.99,235.87,212.76,0.196,7.48,46.6,64.34,1239092,-0.022
2021-03-02,ETHIO_COFFEE,238.63,245.31,236.15,242.78,242.78,260193,237.64,,,240.83,231.81,9.021,10.425,-1.404,62.49,256.88,237.64,218.4,0.1619,7.6,38.59,52.02,1499285,0.0153
2021-03-03,ETHIO_COFFEE,241.37,243.29,231.82,236.23,236.23,219580,238.49,,,240.12,232.14,7.985,9.937,-1.952,54.48,255.79,238.49,221.2,0.145,7.87,20.5,35.23,1279705,-0.027
2021-03-04,ETHIO_COFFEE,234.32,238.98,232.25,237.2,237.2,206278,239.32,,,239.67,232.51,7.16,9.382,-2.221,55.39,254.58,239.32,224.06,0.1276,7.79,25.01,28.04,1485983,0.0041
2021-03-05,ETHIO_COFFEE,238.31,239.92,235.4,239.14,239.14,207684,240.4,,,239.59,233.01,6.587,8.823,-2.235,57.24,251.93,240.4,228.88,0.0959,7.56,34.03,26.51,1693667,0.0082
2021-03-08,ETHIO_COFFEE,238.44,248.69,232.76,245.69,245.69,286585,241.5,,,240.53,233.94,6.586,8.376,-1.79,62.83,250.32,241.5,232.69,0.073,8.16,64.48,41.17,1980252,0.0274
2021-03-09,ETHIO_COFFEE,245.51,246.77,243.21,245.03,245.03,175144,242.35,,,241.22,234.77,6.457,7.992,-1.535,61.95,248.82,242.35,235.87,0.0535,7.83,75.1,57.87,1805108,-0.0027
2021-03-10,ETHIO_COFFEE,245.46,247.11,241.14,243.55,243.55,178446,242.63,,,241.58,235.42,6.164,7.626,-1.462,59.93,248.79,242.63,236.47,0.0508,7.69,66.69,68.76,1626662,-0.006
2021-03-11,ETHIO_COFFEE,241.82,252.57,239.4,250.28,250.28,281890,243.03,222.11,,242.92,236.52,6.402,7.381,-0.98,65.46,250.03,243.03,236.04,0.0576,8.09,88.96,76.92,1908552,0.0276
2021-03-12,ETHIO_COFFEE,251.51,253.78,244.67,251.91,251.91,183914,243.55,223.27,,244.3,237.66,6.645,7.234,-0.589,66.66,251.5,243.55,235.61,0.0653,8.16,91.48,82.38,2092466,0.0065
2021-03-15,ETHIO_COFFEE,252.9,253.91,245.34,246.07,246.07,193294,243.67,224.31,,244.57,238.28,6.293,7.046,-0.752,58.78,251.69,243.67,235.65,0.0658,8.19,64.51,81.65,1899172,-0.0232
2021-03-16,ETHIO_COFFEE,244.0,245.77,236.93,237.83,237.83,217808,243.17,225.15,,243.54,238.25,5.289,6.695,-1.405,49.83,251.34,243.17,235.0,0.0672,8.26,27.21,61.07,1681364,-0.0335
2021-03-17,ETHIO_COFFEE,236.45,239.91,233.74,238.41,238.41,192314,243.09,225.95,,242.75,238.26,4.489,6.253,-1.765,50.4,251.41,243.09,234.77,0.0684,8.11,29.83,40.52,1873678,0.0024
2021-03-18,ETHIO_COFFEE,240.56,243.27,235.86,237.22,237.22,175309,242.94,226.76,,241.9,238.18,3.715,5.746,-2.031,49.16,251.57,242.94,234.31,0.071,8.06,24.45,27.16,1698369,-0.005
2021-03-19,ETHIO_COFFEE,237.13,240.33,234.7,239.26,239.26,180472,242.62,227.54,,241.49,238.26,3.229,5.242,-2.013,51.37,251.3,242.62,233.94,0.0716,7.88,33.68,29.32,1878841,0.0086
2021-03-22,ETHIO_COFFEE,242.2,242.99,234.28,239.17,239.17,201331,242.28,228.35,,241.13,238.33,2.805,4.755,-1.95,51.26,250.94,242.28,233.62,0.0715,7.94,33.27,30.47,1677510,-0.0004
2021-03-23,ETHIO_COFFEE,236.52,239.27,236.23,238.58,238.58,175041,242.11,229.18,,240.74,238.35,2.393,4.283,-1.889,50.53,250.91,242.11,233.3,0.0728,7.59,29.22,32.06,1502469,-0.0025
2021-03-24,ETHIO_COFFEE,238.6,240.97,237.97,239.74,239.74,211865,241.81,229.98,,240.59,238.45,2.136,3.853,-1.717,51.99,250.51,241.81,233.1,0.072,7.26,33.0,31.83,1714334,0.0049
2021-03-25,ETHIO_COFFEE,238.7,240.88,238.38,240.28,240.28,169979,241.6,230.89,,240.54,238.59,1.954,3.473,-1.52,52.68,250.24,241.6,232.96,0.0715,6.92,35.56,32.59,1884313,0.0023
2021-03-26,ETHIO_COFFEE,241.2,243.87,229.19,231.4,231.4,289576,240.94,231.52,,239.13,238.05,1.08,2.995,-1.915,41.89,250.54,240.94,231.35,0.0797,7.48,8.94,25.83,1594737,-0.037
2021-03-29,ETHIO_COFFEE,232.36,233.25,229.94,232.7,232.7,174758,240.62,232.21,,238.14,237.66,0.486,2.493,-2.007,43.71,250.85,240.62,230.4,0.085,7.18,14.2,19.56,1769495,0.0056
2021-03-30,ETHIO_COFFEE,233.98,235.42,224.24,225.4,225.4,250265,239.75,232.8,,236.18,236.75,-0.566,1.881,-2.447,36.76,251.88,239.75,227.63,0.1011,7.47,3.91,9.02,1519230,-0.0314
2021-03-31,ETHIO_COFFEE,225.25,228.78,223.45,226.51,226.51,138976,239.27,233.43,,234.7,235.99,-1.296,1.246,-2.542,38.36,252.63,239.27,225.9,0.1117,7.31,10.05,9.38,1658206,0.0049
2021-04-01,ETHIO_COFFEE,223.39,229.05,221.04,228.25,228.25,197303,238.82,233.95,,233.7,235.42,-1.714,0.654,-2.368,40.9,253.01,238.82,224.63,0.1188,7.36,21.93,11.96,1855509,0.0077
2021-04-02,ETHIO_COFFEE,228.13,229.7,227.89,228.6,228.6,184674,238.29,234.42,,232.92,234.91,-1.994,0.124,-2.118,41.42,253.16,238.29,223.43,0.1248,6.97,30.57,20.85,2040183,0.0015
2021-04-05,ETHIO_COFFEE,227.71,228.25,223.05,224.4,224.4,245743,237.23,234.61,,231.61,234.13,-2.526,-0.406,-2.12,37.18,252.86,237.23,221.6,0.1317,6.87,14.72,22.41,1794440,-0.0184
2021-04-06,ETHIO_COFFEE,223.68,230.09,222.33,227.19,227.19,247766,236.34,234.77,,230.93,233.62,-2.691,-0.863,-1.828,41.46,252.12,236.34,220.56,0.1335,6.93,26.94,24.08,2042206,0.0124
2021-04-07,ETHIO_COFFEE,226.11,226.9,222.17,224.16,224.16,185125,235.37,234.94,,229.89,232.92,-3.032,-1.297,-1.735,38.4,251.63,235.37,219.11,0.1382,6.79,13.67,18.44,1857081,-0.0133
2021-04-08,ETHIO_COFFEE,224.17,230.73,221.07,228.59,228.59,233345,234.28,235.25,,229.69,232.6,-2.911,-1.62,-1.291,44.82,249.27,234.28,219.3,0.1279,7.0,33.07,24.56,2090426,0.0198
2021-04-09,ETHIO_COFFEE,229.2,232.54,228.46,232.07,232.07,181021,233.29,235.68,,230.05,232.56,-2.505,-1.797,-0.708,49.29,245.92,233.29,220.67,0.1082,6.79,48.31,31.68,2271447,0.0152
2021-04-12,ETHIO_COFFEE,232.68,238.26,232.19,235.39,235.39,234210,232.76,236.21,,230.87,232.77,-1.894,-1.816,-0.078,53.19,244.0,232.76,221.51,0.0966,6.75,62.86,48.08,2505657,0.0143
2021-04-13,ETHIO_COFFEE,236.19,243.46,235.81,241.42,241.42,251775,232.94,236.89,,232.5,233.41,-0.912,-1.635,0.723,59.31,244.61,232.94,221.27,0.1002,6.84,89.27,66.81,2757432,0.0256
2021-04-14,ETHIO_COFFEE,243.01,246.42,242.03,245.74,245.74,200246,233.3,237.42,,234.53,234.32,0.212,-1.266,1.478,63.03,246.05,233.3,220.56,0.1093,6.71,97.32,83.15,2957678,0.0179
2021-04-15,ETHIO_COFFEE,248.79,250.93,243.08,244.11,244.11,258037,233.65,237.89,,236.01,235.05,0.96,-0.821,1.781,60.77,247.15,233.65,220.15,0.1156,6.79,77.18,87.92,2699641,-0.0066
2021-04-16,ETHIO_COFFEE,245.08,249.05,239.01,240.66,240.66,222651,233.72,238.35,,236.72,235.46,1.26,-0.405,1.665,56.18,247.35,233.72,220.09,0.1166,7.02,65.64,80.05,2476990,-0.0141
2021-04-19,ETHIO_COFFEE,240.39,245.76,239.43,244.98,244.98,211130,234.01,238.78,,237.99,236.17,1.825,0.041,1.784,60.23,248.32,234.01,219.69,0.1223,6.97,80.09,74.31,2688120,0.018
2021-04-20,ETHIO_COFFEE,245.53,249.58,244.82,247.82,247.82,227136,234.47,239.17,,239.51,237.03,2.474,0.528,1.946,62.68,249.9,234.47,219.04,0.1316,6.82,89.6,78.44,2915256,0.0116
2021-04-21,ETHIO_COFFEE,246.53,250.07,245.67,245.85,245.85,145337,234.78,239.33,,240.48,237.68,2.797,0.982,1.815,59.92,250.84,234.78,218.71,0.1368,6.64,82.99,84.23,2769919,-0.0079
2021-04-22,ETHIO_COFFEE,247.57,248.49,240.87,242.08,242.08,206667,234.87,239.33,,240.73,238.01,2.717,1.329,1.388,54.95,251.07,234.87,218.66,0.138,6.71,70.36,80.98,2563252,-0.0153
2021-04-23,ETHIO_COFFEE,241.66,245.59,230.54,233.67,233.67,280470,234.98,239.17,,239.64,237.69,1.953,1.453,0.499,45.82,251.12,234.98,218.84,0.1373,7.31,42.2,65.18,2282782,-0.0347
2021-04-26,ETHIO_COFFEE,233.49,233.57,227.73,232.32,232.32,187029,234.96,238.94,,238.52,237.29,1.224,1.408,-0.184,44.54,251.11,234.96,218.81,0.1375,7.21,37.68,50.08,2095753,-0.0058
2021-04-27,ETHIO_COFFEE,233.75,239.0,230.11,236.0,236.0,141629,235.49,238.71,,238.13,237.2,0.933,1.313,-0.38,48.74,251.03,235.49,219.95,0.132,7.33,50.0,43.29,2237382,0.0158
2021-04-28,ETHIO_COFFEE,236.84,238.92,231.19,235.75,235.75,219954,235.95,238.62,,237.76,237.09,0.674,1.185,-0.511,48.47,250.94,235.95,220.97,0.127,7.36,34.57,40.75,2017428,-0.0011
2021-04-29,ETHIO_COFFEE,236.35,242.26,228.23,231.0,231.0,237845,236.09,238.44,,236.72,236.64,0.085,0.965,-0.88,43.56,250.84,236.09,221.34,0.125,7.84,14.09,32.89,1779583,-0.0201
2021-04-30,ETHIO_COFFEE,232.54,236.43,229.05,233.1,233.1,130572,236.32,238.19,,236.16,236.38,-0.211,0.73,-0.94,46.16,250.73,236.32,221.9,0.122,7.8,23.15,23.94,1910155,0.0091
2021-05-03,ETHIO_COFFEE,231.1,232.84,229.25,232.58,232.58,227844,236.72,237.92,,235.61,236.09,-0.481,0.488,-0.969,45.6,250.2,236.72,223.25,0.1139,7.52,20.91,19.38,1682311,-0.0022
2021-05-04,ETHIO_COFFEE,233.81,233.82,229.94,230.03,230.03,208133,236.87,237.68,,234.75,235.65,-0.891,0.212,-1.103,42.85,249.99,236.87,223.74,0.1109,7.26,9.91,17.99,1474178,-0.011
2021-05-05,ETHIO_COFFEE,229.09,232.39,225.72,228.99,228.99,150663,237.11,237.34,,233.87,235.15,-1.285,-0.087,-1.197,41.75,249.45,237.11,224.77,0.1041,7.22,13.43,14.75,1323515,-0.0045
2021-05-06,ETHIO_COFFEE,229.75,237.35,223.64,226.76,226.76,169174,237.02,236.99,,232.77,234.53,-1.756,-0.421,-1.335,39.4,249.63,237.02,224.4,0.1064,7.68,11.8,11.72,1154341,-0.0097
2021-05-07,ETHIO_COFFEE,226.95,228.27,222.18,224.12,224.12,196854,236.62,236.58,,231.44,233.76,-2.317,-0.8,-1.516,36.77,250.29,236.62,222.95,0.1155,7.57,6.96,10.73,957487,-0.0116
2021-05-10,ETHIO_COFFEE,223.27,223.93,218.16,219.5,219.5,172440,235.82,236.19,,229.61,232.7,-3.098,-1.26,-1.838,32.66,251.4,235.82,220.25,0.1321,7.45,4.2,7.65,785047,-0.0206
2021-05-11,ETHIO_COFFEE,220.11,220.65,218.75,220.21,220.21,191554,234.76,235.74,,228.16,231.78,-3.618,-1.731,-1.886,33.88,251.52,234.76,218.01,0.1427,7.06,6.76,5.97,976601,0.0032
2021-05-12,ETHIO_COFFEE,220.44,220.68,210.3,213.22,213.22,304014,233.14,235.28,,225.86,230.4,-4.542,-2.293,-2.248,28.41,251.54,233.14,214.73,0.1579,7.29,8.27,6.41,672587,-0.0317
2021-05-13,ETHIO_COFFEE,213.14,213.91,208.18,210.08,210.08,192573,231.44,234.74,,223.43,228.9,-5.464,-2.928,-2.537,26.35,251.67,231.44,211.2,0.1749,7.18,5.58,6.87,480014,-0.0147
2021-05-14,ETHIO_COFFEE,208.73,209.44,206.36,207.88,207.88,217474,229.8,234.11,,221.04,227.34,-6.3,-3.602,-2.698,24.99,251.99,229.8,207.6,0.1932,6.94,4.23,6.03,262540,-0.0105
2021-05-17,ETHIO_COFFEE,205.65,206.62,203.25,203.37,203.37,210666,227.72,233.26,,218.32,225.57,-7.243,-4.33,-2.913,22.42,251.57,227.72,203.86,0.2095,6.77,0.31,3.37,51874,-0.0217
2021-05-18,ETHIO_COFFEE,201.24,205.56,196.4,204.43,204.43,168891,225.55,232.45,,216.18,224.0,-7.815,-5.027,-2.788,24.39,249.58,225.55,201.51,0.2131,6.94,17.51,7.35,220765,0.0052
2021-05-19,ETHIO_COFFEE,205.75,208.0,202.53,203.85,203.85,154431,223.45,231.66,,214.29,222.51,-8.22,-5.666,-2.554,24.03,247.36,223.45,199.53,0.214,6.84,18.19,12.0,66334,-0.0028
2021-05-20,ETHIO_COFFEE,205.05,206.88,200.08,200.17,200.17,233943,221.35,230.66,,212.12,220.85,-8.737,-6.28,-2.457,21.83,245.71,221.35,197.0,0.2201,6.83,9.21,14.97,-167609,-0.0181
2021-05-21,ETHIO_COFFEE,201.04,206.62,198.84,206.17,206.17,275811,219.98,229.74,,211.2,219.76,-8.564,-6.737,-1.827,32.64,244.5,219.98,195.45,0.223,6.9,23.86,17.09,108202,0.03
2021-05-24,ETHIO_COFFEE,207.26,209.6,200.8,205.42,205.42,179851,218.63,228.93,,210.31,218.7,-8.391,-7.068,-1.323,32.04,243.25,218.63,194.01,0.2252,7.04,22.03,18.36,-71649,-0.0036
2021-05-25,ETHIO_COFFEE,207.29,214.23,205.0,214.13,214.13,271574,217.54,228.45,,210.9,218.36,-7.465,-7.147,-0.318,44.68,240.88,217.54,194.19,0.2146,7.19,43.3,29.73,199925,0.0424
2021-05-26,ETHIO_COFFEE,215.67,216.32,209.18,210.91,210.91,216551,216.3,227.9,,210.9,217.81,-6.911,-7.1,0.189,41.6,238.23,216.3,194.36,0.2028,7.19,45.53,36.95,-16626,-0.015
2021-05-27,ETHIO_COFFEE,211.21,212.59,209.5,212.15,212.15,191540,215.35,227.4,,211.09,217.39,-6.299,-6.94,0.64,43.22,236.28,215.35,194.43,0.1943,6.9,57.21,48.68,174914,0.0059
2021-05-28,ETHIO_COFFEE,212.75,213.11,207.75,210.25,210.25,241656,214.21,226.82,,210.96,216.86,-5.9,-6.732,0.832,41.33,233.57,214.21,194.85,0.1808,6.79,57.04,53.26,-66742,-0.009
2021-05-31,ETHIO_COFFEE,209.51,212.47,207.28,209.79,209.79,127007,213.07,226.24,,210.78,216.34,-5.556,-6.497,0.94,40.86,230.57,213.07,195.58,0.1642,6.67,55.15,56.47,-193749,-0.0022
2021-06-01,ETHIO_COFFEE,208.6,212.5,208.2,208.74,208.74,129807,212.01,225.64,,210.47,215.78,-5.308,-6.259,0.951,39.75,227.75,212.01,196.27,0.1485,6.5,61.95,58.05,-323556,-0.005
2021-06-02,ETHIO_COFFEE,209.93,216.88,208.98,214.6,214.6,182008,211.29,225.14,,211.1,215.69,-4.585,-5.924,1.339,48.18,225.05,211.29,197.53,0.1303,6.62,88.87,68.65,-141548,0.0281
2021-06-03,ETHIO_COFFEE,214.56,227.23,211.52,225.75,225.75,299419,211.24,224.85,,213.36,216.43,-3.077,-5.355,2.278,59.71,224.78,211.24,197.7,0.1282,7.27,95.2,82.0,157871,0.052
2021-06-04,ETHIO_COFFEE,224.08,231.18,220.22,228.5,228.5,264975,211.46,224.79,,215.69,217.33,-1.641,-4.612,2.971,61.96,225.93,211.46,196.98,0.1369,7.53,92.29,92.12,422846,0.0122
2021-06-07,ETHIO_COFFEE,227.75,228.39,224.8,225.1,225.1,153181,211.74,224.64,,217.14,217.9,-0.769,-3.843,3.075,57.68,227.02,211.74,196.45,0.1443,7.26,81.2,89.56,269665,-0.0149
2021-06-08,ETHIO_COFFEE,226.0,232.78,224.51,228.09,228.09,167370,212.13,224.69,,218.82,218.66,0.162,-3.042,3.204,60.28,228.62,212.13,195.64,0.1555,7.33,86.18,86.56,437035,0.0133
2021-06-09,ETHIO_COFFEE,228.25,232.0,226.48,230.96,230.96,195863,213.02,224.78,,220.69,219.57,1.118,-2.21,3.329,62.65,231.44,213.02,194.59,0.173,7.2,94.64,87.34,632898,0.0126
2021-06-10,ETHIO_COFFEE,230.5,234.07,226.75,229.43,229.43,128369,213.98,224.8,,222.03,220.3,1.733,-1.422,3.155,60.57,233.68,213.98,194.29,0.1841,7.21,86.05,88.96,504529,-0.0066
2021-06-11,ETHIO_COFFEE,230.6,233.88,221.72,224.32,224.32,230648,214.81,224.72,,222.38,220.6,1.787,-0.78,2.567,54.12,234.79,214.81,194.83,0.186,7.56,66.46,82.38,273881,-0.0223
2021-06-14,ETHIO_COFFEE,225.39,230.13,212.79,212.85,212.85,360268,215.28,224.49,,220.92,220.02,0.894,-0.445,1.339,43.03,234.59,215.28,195.97,0.1794,8.26,20.79,57.77,-86387,-0.0511
2021-06-15,ETHIO_COFFEE,211.56,217.23,210.89,213.2,213.2,155681,215.72,224.21,,219.73,219.52,0.212,-0.314,0.526,43.41,234.41,215.72,197.03,0.1733,8.13,22.1,36.45,69294,0.0016
2021-06-16,ETHIO_COFFEE,212.4,216.54,206.0,209.38,209.38,215390,216.0,223.91,,218.14,218.77,-0.629,-0.377,-0.253,40.24,234.13,216.0,197.86,0.1679,8.3,12.04,18.31,-146096,-0.0179
2021-06-17,ETHIO_COFFEE,207.07,212.4,206.24,212.14,212.14,234524,216.59,223.58,,217.22,218.28,-1.061,-0.514,-0.548,43.45,233.34,216.59,199.85,0.1546,8.14,21.87,18.67,88428,0.0132
2021-06-18,ETHIO_COFFEE,210.76,217.96,208.22,215.78,215.78,254507,217.07,223.25,,216.99,218.09,-1.097,-0.63,-0.467,47.46,233.13,217.07,201.01,0.148,8.26,34.84,22.92,342935,0.0172
2021-06-21,ETHIO_COFFEE,216.58,223.12,216.35,222.41,222.41,238039,217.92,223.0,,217.83,218.41,-0.584,-0.621,0.037,53.87,233.21,217.92,202.64,0.1403,8.19,58.46,38.39,580974,0.0307
2021-06-22,ETHIO_COFFEE,221.89,241.0,220.51,233.49,233.49,284363,218.89,222.84,,220.24,219.53,0.709,-0.355,1.064,62.17,235.49,218.89,202.3,0.1516,9.07,78.54,57.28,865337,0.0498
2021-06-23,ETHIO_COFFEE,233.61,238.08,233.57,236.26,236.26,236646,220.16,222.65,,222.7,220.77,1.935,0.103,1.832,63.92,237.95,220.16,202.37,0.1616,8.75,86.46,74.49,1101983,0.0119
2021-06-24,ETHIO_COFFEE,234.97,238.48,232.96,238.46,238.46,250211,221.47,222.53,,225.13,222.08,3.048,0.692,2.356,65.29,240.55,221.47,202.4,0.1722,8.52,92.74,85.91,1352194,0.0093
2021-06-25,ETHIO_COFFEE,239.8,240.16,232.46,233.29,233.29,235881,222.63,222.39,,226.38,222.91,3.474,1.248,2.225,59.56,241.63,222.63,203.62,0.1707,8.46,77.97,85.72,1116313,-0.0217
2021-06-28,ETHIO_COFFEE,233.24,234.42,229.69,229.99,229.99,236237,223.64,222.09,,226.94,223.43,3.504,1.7,1.805,56.17,241.94,223.64,205.33,0.1637,8.2,68.54,79.75,880076,-0.0141
2021-06-29,ETHIO_COFFEE,230.43,230.48,223.95,227.26,227.26,249143,224.56,221.68,,226.99,223.72,3.27,2.014,1.257,53.46,241.59,224.56,207.54,0.1516,8.08,60.74,69.09,630933,-0.0119
2021-06-30,ETHIO_COFFEE,223.73,224.91,222.65,224.65,224.65,186006,225.07,221.25,,226.63,223.79,2.842,2.179,0.662,50.93,241.47,225.07,208.67,0.1457,7.83,53.29,60.86,444927,-0.0115
2021-07-01,ETHIO_COFFEE,225.06,225.14,222.4,223.5,223.5,161293,224.95,220.88,,226.15,223.76,2.382,2.22,0.162,49.81,241.36,224.95,208.54,0.1459,7.47,50.0,54.68,283634,-0.0051
2021-07-02,ETHIO_COFFEE,222.42,225.73,216.07,222.38,222.38,160478,224.65,220.65,,225.57,223.66,1.905,2.157,-0.252,48.69,241.01,224.65,208.28,0.1457,7.62,46.8,50.03,123156,-0.005
2021-07-05,ETHIO_COFFEE,221.08,225.67,220.41,224.0,224.0,181767,224.59,220.49,,225.33,223.69,1.639,2.053,-0.414,50.43,240.96,224.59,208.23,0.1457,7.45,51.43,49.41,304923,0.0073
2021-07-06,ETHIO_COFFEE,223.58,231.99,220.83,229.23,229.23,262722,224.65,220.35,,225.93,224.1,1.829,2.008,-0.18,55.65,241.07,224.65,208.23,0.1462,7.72,66.14,54.79,567645,0.0233
2021-07-07,ETHIO_COFFEE,229.93,230.14,227.66,230.02,230.02,196693,224.6,220.24,,226.56,224.54,2.02,2.011,0.009,56.4,240.95,224.6,208.25,0.1456,7.34,66.5,61.36,764338,0.0034
2021-07-08,ETHIO_COFFEE,229.19,234.51,228.44,231.49,231.49,143665,224.71,220.25,,227.32,225.05,2.264,2.061,0.203,57.82,241.2,224.71,208.21,0.1468,7.25,61.85,64.83,908003,0.0064
2021-07-09,ETHIO_COFFEE,230.47,232.2,223.77,225.45,225.45,183766,224.76,220.09,,227.03,225.08,1.947,2.038,-0.091,50.52,241.26,224.76,208.26,0.1468,7.34,37.63,55.33,724237,-0.0261
2021-07-12,ETHIO_COFFEE,224.2,233.31,220.78,232.64,232.64,309320,225.75,220.1,,227.89,225.64,2.251,2.081,0.17,57.42,241.64,225.75,209.86,0.1407,7.71,68.78,56.09,1033557,0.0319
2021-07-13,ETHIO_COFFEE,232.81,237.03,231.64,235.37,235.37,155962,226.86,220.2,,229.04,226.36,2.681,2.201,0.48,59.71,242.17,226.86,211.55,0.135,7.54,80.12,62.18,1189519,0.0117
2021-07-14,ETHIO_COFFEE,236.91,238.63,228.59,233.37,233.37,244594,228.06,220.29,,229.71,226.88,2.827,2.326,0.501,57.28,241.33,228.06,214.79,0.1164,7.72,71.81,73.57,944925,-0.0085
2021-07-15,ETHIO_COFFEE,233.17,245.12,232.46,240.48,240.48,293784,229.48,220.56,,231.37,227.89,3.477,2.556,0.921,63.05,241.65,229.48,217.3,0.1061,8.07,84.03,78.65,1238709,0.0305
2021-07-16,ETHIO_COFFEE,242.77,248.06,240.58,246.04,246.04,148743,230.99,221.0,,233.62,229.23,4.39,2.923,1.467,66.82,243.5,230.99,218.48,0.1083,8.04,93.69,83.18,1387452,0.0231
2021-07-19,ETHIO_COFFEE,246.4,250.39,236.35,241.1,241.1,254904,231.92,221.44,,234.77,230.11,4.661,3.271,1.391,60.87,244.52,231.92,219.33,0.1086,8.47,72.93,83.55,1132548,-0.0201
2021-07-20,ETHIO_COFFEE,239.85,240.32,236.91,238.92,238.92,171154,232.19,221.81,,235.41,230.76,4.647,3.546,1.101,58.4,245.14,232.19,219.25,0.1115,8.16,66.58,77.73,961394,-0.009
2021-07-21,ETHIO_COFFEE,239.42,247.37,236.99,247.06,247.06,289363,232.74,222.49,,237.2,231.97,5.232,3.883,1.349,64.24,247.14,232.74,218.33,0.1237,8.32,90.3,76.6,1250757,0.0341
2021-07-22,ETHIO_COFFEE,245.32,247.21,241.89,246.99,246.99,146531,233.16,223.22,,238.71,233.08,5.625,4.232,1.394,64.16,248.68,233.16,217.65,0.1331,8.11,88.66,81.85,1104226,-0.0003
2021-07-23,ETHIO_COFFEE,246.26,251.77,244.08,249.83,249.83,185505,233.99,224.06,,240.42,234.32,6.096,4.604,1.491,66.08,251.12,233.99,216.86,0.1464,8.08,93.74,90.9,1289731,0.0115
2021-07-26,ETHIO_COFFEE,249.06,249.71,246.75,248.86,248.86,211336,234.93,224.97,,241.72,235.4,6.317,4.947,1.37,64.8,253.13,234.93,216.74,0.1549,7.72,90.61,91.0,1078395,-0.0039
2021-07-27,ETHIO_COFFEE,249.02,249.11,247.38,247.62,247.62,142302,235.95,225.84,,242.63,236.31,6.32,5.222,1.099,63.12,254.59,235.95,217.31,0.158,7.29,86.61,90.32,936093,-0.005
2021-07-28,ETHIO_COFFEE,245.16,252.35,243.22,251.11,251.11,182269,237.27,226.78,,243.93,237.4,6.529,5.483,1.046,65.81,256.27,237.27,218.28,0.1601,7.42,96.07,91.1,1118362,0.0141
2021-07-29,ETHIO_COFFEE,251.77,255.08,249.02,251.59,251.59,169489,238.68,227.81,,245.11,238.45,6.656,5.718,0.938,66.17,257.54,238.68,219.81,0.1581,7.33,89.83,90.84,1287851,0.0019
2021-07-30,ETHIO_COFFEE,252.34,257.95,248.56,254.38,254.38,164558,240.28,228.77,,246.54,239.63,6.903,5.955,0.948,68.3,258.77,240.28,221.79,0.1539,7.47,87.84,91.25,1452409,0.0111
2021-08-02,ETHIO_COFFEE,254.99,257.33,250.55,255.88,255.88,211611,241.87,229.78,,247.97,240.84,7.137,6.191,0.946,69.41,259.97,241.87,223.78,0.1496,7.42,92.95,90.21,1664020,0.0059
2021-08-03,ETHIO_COFFEE,254.58,261.65,252.43,259.19,259.19,249691,243.37,230.69,,249.7,242.2,7.503,6.453,1.049,71.76,261.98,243.37,224.76,0.153,7.55,91.57,90.79,1913711,0.0129
2021-08-04,ETHIO_COFFEE,258.97,265.96,251.69,264.19,264.19,227131,245.08,231.75,,251.93,243.83,8.103,6.783,1.32,74.9,264.72,245.08,225.44,0.1603,8.03,94.02,92.85,2140842,0.0193
2021-08-05,ETHIO_COFFEE,265.02,276.47,261.0,272.73,272.73,269257,247.14,232.96,,255.13,245.97,9.162,7.259,1.903,79.16,269.16,247.14,225.12,0.1782,8.56,90.68,92.09,2410099,0.0323
2021-08-06,ETHIO_COFFEE,271.45,277.9,271.01,277.41,277.41,172898,249.74,234.31,,258.56,248.3,10.261,7.859,2.401,81.06,273.13,249.74,226.35,0.1873,8.44,98.8,94.5,2582997,0.0172
2021-08-09,ETHIO_COFFEE,278.95,280.84,271.31,271.63,271.63,275782,251.69,235.54,,260.57,250.02,10.544,8.396,2.147,72.3,275.54,251.69,227.83,0.1896,8.52,79.0,89.49,2307215,-0.0208
2021-08-10,ETHIO_COFFEE,272.13,278.68,269.05,277.03,277.03,185295,253.77,236.91,,263.1,252.02,11.076,8.932,2.144,75.02,278.81,253.77,228.73,0.1973,8.6,90.22,89.34,2492510,0.0199
2021-08-11,ETHIO_COFFEE,277.78,281.59,269.74,270.18,270.18,228634,255.61,238.02,,264.19,253.37,10.82,9.31,1.51,66.16,279.78,255.61,231.44,0.1891,8.83,70.26,79.83,2263876,-0.0247
2021-08-12,ETHIO_COFFEE,269.37,269.44,261.19,263.33,263.33,229065,256.75,238.77,,264.06,254.11,9.95,9.438,0.512,58.69,280.1,256.75,233.41,0.1818,8.84,52.41,70.96,2034811,-0.0254
2021-08-13,ETHIO_COFFEE,264.21,264.67,260.83,261.06,261.06,150992,257.5,239.42,,263.6,254.62,8.974,9.345,-0.371,56.42,280.38,257.5,234.63,0.1777,8.49,46.49,56.39,1883819,-0.0086
2021-08-16,ETHIO_COFFEE,259.02,274.21,256.99,271.35,271.35,296195,259.02,240.35,,264.79,255.86,8.928,9.262,-0.334,63.35,281.35,259.02,236.68,0.1725,9.11,73.31,57.41,2180014,0.0394
2021-08-17,ETHIO_COFFEE,270.26,270.71,267.27,268.85,268.85,191753,260.51,241.16,,265.41,256.82,8.59,9.127,-0.537,60.82,281.21,260.51,239.81,0.1589,8.75,61.43,60.41,1988261,-0.0092
2021-08-18,ETHIO_COFFEE,269.32,271.38,258.8,261.34,261.34,212264,261.23,241.77,,264.79,257.16,7.629,8.828,-1.199,53.86,280.98,261.23,241.47,0.1513,9.02,38.69,57.81,1775997,-0.0279
2021-08-19,ETHIO_COFFEE,260.42,263.61,253.34,255.88,255.88,161223,261.67,242.3,,263.42,257.06,6.353,8.333,-1.979,49.43,280.51,261.67,242.84,0.144,9.11,17.17,39.1,1614774,-0.0209
2021-08-20,ETHIO_COFFEE,257.52,261.31,254.25,260.26,260.26,201630,262.19,243.02,,262.93,257.3,5.631,7.793,-2.162,52.79,280.25,262.19,244.14,0.1377,8.97,28.66,28.18,1816404,0.0171
2021-08-23,ETHIO_COFFEE,261.55,261.75,259.08,259.94,259.94,160381,262.75,243.96,,262.47,257.5,4.975,7.229,-2.254,52.51,279.78,262.75,245.71,0.1297,8.52,27.59,24.48,1656023,-0.0012
2021-08-24,ETHIO_COFFEE,261.83,268.4,255.62,255.99,255.99,240979,263.17,244.82,,261.47,257.38,4.09,6.601,-2.511,49.12,279.07,263.17,247.26,0.1209,8.82,9.38,21.88,1415044,-0.0152
2021-08-25,ETHIO_COFFEE,257.46,266.79,255.25,264.21,264.21,187321,263.82,245.91,,261.89,257.89,4.005,6.082,-2.077,55.55,278.73,263.82,248.91,0.113,9.02,38.48,25.15,1602365,0.0321
2021-08-26,ETHIO_COFFEE,262.7,270.54,261.76,269.35,269.35,233735,264.71,247.06,,263.04,258.74,4.303,5.726,-1.423,59.04,278.69,264.71,250.73,0.1056,9.0,56.67,34.84,1836100,0.0195
2021-08-27,ETHIO_COFFEE,272.35,273.85,264.35,265.53,265.53,222948,265.27,248.05,,263.42,259.24,4.183,5.418,-1.235,55.55,278.42,265.27,252.12,0.0991,9.03,43.15,46.1,1613152,-0.0142
2021-08-30,ETHIO_COFFEE,264.24,279.28,261.42,274.27,274.27,260496,266.19,249.09,,265.09,260.35,4.738,5.282,-0.543,61.2,279.15,266.19,253.22,0.0974,9.66,74.09,57.97,1873648,0.0329
2021-08-31,ETHIO_COFFEE,274.0,280.2,271.83,272.63,272.63,131301,266.86,249.87,,266.25,261.26,4.988,5.223,-0.235,59.67,279.7,266.86,254.02,0.0962,9.57,71.82,63.02,1742347,-0.006
2021-09-01,ETHIO_COFFEE,273.94,280.28,262.8,265.22,265.22,280672,266.91,250.45,,266.09,261.56,4.537,5.086,-0.549,53.19,279.71,266.91,254.11,0.0959,10.14,44.1,63.33,1461675,-0.0272
2021-09-02,ETHIO_COFFEE,268.41,273.96,258.11,260.39,260.39,287832,266.29,250.89,,265.22,261.47,3.745,4.818,-1.072,49.42,279.1,266.29,253.48,0.0962,10.55,26.17,47.36,1173843,-0.0182
2021-09-03,ETHIO_COFFEE,259.21,275.33,257.99,273.45,273.45,361969,266.09,251.69,,266.48,262.36,4.125,4.679,-0.554,58.07,278.32,266.09,253.87,0.0919,11.03,74.65,48.3,1535812,0.0502
2021-09-06,ETHIO_COFFEE,272.76,276.84,259.15,263.45,263.45,287484,265.69,252.36,,266.02,262.44,3.577,4.459,-0.881,50.89,277.69,265.69,253.68,0.0904,11.51,37.53,46.11,1248328,-0.0366
2021-09-07,ETHIO_COFFEE,261.55,262.72,259.45,259.96,259.96,157290,264.83,253.02,,265.08,262.26,2.829,4.133,-1.304,48.64,275.88,264.83,253.79,0.0834,10.97,24.57,45.58,1091038,-0.0132
2021-09-08,ETHIO_COFFEE,260.53,265.91,256.78,265.33,265.33,259075,264.59,253.83,,265.12,262.48,2.639,3.834,-1.195,52.15,275.36,264.59,253.81,0.0814,10.84,42.57,34.89,1350113,0.0207
2021-09-09,ETHIO_COFFEE,264.47,270.79,259.25,259.66,259.66,258334,264.41,254.55,,264.28,262.27,2.008,3.469,-1.461,48.39,275.38,264.41,253.43,0.083,10.89,17.62,28.25,1091779,-0.0214
2021-09-10,ETHIO_COFFEE,261.67,261.89,254.33,256.18,256.18,200940,264.16,255.23,,263.04,261.82,1.213,3.018,-1.805,46.18,275.63,264.16,252.69,0.0868,10.65,7.13,22.44,890839,-0.0134
2021-09-13,ETHIO_COFFEE,255.3,273.6,251.12,271.36,271.36,353628,264.16,256.18,,264.32,262.53,1.787,2.772,-0.984,55.67,275.63,264.16,252.69,0.0869,11.5,69.41,31.39,1244467,0.0593
2021-09-14,ETHIO_COFFEE,271.53,273.59,267.85,272.9,272.9,203922,264.36,257.05,,265.64,263.3,2.34,2.685,-0.346,56.51,276.29,264.36,252.44,0.0902,11.08,74.69,50.41,1448389,0.0057
2021-09-15,ETHIO_COFFEE,274.1,274.56,273.14,274.04,274.04,177695,265.0,257.93,,266.93,264.09,2.837,2.715,0.121,57.16,277.55,265.0,252.45,0.0947,10.41,78.6,74.23,1626084,0.0042
2021-09-16,ETHIO_COFFEE,271.98,280.12,271.93,277.23,277.23,178646,266.07,258.84,,268.51,265.07,3.448,2.862,0.586,58.99,278.96,266.07,253.17,0.0969,10.25,89.54,80.94,1804730,0.0116
2021-09-17,ETHIO_COFFEE,276.04,289.23,275.86,283.5,283.5,240179,267.23,260.01,,270.82,266.43,4.388,3.167,1.221,62.4,281.89,267.23,252.57,0.1097,10.48,84.96,84.37,2044909,0.0226
2021-09-20,ETHIO_COFFEE,282.63,288.46,279.11,281.47,281.47,166448,268.31,260.98,,272.46,267.55,4.913,3.516,1.396,60.64,283.81,268.31,252.81,0.1155,10.4,79.64,84.71,1878461,-0.0072
2021-09-21,ETHIO_COFFEE,284.72,285.12,276.8,280.62,280.62,153067,269.54,261.89,,273.71,268.51,5.2,3.853,1.347,59.88,284.84,269.54,254.24,0.1135,10.25,77.41,80.67,1725394,-0.003
2021-09-22,ETHIO_COFFEE,279.72,283.06,271.72,273.68,273.68,217890,270.01,262.69,,273.71,268.9,4.812,4.045,0.767,53.93,285.21,270.01,254.81,0.1126,10.33,59.2,72.08,1507504,-0.0247
2021-09-23,ETHIO_COFFEE,274.09,276.51,267.38,270.75,270.75,142357,270.08,263.3,,273.25,269.03,4.22,4.08,0.14,51.6,285.28,270.08,254.88,0.1126,10.24,51.51,62.7,1365147,-0.0107
2021-09-24,ETHIO_COFFEE,271.3,281.39,270.7,277.61,277.61,261659,270.69,263.93,,273.92,269.67,4.254,4.115,0.14,56.36,286.07,270.69,255.3,0.1137,10.27,69.51,60.07,1626806,0.0253
2021-09-27,ETHIO_COFFEE,277.69,284.76,273.73,275.79,275.79,155735,270.76,264.62,,274.21,270.12,4.088,4.109,-0.021,54.82,286.23,270.76,255.29,0.1143,10.33,64.73,61.92,1471071,-0.0066
2021-09-28,ETHIO_COFFEE,276.17,277.32,265.41,266.55,266.55,276894,270.46,265.18,,273.03,269.86,3.174,3.922,-0.748,47.7,286.01,270.46,254.91,0.115,10.44,40.49,58.24,1194177,-0.0335
2021-09-29,ETHIO_COFFEE,267.65,277.2,266.57,274.15,274.15,214634,270.9,265.72,,273.2,270.18,3.028,3.744,-0.715,53.1,286.34,270.9,255.47,0.114,10.45,60.43,55.22,1408811,0.0285
2021-09-30,ETHIO_COFFEE,274.26,278.59,269.57,278.41,278.41,192309,271.8,266.35,,274.01,270.79,3.219,3.639,-0.419,55.85,286.78,271.8,256.83,0.1102,10.35,71.61,57.51,1601120,0.0155
2021-10-01,ETHIO_COFFEE,279.25,297.29,276.31,288.44,288.44,208290,272.55,267.12,,276.23,272.09,4.132,3.737,0.395,61.56,289.19,272.55,255.92,0.1221,11.11,72.24,68.09,1809410,0.036
2021-10-04,ETHIO_COFFEE,290.22,292.25,289.04,291.1,291.1,171064,273.94,267.96,,278.51,273.5,5.013,3.992,1.02,62.93,291.86,273.94,256.01,0.1309,10.59,80.58,74.81,1980474,0.0092
2021-10-05,ETHIO_COFFEE,294.24,300.95,293.85,297.61,297.61,217442,275.82,268.96,,281.45,275.29,6.165,4.427,1.738,66.11,295.32,275.82,256.32,0.1414,10.54,90.6,81.14,2197916,0.0224
2021-10-06,ETHIO_COFFEE,296.12,297.0,292.75,293.73,293.73,138323,277.24,269.82,,283.34,276.65,6.688,4.879,1.808,62.66,297.59,277.24,256.89,0.1468,10.13,79.68,83.62,2059593,-0.013
2021-10-07,ETHIO_COFFEE,293.9,303.84,284.19,285.67,285.67,265818,278.54,270.5,237.77,283.7,277.32,6.378,5.179,1.199,56.1,297.51,278.54,259.57,0.1362,10.81,52.72,74.34,1793775,-0.0274
2021-10-08,ETHIO_COFFEE,283.09,290.56,282.71,289.29,289.29,174779,280.2,271.2,238.24,284.56,278.21,6.351,5.413,0.938,58.22,296.69,280.2,263.7,0.1177,10.6,62.14,64.85,1968554,0.0127
2021-10-11,ETHIO_COFFEE,289.61,291.54,281.82,285.79,285.79,197796,280.92,271.79,238.7,284.75,278.77,5.979,5.527,0.453,55.44,297.06,280.92,264.77,0.1149,10.54,53.03,55.96,1770758,-0.0121
2021-10-12,ETHIO_COFFEE,285.02,286.95,280.58,285.09,285.09,154083,281.53,272.31,239.15,284.8,279.24,5.564,5.534,0.03,54.87,297.33,281.53,265.72,0.1123,10.24,51.21,55.46,1616675,-0.0024
2021-10-13,ETHIO_COFFEE,286.79,295.64,285.74,291.68,291.68,251842,282.41,272.86,239.62,285.86,280.16,5.7,5.567,0.133,59.1,298.41,282.41,266.41,0.1133,10.26,68.36,57.53,1868517,0.0231
2021-10-14,ETHIO_COFFEE,291.28,292.62,282.08,283.9,283.9,204357,282.74,273.08,240.05,285.56,280.44,5.122,5.478,-0.356,52.81,298.58,282.74,266.91,0.112,10.28,48.11,55.89,1664160,-0.0267
2021-10-15,ETHIO_COFFEE,285.32,287.95,282.23,287.39,287.39,148523,282.94,273.28,240.49,285.84,280.95,4.888,5.36,-0.472,55.12,298.9,282.94,266.97,0.1128,9.96,57.19,57.89,1812683,0.0123
2021-10-18,ETHIO_COFFEE,284.8,288.67,282.6,288.63,288.63,150529,283.29,273.62,240.94,286.27,281.52,4.749,5.238,-0.489,55.94,299.43,283.29,267.16,0.1139,9.68,59.19,54.83,1963212,0.0043
2021-10-19,ETHIO_COFFEE,285.76,289.18,280.68,281.36,281.36,155067,283.33,273.71,241.36,285.51,281.51,4.005,4.991,-0.986,50.13,299.44,283.33,267.22,0.1137,9.59,34.4,50.26,1808145,-0.0252
2021-10-20,ETHIO_COFFEE,280.64,292.38,279.77,291.64,291.64,230913,284.23,274.14,241.82,286.46,282.26,4.197,4.833,-0.635,56.94,300.09,284.23,268.37,0.1116,9.81,55.68,49.76,2039058,0.0365
2021-10-21,ETHIO_COFFEE,292.22,300.89,290.22,300.52,300.52,238509,285.72,274.88,242.35,288.62,283.61,5.008,4.868,0.141,61.79,301.83,285.72,269.61,0.1128,9.87,86.21,58.76,2277567,0.0304
2021-10-22,ETHIO_COFFEE,300.48,301.19,298.82,298.88,298.88,138006,286.78,275.64,242.84,290.2,284.74,5.456,4.985,0.471,60.44,303.41,286.78,270.15,0.116,9.33,79.39,73.76,2139561,-0.0055
2021-10-25,ETHIO_COFFEE,299.81,303.41,295.98,299.06,299.06,196337,287.94,276.19,243.35,291.56,285.8,5.759,5.14,0.619,60.54,304.59,287.94,271.3,0.1156,9.2,80.14,81.91,2335898,0.0006
2021-10-26,ETHIO_COFFEE,296.34,302.42,291.57,297.78,297.78,205961,289.51,276.77,243.86,292.52,286.69,5.828,5.278,0.55,59.37,303.47,289.51,275.54,0.0965,9.32,74.82,78.12,2129937,-0.0043
2021-10-27,ETHIO_COFFEE,299.21,301.11,290.31,296.78,296.78,151400,290.64,277.48,244.37,293.17,287.44,5.736,5.369,0.367,58.41,303.02,290.64,278.25,0.0852,9.42,71.95,75.64,1978537,-0.0034
2021-10-28,ETHIO_COFFEE,295.21,298.46,284.73,286.65,286.65,214064,291.05,278.1,244.79,292.17,287.38,4.791,5.254,-0.463,49.7,302.27,291.05,279.83,0.0771,9.73,29.1,58.63,1764473,-0.0341
2021-10-29,ETHIO_COFFEE,286.99,288.57,283.5,284.93,284.93,137812,290.87,278.59,245.19,291.06,287.2,3.859,4.975,-1.116,48.38,302.36,290.87,279.39,0.079,9.4,21.83,40.96,1626661,-0.006
2021-11-01,ETHIO_COFFEE,283.76,286.88,278.88,283.84,283.84,145392,290.51,279.07,245.53,289.95,286.95,2.997,4.579,-1.582,47.52,302.4,290.51,278.62,0.0818,9.3,20.22,23.72,1481269,-0.0038
2021-11-02,ETHIO_COFFEE,284.44,293.62,284.28,289.22,289.22,169697,290.09,279.73,245.88,289.83,287.12,2.717,4.207,-1.49,52.06,301.53,290.09,278.65,0.0789,9.33,42.15,28.07,1650966,0.019
2021-11-03,ETHIO_COFFEE,288.18,288.73,284.01,284.63,284.63,154587,289.64,280.14,246.23,289.03,286.93,2.101,3.786,-1.685,48.23,301.19,289.64,278.09,0.0798,9.04,23.44,28.6,1496379,-0.0159
2021-11-04,ETHIO_COFFEE,287.11,288.85,283.52,287.92,287.92,188259,289.75,280.51,246.6,288.86,287.01,1.856,3.4,-1.543,51.01,301.18,289.75,278.31,0.0789,8.77,36.85,34.15,1684638,0.0116
2021-11-05,ETHIO_COFFEE,289.76,289.8,280.76,283.78,283.78,224361,289.47,280.88,246.97,288.08,286.77,1.313,2.982,-1.669,47.55,301.2,289.47,277.75,0.081,8.79,19.98,26.76,1460277,-0.0144
2021-11-08,ETHIO_COFFEE,286.36,296.43,283.77,290.93,290.93,241956,289.73,281.21,247.38,288.52,287.08,1.443,2.675,-1.231,53.43,301.35,289.73,278.11,0.0802,9.07,49.12,35.32,1702233,0.0252
2021-11-09,ETHIO_COFFEE,292.08,293.93,291.89,291.98,291.98,114851,290.07,281.6,247.8,289.05,287.44,1.612,2.462,-0.85,54.24,301.53,290.07,278.62,0.079,8.63,53.4,40.83,1817084,0.0036
2021-11-10,ETHIO_COFFEE,289.85,297.34,287.41,292.29,292.29,139277,290.11,282.14,248.16,289.55,287.8,1.751,2.32,-0.569,54.49,301.58,290.11,278.63,0.0791,8.73,54.67,52.4,1956361,0.0011
2021-11-11,ETHIO_COFFEE,291.0,293.57,282.39,284.24,284.24,183182,290.12,282.62,248.48,288.73,287.53,1.198,2.096,-0.898,47.22,301.56,290.12,278.68,0.0789,8.9,21.85,43.31,1773179,-0.0275
2021-11-12,ETHIO_COFFEE,284.09,291.35,278.29,281.37,281.37,194962,289.82,282.78,248.8,287.6,287.08,0.522,1.781,-1.259,44.92,301.84,289.82,277.81,0.0829,9.2,12.76,29.76,1578217,-0.0101
2021-11-15,ETHIO_COFFEE,279.56,283.92,275.21,281.19,281.19,146540,289.45,283.13,249.09,286.61,286.64,-0.028,1.419,-1.447,44.77,302.04,289.45,276.86,0.087,9.16,23.09,19.23,1431677,-0.0006
2021-11-16,ETHIO_COFFEE,281.06,282.39,280.96,281.16,281.16,109174,289.44,283.55,249.35,285.77,286.24,-0.461,1.043,-1.504,44.74,302.05,289.44,276.83,0.0871,8.61,25.59,20.48,1322503,-0.0001
2021-11-17,ETHIO_COFFEE,284.03,284.14,273.74,274.4,274.4,240513,288.58,283.74,249.54,284.02,285.36,-1.334,0.568,-1.902,39.15,302.73,288.58,274.42,0.0981,8.74,2.8,17.16,1081990,-0.024
2021-11-18,ETHIO_COFFEE,275.59,280.67,274.54,279.15,279.15,239879,287.51,284.13,249.72,283.27,284.9,-1.624,0.129,-1.754,44.41,301.11,287.51,273.91,0.0946,8.56,22.92,17.1,1321869,0.0173
2021-11-19,ETHIO_COFFEE,282.23,285.41,278.45,283.72,283.72,134097,286.75,284.68,249.93,283.34,284.81,-1.468,-0.19,-1.278,48.98,299.39,286.75,274.11,0.0882,8.45,42.29,22.67,1455966,0.0164
2021-11-22,ETHIO_COFFEE,284.83,285.9,283.27,285.14,285.14,156927,286.05,284.95,250.14,283.62,284.84,-1.216,-0.395,-0.821,50.34,297.37,286.05,274.74,0.0791,8.03,48.31,37.84,1612893,0.005
2021-11-23,ETHIO_COFFEE,285.97,289.52,274.85,280.63,280.63,259456,285.2,285.11,250.3,283.16,284.52,-1.365,-0.589,-0.775,46.12,295.37,285.2,275.02,0.0713,8.51,29.19,39.93,1353437,-0.0158
2021-11-24,ETHIO_COFFEE,279.9,287.8,274.27,284.89,284.89,253689,284.6,285.32,250.53,283.43,284.55,-1.126,-0.697,-0.429,50.35,293.28,284.6,275.93,0.061,8.87,47.25,41.58,1607126,0.0152
2021-11-25,ETHIO_COFFEE,285.54,285.72,277.02,278.65,278.65,208323,284.2,285.35,250.72,282.69,284.11,-1.423,-0.842,-0.581,44.8,293.2,284.2,275.21,0.0633,8.85,20.81,32.42,1398803,-0.0219
2021-11-26,ETHIO_COFFEE,278.99,282.29,277.42,278.87,278.87,167394,283.9,285.26,250.89,282.1,283.73,-1.623,-0.998,-0.625,45.03,293.18,283.9,274.62,0.0654,8.57,21.74,29.93,1566197,0.0008
2021-11-29,ETHIO_COFFEE,279.15,284.36,274.08,277.08,277.08,225394,283.56,285.17,251.04,281.33,283.23,-1.903,-1.179,-0.724,43.44,293.3,283.56,273.82,0.0687,8.69,14.15,18.9,1340803,-0.0064
2021-11-30,ETHIO_COFFEE,276.22,281.4,274.07,274.1,274.1,204726,282.81,285.04,251.2,280.22,282.56,-2.339,-1.411,-0.928,40.86,293.01,282.81,272.6,0.0722,8.59,1.82,12.57,1136077,-0.0108
2021-12-01,ETHIO_COFFEE,274.8,281.96,261.72,262.31,262.31,336723,281.69,284.81,251.28,277.46,281.06,-3.594,-1.848,-1.747,32.6,295.2,281.69,268.18,0.0959,9.43,1.99,5.99,799354,-0.043
2021-12-02,ETHIO_COFFEE,262.29,263.94,256.88,261.68,261.68,147024,280.38,284.63,251.37,275.03,279.62,-4.587,-2.396,-2.192,32.23,296.12,280.38,264.63,0.1123,9.26,14.71,6.17,652330,-0.0024
2021-12-03,ETHIO_COFFEE,262.35,265.7,257.44,263.86,263.86,180111,279.38,284.36,251.47,273.32,278.45,-5.139,-2.944,-2.195,35.01,296.59,279.38,262.17,0.1232,9.19,21.38,12.69,832441,0.0083
2021-12-06,ETHIO_COFFEE,262.35,265.05,257.35,258.2,258.2,212194,277.75,284.01,251.56,270.99,276.95,-5.964,-3.548,-2.416,31.4,296.42,277.75,259.08,0.1344,9.08,4.04,13.38,620247,-0.0215
2021-12-07,ETHIO_COFFEE,259.67,262.0,258.84,261.16,261.16,148632,276.2,283.9,251.66,269.48,275.78,-6.306,-4.1,-2.207,35.17,295.01,276.2,257.4,0.1362,8.7,13.11,12.85,768879,0.0115
2021-12-08,ETHIO_COFFEE,260.87,276.39,258.92,275.22,275.22,291369,275.35,283.92,251.85,270.36,275.74,-5.381,-4.356,-1.025,49.37,292.65,275.35,258.06,0.1256,9.33,56.19,24.45,1060248,0.0538
2021-12-09,ETHIO_COFFEE,272.31,281.38,270.39,274.5,274.5,135902,274.86,283.84,252.04,271.0,275.65,-4.652,-4.415,-0.237,48.78,291.67,274.86,258.06,0.1223,9.45,53.98,41.09,924346,-0.0026
2021-12-10,ETHIO_COFFEE,272.77,275.43,269.0,270.35,270.35,190253,274.31,283.48,252.19,270.9,275.26,-4.359,-4.404,0.045,45.42,290.95,274.31,257.67,0.1213,9.23,41.27,50.48,734093,-0.0151
2021-12-13,ETHIO_COFFEE,275.11,277.06,271.67,273.13,273.13,184503,273.91,283.12,252.33,271.24,275.1,-3.858,-4.295,0.437,48.0,290.25,273.91,257.57,0.1193,9.05,52.55,49.27,918596,0.0103
2021-12-14,ETHIO_COFFEE,270.71,277.87,269.7,274.98,274.98,210074,273.6,282.67,252.48,271.82,275.09,-3.274,-4.091,0.816,49.71,289.61,273.6,257.59,0.1171,8.99,62.76,52.19,1128670,0.0068
2021-12-15,ETHIO_COFFEE,275.14,281.86,273.53,280.7,280.7,197104,273.92,282.41,252.67,273.18,275.51,-2.323,-3.737,1.414,54.67,290.22,273.92,257.61,0.1191,8.94,86.68,67.33,1325774,0.0208
2021-12-16,ETHIO_COFFEE,282.45,283.89,279.77,281.55,281.55,176121,274.04,282.32,252.82,274.47,275.95,-1.484,-3.287,1.803,55.38,290.53,274.04,257.54,0.1204,8.6,89.77,79.74,1501895,0.003
2021-12-17,ETHIO_COFFEE,282.55,289.46,276.75,283.96,283.96,197977,274.05,282.22,252.98,275.93,276.55,-0.617,-2.753,2.136,57.4,290.57,274.05,257.52,0.1206,8.89,83.12,86.52,1699872,0.0086
2021-12-20,ETHIO_COFFEE,288.08,292.07,279.36,281.29,281.29,260792,273.86,282.13,253.16,276.76,276.9,-0.144,-2.231,2.087,54.45,289.94,273.86,257.77,0.1175,9.16,69.37,80.75,1439080,-0.0094
2021-12-21,ETHIO_COFFEE,281.08,285.24,277.73,285.23,285.23,243618,274.09,282.13,253.4,278.06,277.52,0.543,-1.676,2.219,57.89,290.68,274.09,257.5,0.1211,9.05,80.56,77.68,1682698,0.014
2021-12-22,ETHIO_COFFEE,288.44,289.5,277.05,280.53,280.53,220081,273.87,281.91,253.61,278.44,277.74,0.7,-1.201,1.901,52.78,289.99,273.87,257.74,0.1178,9.29,66.76,72.23,1462617,-0.0165
2021-12-23,ETHIO_COFFEE,281.19,283.69,275.84,276.63,276.63,170410,273.77,281.76,253.8,278.16,277.66,0.504,-0.86,1.364,48.92,289.8,273.77,257.74,0.1171,9.19,55.53,67.62,1292207,-0.0139
2021-12-24,ETHIO_COFFEE,278.55,283.88,266.96,272.61,272.61,205539,273.45,281.47,253.97,277.31,277.28,0.024,-0.683,0.707,45.25,289.31,273.45,257.59,0.116,9.74,41.44,54.58,1086668,-0.0145
2021-12-27,ETHIO_COFFEE,272.97,275.27,269.95,272.08,272.08,167421,273.2,281.13,254.13,276.5,276.9,-0.395,-0.626,0.231,44.77,288.99,273.2,257.42,0.1155,9.42,39.7,45.56,919247,-0.0019
2021-12-28,ETHIO_COFFEE,270.93,284.53,266.72,280.23,280.23,259754,273.51,281.11,254.34,277.08,277.14,-0.068,-0.514,0.446,52.98,289.59,273.51,257.43,0.1175,10.02,53.29,44.81,1179001,0.03
2021-12-29,ETHIO_COFFEE,279.87,284.87,278.07,282.94,282.94,217474,274.54,280.94,254.56,277.98,277.57,0.404,-0.33,0.735,55.36,290.25,274.54,258.83,0.1145,9.79,63.98,52.33,1396475,0.0097
2021-12-30,ETHIO_COFFEE,280.03,285.51,278.0,282.84,282.84,172336,275.6,280.58,254.77,278.73,277.96,0.762,-0.112,0.874,55.25,290.53,275.6,260.66,0.1084,9.63,63.59,60.29,1224139,-0.0004
2021-12-31,ETHIO_COFFEE,283.5,286.26,273.06,277.0,277.0,265367,276.26,280.15,255.0,278.46,277.89,0.568,0.024,0.544,49.06,290.19,276.26,262.32,0.1009,9.88,40.55,56.04,958772,-0.0206
2022-01-03,ETHIO_COFFEE,275.61,277.34,275.05,275.12,275.12,154622,277.1,279.67,255.21,277.95,277.69,0.26,0.071,0.188,47.23,288.34,277.1,265.86,0.0811,9.34,33.14,45.76,804150,-0.0068
2022-01-04,ETHIO_COFFEE,273.15,276.32,269.1,274.92,274.92,158024,277.79,279.21,255.46,277.48,277.48,-0.001,0.057,-0.058,47.03,286.43,277.79,269.15,0.0622,9.19,32.35,35.35,646126,-0.0007
2022-01-05,ETHIO_COFFEE,275.81,276.56,264.1,264.27,264.27,250751,277.24,278.56,255.65,275.45,276.5,-1.055,-0.166,-0.889,37.79,287.67,277.24,266.82,0.0752,9.42,0.61,22.03,395375,-0.0387
2022-01-06,ETHIO_COFFEE,262.86,263.06,260.48,261.7,261.7,120865,276.6,278.06,255.82,273.33,275.41,-2.074,-0.547,-1.526,35.96,289.0,276.6,264.2,0.0897,9.02,3.86,12.27,274510,-0.0097
2022-01-07,ETHIO_COFFEE,260.3,264.82,260.28,262.04,262.04,176010,276.19,277.6,255.98,271.6,274.42,-2.821,-1.002,-1.819,36.4,289.89,276.19,262.49,0.0992,8.7,6.02,3.5,450520,0.0013
2022-01-10,ETHIO_COFFEE,262.06,264.22,254.81,258.04,258.04,163606,275.43,277.09,256.15,269.51,273.2,-3.693,-1.54,-2.153,33.48,291.23,275.43,259.64,0.1147,8.75,9.31,6.4,286914,-0.0153
2022-01-11,ETHIO_COFFEE,257.36,267.54,257.32,264.17,264.17,276635,274.89,276.59,256.34,268.69,272.53,-3.846,-2.001,-1.844,41.25,291.43,274.89,258.35,0.1203,8.86,29.76,15.03,563549,0.0238
2022-01-12,ETHIO_COFFEE,267.57,268.18,260.39,260.46,260.46,229421,273.88,276.1,256.52,267.42,271.64,-4.217,-2.444,-1.773,38.33,291.33,273.88,256.43,0.1274,8.78,17.97,19.01,334128,-0.014
2022-01-13,ETHIO_COFFEE,261.37,265.33,253.42,254.5,254.5,286491,272.53,275.44,256.65,265.43,270.37,-4.936,-2.943,-1.993,34.15,291.51,272.53,253.54,0.1393,9.0,3.29,17.01,47637,-0.0229
2022-01-14,ETHIO_COFFEE,255.65,261.17,252.78,256.28,256.28,125403,271.14,274.89,256.77,264.03,269.33,-5.3,-3.414,-1.886,36.38,290.62,271.14,251.66,0.1437,8.96,10.45,10.57,173040,0.007
2022-01-17,ETHIO_COFFEE,255.97,257.58,250.11,252.76,252.76,193333,269.72,274.12,256.85,262.29,268.1,-5.807,-3.893,-1.914,33.94,290.17,269.72,249.26,0.1517,8.85,7.33,7.02,-20293,-0.0137
2022-01-18,ETHIO_COFFEE,252.95,258.26,246.6,246.63,246.63,265391,267.79,273.22,256.88,259.88,266.51,-6.626,-4.439,-2.187,30.13,289.28,267.79,246.3,0.1605,9.05,0.08,5.95,-285684,-0.0243
2022-01-19,ETHIO_COFFEE,248.01,250.83,247.6,248.85,248.85,205363,266.2,272.35,256.9,258.19,265.2,-7.015,-4.955,-2.061,33.06,288.36,266.2,244.04,0.1665,8.71,5.67,4.36,-80321,0.009
2022-01-20,ETHIO_COFFEE,246.98,249.4,242.3,243.37,243.37,191437,264.54,271.53,256.89,255.91,263.58,-7.677,-5.499,-2.178,29.75,288.26,264.54,240.82,0.1793,8.59,3.05,2.93,-271758,-0.022
2022-01-21,ETHIO_COFFEE,240.86,240.91,240.33,240.74,240.74,172673,262.95,270.72,256.89,253.57,261.89,-8.319,-6.063,-2.256,28.28,288.49,262.95,237.4,0.1943,8.2,1.13,3.29,-444431,-0.0108
2022-01-24,ETHIO_COFFEE,240.93,250.25,237.65,249.09,249.09,256430,261.8,270.07,256.91,252.88,260.94,-8.06,-6.462,-1.598,38.61,287.66,261.8,235.93,0.1976,8.51,29.4,11.2,-188001,0.0347
2022-01-25,ETHIO_COFFEE,249.81,257.57,248.54,256.65,256.65,249653,260.62,269.58,256.96,253.46,260.63,-7.163,-6.602,-0.56,46.17,285.13,260.62,236.11,0.1881,8.55,62.23,30.92,61652,0.0304
2022-01-26,ETHIO_COFFEE,260.73,261.38,249.52,251.18,251.18,306353,259.03,269.12,256.98,253.11,259.93,-6.814,-6.645,-0.169,42.13,281.59,259.03,236.47,0.1742,8.78,44.32,45.32,-244701,-0.0213
2022-01-27,ETHIO_COFFEE,252.49,256.27,249.0,249.45,249.45,145679,257.36,268.53,257.02,252.55,259.15,-6.601,-6.636,0.035,40.91,277.43,257.36,237.29,0.156,8.68,38.65,48.4,-390380,-0.0069
2022-01-28,ETHIO_COFFEE,247.81,254.63,245.41,249.84,249.84,183955,256.0,267.85,257.1,252.13,258.46,-6.329,-6.575,0.246,41.32,274.16,256.0,237.85,0.1418,8.71,39.93,40.97,-206425,0.0016
2022-01-31,ETHIO_COFFEE,248.46,251.36,247.12,249.6,249.6,209692,254.73,267.14,257.19,251.74,257.8,-6.062,-6.472,0.41,41.13,270.8,254.73,238.66,0.1262,8.4,39.14,39.24,-416117,-0.001
2022-02-01,ETHIO_COFFEE,251.22,251.26,248.71,250.18,250.18,156454,253.49,266.53,257.26,251.5,257.24,-5.737,-6.325,0.588,41.83,266.71,253.49,240.27,0.1043,7.98,45.27,41.45,-259663,0.0023
2022-02-02,ETHIO_COFFEE,249.45,250.93,243.58,246.41,246.41,238767,252.6,265.76,257.31,250.72,256.44,-5.719,-6.204,0.485,38.63,265.18,252.6,240.02,0.0996,7.93,36.92,40.44,-498430,-0.0151
2022-02-03,ETHIO_COFFEE,248.5,252.6,242.82,244.46,244.46,219137,251.74,265.07,257.38,249.76,255.55,-5.794,-6.122,0.328,37.05,264.06,251.74,239.41,0.0979,8.06,28.7,36.96,-717567,-0.0079
2022-02-04,ETHIO_COFFEE,243.85,247.76,242.51,243.25,243.25,165422,250.8,264.36,257.43,248.75,254.64,-5.884,-6.074,0.19,36.06,262.69,250.8,238.9,0.0949,7.86,23.6,29.74,-882989,-0.0049
2022-02-07,ETHIO_COFFEE,244.2,247.45,237.9,240.71,240.71,249637,249.93,263.63,257.47,247.52,253.61,-6.09,-6.077,-0.012,34.02,262.11,249.93,237.75,0.0975,7.98,12.9,21.73,-1132626,-0.0104
2022-02-08,ETHIO_COFFEE,240.84,242.58,235.27,237.16,237.16,197253,248.58,262.9,257.51,245.92,252.39,-6.465,-6.155,-0.31,31.34,260.12,248.58,237.04,0.0929,7.94,7.24,14.58,-1329879,-0.0147
2022-02-09,ETHIO_COFFEE,237.67,240.93,230.21,230.85,230.85,271722,247.1,262.27,257.52,243.6,250.79,-7.189,-6.362,-0.827,27.24,259.71,247.1,234.49,0.1021,8.13,2.05,7.4,-1601601,-0.0266
2022-02-10,ETHIO_COFFEE,230.09,232.71,227.31,227.58,227.58,226105,245.75,261.58,257.52,241.14,249.07,-7.934,-6.676,-1.258,25.38,260.48,245.75,231.02,0.1199,7.94,0.79,3.36,-1827706,-0.0142
2022-02-11,ETHIO_COFFEE,227.98,228.92,226.53,227.52,227.52,182887,244.31,260.86,257.54,239.04,247.48,-8.433,-7.028,-1.406,25.35,260.22,244.31,228.41,0.1302,7.54,2.84,1.9,-2010593,-0.0003
2022-02-14,ETHIO_COFFEE,223.11,225.89,222.86,225.49,225.49,150266,242.95,260.2,257.57,236.96,245.85,-8.89,-7.4,-1.49,24.17,260.34,242.95,225.57,0.1431,7.34,6.83,3.49,-2160859,-0.0089
2022-02-15,ETHIO_COFFEE,223.75,234.21,221.97,232.09,232.09,303056,242.22,259.62,257.63,236.21,244.83,-8.62,-7.644,-0.976,34.82,260.14,242.22,224.31,0.1479,7.69,29.5,13.06,-1857803,0.0293
2022-02-16,ETHIO_COFFEE,232.62,236.64,232.13,234.75,234.75,202101,241.52,258.81,257.73,235.99,244.08,-8.098,-7.735,-0.363,38.56,259.45,241.52,223.59,0.1485,7.46,39.13,25.15,-1655702,0.0115
2022-02-17,ETHIO_COFFEE,235.52,237.71,228.38,231.99,231.99,167811,240.95,257.96,257.84,235.37,243.19,-7.816,-7.751,-0.065,36.23,259.32,240.95,222.58,0.1525,7.6,32.71,33.78,-1823513,-0.0118
2022-02-18,ETHIO_COFFEE,232.5,242.4,227.42,239.22,239.22,233866,240.87,257.34,258.0,235.96,242.89,-6.93,-7.587,0.657,45.51,259.26,240.87,222.48,0.1527,8.12,56.32,42.72,-1589647,0.0312
2022-02-21,ETHIO_COFFEE,238.88,253.78,235.99,248.63,248.63,247218,240.85,256.85,258.23,237.91,243.32,-5.406,-7.151,1.744,54.73,259.2,240.85,222.5,0.1524,8.81,83.81,57.61,-1342429,0.0393
2022-02-22,ETHIO_COFFEE,248.18,248.73,242.82,248.69,248.69,160743,240.45,256.32,258.45,239.57,243.72,-4.146,-6.55,2.404,54.79,257.73,240.45,223.18,0.1437,8.61,84.0,74.71,-1181686,0.0002
2022-02-23,ETHIO_COFFEE,248.06,253.34,247.23,250.98,250.98,214233,240.44,255.73,258.68,241.33,244.25,-2.929,-5.826,2.897,56.85,257.69,240.44,223.19,0.1435,8.43,91.2,86.34,-967453,0.0092
2022-02-24,ETHIO_COFFEE,251.18,254.17,250.79,251.0,251.0,160152,240.52,255.12,258.94,242.81,244.75,-1.94,-5.049,3.108,56.87,257.94,240.52,223.1,0.1449,8.07,90.16,88.45,-807301,0.0001
2022-02-25,ETHIO_COFFEE,251.89,253.03,248.99,252.14,252.14,184590,240.63,254.48,259.17,244.25,245.3,-1.052,-4.249,3.197,57.97,258.33,240.63,222.94,0.1471,7.78,93.7,91.68,-622711,0.0045
2022-02-28,ETHIO_COFFEE,251.61,260.39,248.96,258.71,258.71,253872,241.09,254.03,259.43,246.47,246.29,0.179,-3.364,3.543,63.74,260.11,241.09,222.07,0.1578,8.04,95.63,93.16,-368839,0.0261
2022-03-01,ETHIO_COFFEE,259.33,259.94,254.73,257.83,257.83,154524,241.47,253.48,259.65,248.22,247.15,1.072,-2.477,3.548,62.5,261.49,241.47,221.46,0.1658,7.84,93.34,94.22,-523363,-0.0034
2022-03-02,ETHIO_COFFEE,258.27,258.98,249.88,251.18,251.18,199710,241.71,252.9,259.85,248.68,247.45,1.229,-1.736,2.964,53.98,262.07,241.71,221.36,0.1684,7.93,76.03,88.33,-723073,-0.0258
2022-03-03,ETHIO_COFFEE,254.1,260.41,253.44,258.97,258.97,205921,242.44,252.54,260.09,250.26,248.3,1.959,-0.997,2.955,60.73,264.12,242.44,220.75,0.1789,8.02,96.25,88.54,-517152,0.031
2022-03-04,ETHIO_COFFEE,260.18,260.58,256.55,258.05,258.05,171002,243.18,252.25,260.33,251.46,249.02,2.435,-0.31,2.745,59.62,265.91,243.18,220.45,0.1869,7.74,93.45,88.58,-688154,-0.0036
2022-03-07,ETHIO_COFFEE,260.11,260.7,251.92,252.02,252.02,271813,243.74,251.85,260.54,251.54,249.24,2.3,0.212,2.088,52.79,266.76,243.74,220.72,0.1889,7.81,73.92,87.87,-959967,-0.0234
2022-03-08,ETHIO_COFFEE,251.33,262.57,247.65,257.01,257.01,221166,244.74,251.39,260.78,252.39,249.82,2.565,0.682,1.883,57.16,268.24,244.74,221.23,0.1921,8.32,84.18,83.85,-738801,0.0198
2022-03-09,ETHIO_COFFEE,257.99,261.39,253.87,254.17,254.17,192922,245.9,250.81,260.98,252.66,250.14,2.518,1.049,1.468,54.09,268.84,245.9,222.96,0.1866,8.26,76.1,78.07,-931723,-0.0111
2022-03-10,ETHIO_COFFEE,254.07,256.19,249.74,250.58,250.58,155181,247.05,250.17,261.1,252.34,250.17,2.165,1.273,0.893,50.41,268.46,247.05,225.65,0.1733,8.13,54.89,71.73,-1086904,-0.0141
2022-03-11,ETHIO_COFFEE,251.8,254.76,247.24,251.02,251.02,184424,248.23,249.65,261.21,252.14,250.24,1.899,1.398,0.502,50.85,267.71,248.23,228.74,0.157,8.09,41.52,57.5,-902480,0.0018
2022-03-14,ETHIO_COFFEE,252.88,253.42,238.4,247.59,247.59,182949,249.33,249.1,261.33,251.44,250.04,1.396,1.398,-0.002,47.31,265.8,249.33,232.86,0.1321,8.58,38.02,44.81,-1085429,-0.0137
2022-03-15,ETHIO_COFFEE,246.87,249.94,245.73,247.79,247.79,196701,250.12,248.55,261.42,250.88,249.87,1.002,1.318,-0.317,47.54,264.6,250.12,235.63,0.1158,8.27,38.85,39.46,-888728,0.0008
2022-03-16,ETHIO_COFFEE,249.09,255.13,247.74,248.51,248.51,184896,250.8,248.24,261.51,250.51,249.77,0.739,1.202,-0.464,48.41,263.5,250.8,238.1,0.1013,8.21,41.83,39.57,-703832,0.0029
2022-03-17,ETHIO_COFFEE,247.83,250.99,247.0,249.4,249.4,148010,251.67,247.99,261.61,250.34,249.75,0.595,1.081,-0.486,49.52,261.05,251.67,242.3,0.0745,7.91,45.51,42.06,-555822,0.0036
2022-03-18,ETHIO_COFFEE,250.1,256.36,248.71,253.81,253.81,165900,252.4,247.83,261.76,250.87,250.05,0.828,1.03,-0.202,54.74,259.86,252.4,244.95,0.0591,7.89,63.76,50.37,-389922,0.0177
2022-03-21,ETHIO_COFFEE,253.43,266.31,252.11,264.11,264.11,320901,253.18,247.95,262.02,252.91,251.09,1.822,1.189,0.634,64.09,262.0,253.18,244.36,0.0697,8.34,92.12,67.13,-69021,0.0406
2022-03-22,ETHIO_COFFEE,263.77,263.86,255.35,256.63,256.63,190759,253.57,247.8,262.23,253.48,251.5,1.984,1.348,0.636,55.18,262.26,253.57,244.89,0.0685,8.37,65.32,73.73,-259780,-0.0283
2022-03-23,ETHIO_COFFEE,256.43,263.1,255.02,260.8,260.8,209274,254.07,247.8,262.49,254.61,252.19,2.421,1.562,0.858,58.63,263.21,254.07,244.92,0.072,8.35,80.26,79.23,-50506,0.0162
2022-03-24,ETHIO_COFFEE,260.78,264.16,256.77,263.92,263.92,150656,254.71,247.99,262.75,256.04,253.06,2.984,1.847,1.137,61.05,264.69,254.71,244.74,0.0783,8.28,91.44,79.0,100150,0.012
2022-03-25,ETHIO_COFFEE,265.51,270.4,261.02,263.35,263.35,175597,255.27,248.13,262.99,257.17,253.82,3.346,2.147,1.2,60.35,265.85,255.27,244.7,0.0829,8.36,77.97,83.22,-75447,-0.0022
2022-03-28,ETHIO_COFFEE,268.85,270.03,264.78,264.8,264.8,179127,255.58,248.38,263.2,258.34,254.63,3.707,2.459,1.249,61.55,266.86,255.58,244.3,0.0883,8.24,82.5,83.97,103680,0.0055
2022-03-29,ETHIO_COFFEE,264.31,269.69,262.62,268.5,268.5,184580,256.11,248.81,263.37,259.9,255.66,4.243,2.816,1.428,64.5,268.7,256.11,243.52,0.0983,8.16,94.06,84.84,288260,0.014
2022-03-30,ETHIO_COFFEE,269.04,283.18,268.92,279.82,279.82,301874,257.54,249.43,263.59,262.97,257.45,5.518,3.356,2.162,71.65,273.6,257.54,241.48,0.1247,8.62,92.5,89.69,590134,0.0422
2022-03-31,ETHIO_COFFEE,280.39,283.33,276.39,282.23,282.23,193814,258.71,250.21,263.81,265.93,259.29,6.646,4.014,2.632,72.91,278.04,258.71,239.37,0.1495,8.5,97.55,94.7,783948,0.0086
2022-04-01,ETHIO_COFFEE,282.71,287.71,269.74,279.19,279.19,187546,259.76,250.98,264.04,267.97,260.76,7.211,4.653,2.558,68.78,281.05,259.76,238.47,0.1639,9.18,79.7,89.92,596402,-0.0108
2022-04-04,ETHIO_COFFEE,278.97,295.13,277.52,289.38,289.38,317233,261.63,251.78,264.34,271.26,262.88,8.385,5.4,2.985,74.08,286.18,261.63,237.08,0.1877,9.78,88.05,88.44,913635,0.0365
2022-04-05,ETHIO_COFFEE,290.4,292.42,284.74,287.25,287.25,219956,263.14,252.4,264.64,273.72,264.68,9.039,6.128,2.911,71.35,289.99,263.14,236.3,0.204,9.63,83.63,83.8,693679,-0.0074
2022-04-06,ETHIO_COFFEE,288.89,294.8,285.43,290.1,290.1,165617,264.94,253.17,264.96,276.24,266.57,9.676,6.837,2.839,72.79,293.87,264.94,236.01,0.2184,9.61,89.16,86.95,859296,0.0099
2022-04-07,ETHIO_COFFEE,289.31,290.67,285.75,285.77,285.77,162211,266.7,253.9,265.28,277.71,267.99,9.719,7.414,2.305,67.25,296.2,266.7,237.2,0.2212,9.28,78.24,83.68,697085,-0.0149
2022-04-08,ETHIO_COFFEE,282.64,284.32,280.78,284.04,284.04,169578,268.35,254.58,265.58,278.68,269.18,9.504,7.832,1.672,65.12,297.85,268.35,238.85,0.2199,8.97,72.35,79.92,527507,-0.0061
2022-04-11,ETHIO_COFFEE,286.88,293.38,273.2,278.0,278.0,264495,269.87,255.15,265.85,278.58,269.83,8.746,8.014,0.731,58.18,298.04,269.87,241.7,0.2088,9.77,57.29,69.3,263012,-0.0213
2022-04-12,ETHIO_COFFEE,276.5,281.21,271.75,273.2,273.2,190527,271.14,255.61,266.07,277.75,270.08,7.669,7.945,-0.277,53.32,297.44,271.14,244.84,0.194,9.75,42.83,57.49,72485,-0.0173
2022-04-13,ETHIO_COFFEE,272.62,274.54,267.89,273.38,273.38,139846,272.38,256.15,266.29,277.08,270.33,6.752,7.707,-0.955,53.48,296.55,272.38,248.22,0.1775,9.53,36.24,45.45,212331,0.0007
2022-04-14,ETHIO_COFFEE,273.62,280.45,273.1,278.02,278.02,164804,273.82,256.82,266.52,277.22,270.9,6.327,7.431,-1.104,57.45,295.65,273.82,251.98,0.1595,9.37,47.37,42.15,377135,0.017
2022-04-15,ETHIO_COFFEE,276.58,279.96,270.43,276.72,276.72,111467,274.96,257.49,266.78,277.15,271.33,5.818,7.108,-1.29,56.01,294.78,274.96,255.14,0.1442,9.38,43.37,42.33,265668,-0.0047
2022-04-18,ETHIO_COFFEE,274.42,278.86,273.66,277.89,277.89,165159,275.65,258.24,267.01,277.26,271.81,5.447,6.776,-1.329,57.05,294.87,275.65,256.43,0.1394,9.08,36.71,42.48,430827,0.0042
2022-04-19,ETHIO_COFFEE,278.39,279.35,276.01,276.9,276.9,169334,276.66,259.03,267.21,277.2,272.19,5.014,6.424,-1.409,55.85,293.78,276.66,259.54,0.1238,8.67,33.08,37.72,261493,-0.0036
2022-04-20,ETHIO_COFFEE,275.89,278.56,275.14,277.1,277.1,141937,277.48,259.96,267.43,277.19,272.55,4.635,6.066,-1.431,56.05,292.98,277.48,261.98,0.1117,8.3,33.81,34.53,403430,0.0007
2022-04-21,ETHIO_COFFEE,277.59,284.84,275.13,284.76,284.76,268053,278.52,261.1,267.65,278.35,273.46,4.895,5.832,-0.936,63.04,293.0,278.52,264.04,0.104,8.4,61.93,42.94,671483,0.0276
2022-04-22,ETHIO_COFFEE,285.87,288.28,280.46,282.92,282.92,186554,279.5,262.21,267.84,279.06,274.16,4.897,5.645,-0.748,60.55,292.29,279.5,266.7,0.0916,8.36,55.85,50.53,484929,-0.0065
2022-04-25,ETHIO_COFFEE,282.36,286.15,268.54,269.68,269.68,306596,279.74,263.09,267.98,277.61,273.83,3.786,5.273,-1.487,46.35,291.55,279.74,267.93,0.0845,9.02,6.65,41.48,178333,-0.0468
2022-04-26,ETHIO_COFFEE,269.27,269.57,266.41,268.58,268.58,147151,279.75,263.82,268.13,276.22,273.44,2.785,4.776,-1.99,45.39,291.54,279.75,267.95,0.0843,8.61,8.05,23.52,31182,-0.0041
2022-04-27,ETHIO_COFFEE,267.74,272.75,266.68,269.51,269.51,125717,279.23,264.52,268.24,275.19,273.15,2.043,4.229,-2.186,46.4,291.84,279.23,266.62,0.0903,8.43,11.49,8.73,156899,0.0035
2022-04-28,ETHIO_COFFEE,270.97,271.37,267.03,267.72,267.72,177405,278.51,265.23,268.35,274.04,272.75,1.296,3.642,-2.346,44.7,291.98,278.51,265.03,0.0968,8.14,4.86,8.13,-20506,-0.0066
2022-04-29,ETHIO_COFFEE,265.28,273.04,264.82,270.35,270.35,168335,278.06,265.85,268.45,273.47,272.57,0.906,3.095,-2.19,47.73,292.0,278.06,264.13,0.1002,8.14,23.57,13.31,147829,0.0098
2022-05-02,ETHIO_COFFEE,268.76,269.74,265.45,267.11,267.11,202756,276.95,266.22,268.54,272.49,272.16,0.331,2.542,-2.211,44.49,290.64,276.95,263.26,0.0989,7.91,9.76,12.73,-54927,-0.012
2022-05-03,ETHIO_COFFEE,267.29,271.68,264.8,269.6,269.6,216146,276.07,266.64,268.65,272.05,271.97,0.075,2.049,-1.973,47.44,289.26,276.07,262.88,0.0956,7.84,20.44,17.93,161219,0.0093
2022-05-04,ETHIO_COFFEE,269.02,270.27,266.6,267.24,267.24,177905,274.92,266.97,268.73,271.31,271.62,-0.314,1.576,-1.89,45.0,286.96,274.92,262.88,0.0876,7.54,10.39,13.53,-16686,-0.0088
2022-05-05,ETHIO_COFFEE,268.03,275.24,266.04,274.86,274.86,232491,274.38,267.44,268.85,271.86,271.86,-0.007,1.26,-1.267,53.35,285.34,274.38,263.41,0.0799,7.66,42.84,24.56,215805,0.0285
2022-05-06,ETHIO_COFFEE,274.17,274.18,265.73,267.77,267.77,262398,273.57,267.76,268.91,271.23,271.56,-0.333,0.941,-1.274,46.31,283.94,273.57,263.19,0.0759,7.76,12.65,21.96,-46593,-0.0258
2022-05-09,ETHIO_COFFEE,271.15,284.38,269.11,279.75,279.75,242204,273.65,268.18,269.03,272.54,272.17,0.372,0.827,-0.455,56.71,284.21,273.65,263.1,0.0771,8.39,63.67,39.72,195611,0.0447
2022-05-10,ETHIO_COFFEE,281.84,287.02,280.06,280.28,280.28,169782,274.01,268.63,269.14,273.73,272.77,0.962,0.854,0.108,57.1,284.94,274.01,263.07,0.0798,8.31,65.93,47.42,365393,0.0019
2022-05-11,ETHIO_COFFEE,280.98,281.78,279.3,281.44,281.44,147658,274.41,269.23,269.22,274.92,273.41,1.506,0.985,0.521,58.01,285.81,274.41,263.01,0.0831,7.9,70.87,66.82,513051,0.0041
2022-05-12,ETHIO_COFFEE,280.57,285.05,279.77,282.96,282.96,235120,274.66,269.71,269.28,276.15,274.12,2.036,1.195,0.841,59.22,286.56,274.66,262.75,0.0867,7.71,81.73,72.84,748171,0.0054
2022-05-13,ETHIO_COFFEE,284.87,286.69,275.5,277.17,277.17,246960,274.68,270.09,269.27,276.31,274.34,1.966,1.349,0.617,52.94,286.6,274.68,262.76,0.0868,7.96,55.67,69.42,501211,-0.0205
2022-05-16,ETHIO_COFFEE,275.48,281.61,270.95,279.34,279.34,249585,274.75,270.64,269.31,276.78,274.71,2.062,1.492,0.571,54.87,286.77,274.75,262.74,0.0875,8.15,65.44,67.61,750796,0.0078
2022-05-17,ETHIO_COFFEE,280.75,293.61,278.54,289.4,289.4,217221,275.38,271.29,269.37,278.72,275.8,2.917,1.777,1.14,62.55,288.97,275.38,261.78,0.0987,8.65,85.39,68.83,968017,0.036
2022-05-18,ETHIO_COFFEE,289.35,292.99,284.77,285.51,285.51,176553,275.8,271.92,269.45,279.76,276.52,3.242,2.07,1.173,58.41,290.08,275.8,261.51,0.1036,8.62,71.88,74.24,791464,-0.0134
2022-05-19,ETHIO_COFFEE,284.78,297.13,284.06,292.56,292.56,202800,276.19,272.75,269.6,281.73,277.71,4.023,2.46,1.563,63.17,291.79,276.19,260.58,0.113,8.93,85.86,81.05,994264,0.0247
2022-05-20,ETHIO_COFFEE,289.66,298.05,288.93,297.48,297.48,242835,276.92,273.68,269.78,284.15,279.17,4.981,2.965,2.017,66.08,294.89,276.92,258.94,0.1298,8.95,98.29,85.34,1237099,0.0168
2022-05-23,ETHIO_COFFEE,298.27,300.02,290.54,293.27,293.27,239983,278.09,274.6,269.89,285.56,280.22,5.339,3.44,1.9,61.59,297.08,278.09,259.11,0.1365,8.99,80.31,88.16,997116,-0.0142
2022-05-24,ETHIO_COFFEE,295.01,305.36,294.38,299.04,299.04,176832,279.62,275.62,270.04,287.63,281.61,6.02,3.956,2.064,65.09,300.13,279.62,259.1,0.1467,9.21,84.05,87.55,1173948,0.0197
2022-05-25,ETHIO_COFFEE,300.29,308.95,296.3,299.49,299.49,141875,281.12,276.64,270.23,289.46,282.94,6.52,4.468,2.051,65.36,302.81,281.12,259.43,0.1543,9.45,78.11,80.83,1315823,0.0015
2022-05-26,ETHIO_COFFEE,295.62,305.78,292.32,302.58,302.58,199481,282.86,277.71,270.46,291.47,284.39,7.084,4.991,2.092,67.2,305.54,282.86,260.18,0.1604,9.74,84.01,82.06,1515304,0.0103
2022-05-27,ETHIO_COFFEE,299.29,305.37,296.67,304.43,304.43,260918,284.56,278.72,270.68,293.47,285.88,7.592,5.512,2.081,68.29,308.33,284.56,260.8,0.167,9.66,88.11,83.41,1776222,0.0061
2022-05-30,ETHIO_COFFEE,301.52,313.96,294.74,310.62,310.62,206930,286.74,279.65,270.94,296.11,287.71,8.398,6.089,2.309,71.67,311.65,286.74,261.83,0.1738,10.35,92.23,88.12,1983152,0.0203
2022-05-31,ETHIO_COFFEE,311.15,326.36,309.6,320.31,320.31,198391,289.28,280.92,271.26,299.83,290.12,9.707,6.813,2.894,75.99,316.87,289.28,261.68,0.1908,10.81,89.08,89.81,2181543,0.0312
2022-06-01,ETHIO_COFFEE,321.31,322.86,315.79,321.03,321.03,150666,291.96,282.13,271.54,303.09,292.41,10.679,7.586,3.093,76.28,320.9,291.96,263.03,0.1982,10.54,90.38,90.57,2332209,0.0022
2022-06-02,ETHIO_COFFEE,322.11,322.89,317.75,320.23,320.23,167819,294.23,283.25,271.8,305.73,294.47,11.255,8.32,2.935,75.2,324.53,294.23,263.94,0.2059,10.15,88.94,89.47,2164390,-0.0025
2022-06-03,ETHIO_COFFEE,322.06,325.44,317.25,323.31,323.31,195557,297.01,284.45,272.09,308.43,296.61,11.824,9.021,2.803,76.58,327.28,297.01,266.74,0.2038,10.01,93.62,90.98,2359947,0.0096
2022-06-06,ETHIO_COFFEE,323.87,325.56,311.83,317.69,317.69,224990,298.91,285.51,272.3,309.86,298.17,11.687,9.554,2.133,69.03,329.36,298.91,268.45,0.2038,10.28,79.5,87.35,2134957,-0.0174
2022-06-07,ETHIO_COFFEE,314.65,324.82,314.03,323.17,323.17,195280,301.05,286.6,272.56,311.91,300.02,11.883,10.02,1.863,71.93,331.99,301.05,270.11,0.2056,10.31,92.46,88.53,2330237,0.0172
2022-06-08,ETHIO_COFFEE,325.57,327.43,317.36,318.05,318.05,189760,302.88,287.37,272.82,312.85,301.36,11.493,10.314,1.179,65.73,333.3,302.88,272.47,0.2008,10.3,75.64,82.53,2140477,-0.0158
2022-06-09,ETHIO_COFFEE,318.78,330.96,314.28,329.41,329.41,289387,305.2,288.31,273.17,315.4,303.44,11.962,10.644,1.319,71.58,336.27,305.2,274.14,0.2035,10.75,96.17,88.09,2429864,0.0357
2022-06-10,ETHIO_COFFEE,327.56,334.2,324.98,330.45,330.45,161882,307.87,289.34,273.45,317.71,305.44,12.277,10.97,1.307,72.06,337.98,307.87,277.76,0.1956,10.64,91.05,87.62,2591746,0.0032
2022-06-13,ETHIO_COFFEE,332.03,336.72,321.81,323.96,323.96,251314,310.1,290.03,273.75,318.67,306.81,11.866,11.15,0.716,64.83,337.95,310.1,282.25,0.1796,10.95,71.26,86.16,2340432,-0.0196
2022-06-14,ETHIO_COFFEE,324.44,334.21,320.5,330.83,330.83,253206,312.17,290.9,274.11,320.54,308.59,11.957,11.311,0.646,68.44,339.72,312.17,284.62,0.1765,11.15,86.73,83.01,2593638,0.0212
2022-06-15,ETHIO_COFFEE,328.36,336.56,328.02,333.15,333.15,215405,314.55,291.76,274.45,322.48,310.41,12.076,11.464,0.612,69.57,340.67,314.55,288.44,0.166,10.96,91.5,83.16,2809043,0.007
2022-06-16,ETHIO_COFFEE,333.97,344.58,330.88,340.23,340.23,213601,316.94,292.85,274.85,325.21,312.62,12.597,11.691,0.907,72.79,343.29,316.94,290.58,0.1663,11.16,91.27,89.83,3022644,0.0213
2022-06-17,ETHIO_COFFEE,343.32,345.97,324.11,333.93,333.93,223027,318.76,293.85,275.24,326.56,314.2,12.36,11.825,0.535,66.1,344.51,318.76,293.01,0.1616,11.92,66.9,83.22,2799617,-0.0185
2022-06-20,ETHIO_COFFEE,331.41,347.26,329.56,341.12,341.12,240381,321.15,295.11,275.59,328.8,316.19,12.606,11.981,0.625,69.54,345.86,321.15,296.45,0.1539,12.33,82.67,80.28,3039998,0.0215
2022-06-21,ETHIO_COFFEE,339.46,340.79,336.47,336.56,336.56,186553,323.03,296.38,275.91,329.99,317.7,12.292,12.043,0.249,65.03,346.39,323.03,299.66,0.1447,11.78,69.8,73.12,2853445,-0.0134
2022-06-22,ETHIO_COFFEE,336.35,336.66,335.38,336.15,336.15,131440,324.86,297.63,276.22,330.94,319.07,11.872,12.009,-0.136,64.62,346.22,324.86,303.5,0.1315,11.03,68.64,73.7,2722005,-0.0012
2022-06-23,ETHIO_COFFEE,339.39,342.53,329.13,339.95,339.95,129698,326.73,298.87,276.53,332.32,320.61,11.712,11.949,-0.238,66.7,346.44,326.73,307.02,0.1206,11.2,79.37,72.6,2851703,0.0113
2022-06-24,ETHIO_COFFEE,343.66,351.08,340.48,345.54,345.54,208866,328.78,300.25,276.84,334.36,322.46,11.899,11.939,-0.041,69.53,347.3,328.78,310.27,0.1126,11.2,85.05,77.69,3060569,0.0164
2022-06-27,ETHIO_COFFEE,340.88,341.31,339.54,339.6,339.6,182633,330.23,301.48,277.13,335.16,323.73,11.435,11.838,-0.403,63.37,347.32,330.23,313.15,0.1035,10.83,68.8,77.74,2877936,-0.0172
2022-06-28,ETHIO_COFFEE,338.22,342.96,337.77,342.13,342.13,222315,331.32,302.79,277.44,336.24,325.09,11.144,11.7,-0.556,64.8,348.52,331.32,314.13,0.1038,10.42,75.68,76.51,3100251,0.0074
2022-06-29,ETHIO_COFFEE,346.22,349.56,334.45,342.31,342.31,213729,332.39,304.09,277.78,337.17,326.37,10.803,11.52,-0.717,64.9,349.54,332.39,315.24,0.1032,10.76,71.32,71.93,3313980,0.0005
2022-06-30,ETHIO_COFFEE,340.12,344.29,336.98,342.51,342.51,141519,333.5,305.25,278.14,337.99,327.56,10.429,11.302,-0.873,65.03,350.24,333.5,316.77,0.1004,10.51,71.98,72.99,3455499,0.0006
2022-07-01,ETHIO_COFFEE,343.41,346.15,338.19,344.77,344.77,120234,334.58,306.48,278.48,339.03,328.84,10.197,11.081,-0.884,66.48,351.31,334.58,317.84,0.1,10.33,79.37,74.22,3575733,0.0066
2022-07-04,ETHIO_COFFEE,344.84,345.32,334.35,335.49,335.49,186728,335.47,307.8,278.77,338.49,329.33,9.159,10.697,-1.538,56.17,350.3,335.47,320.63,0.0884,10.38,42.2,64.51,3389005,-0.0269
2022-07-05,ETHIO_COFFEE,334.81,339.21,321.68,324.35,324.35,223670,335.52,308.91,279.06,336.31,328.96,7.353,10.028,-2.675,46.79,350.17,335.52,320.88,0.0873,10.89,9.08,43.55,3165335,-0.0332
2022-07-06,ETHIO_COFFEE,322.93,333.53,319.84,328.73,328.73,237544,336.06,310.1,279.34,335.15,328.94,6.203,9.263,-3.06,50.3,348.77,336.06,323.35,0.0756,11.09,28.46,26.58,3402879,0.0135
2022-07-07,ETHIO_COFFEE,330.53,330.94,329.27,330.88,330.88,161648,336.13,311.36,279.6,334.49,329.09,5.403,8.491,-3.088,51.98,348.7,336.13,323.56,0.0748,10.45,35.34,24.29,3564527,0.0065
2022-07-08,ETHIO_COFFEE,333.84,339.33,321.05,321.1,321.1,270130,335.66,312.38,279.76,332.43,328.5,3.935,7.58,-3.645,44.61,349.66,335.66,321.67,0.0834,11.01,4.03,22.61,3294397,-0.0296
2022-07-11,ETHIO_COFFEE,320.75,333.14,316.92,326.5,326.5,198283,335.79,313.56,279.94,331.52,328.35,3.17,6.698,-3.528,48.92,349.4,335.79,322.18,0.0811,11.38,28.04,22.47,3492680,0.0168
2022-07-12,ETHIO_COFFEE,327.65,337.89,327.62,329.64,329.64,191563,335.73,314.77,280.1,331.23,328.44,2.785,5.915,-3.13,51.29,349.44,335.73,322.02,0.0817,11.38,37.24,23.1,3684243,0.0096
2022-07-13,ETHIO_COFFEE,330.58,333.65,320.72,323.89,323.89,204802,335.27,315.9,280.25,330.1,328.11,1.994,5.131,-3.137,46.99,349.89,335.27,320.65,0.0872,11.49,20.4,28.56,3479441,-0.0174
2022-07-14,ETHIO_COFFEE,324.53,325.39,322.74,323.17,323.17,217555,334.42,316.86,280.44,329.03,327.74,1.293,4.363,-3.07,46.46,349.75,334.42,319.08,0.0917,10.86,19.15,25.6,3261886,-0.0022
2022-07-15,ETHIO_COFFEE,323.47,326.33,320.45,325.58,325.58,223411,334.0,318.02,280.62,328.5,327.58,0.922,3.675,-2.753,48.54,349.81,334.0,318.19,0.0947,10.51,26.53,22.03,3485297,0.0075
2022-07-18,ETHIO_COFFEE,326.18,330.6,321.65,325.04,325.04,140170,333.19,318.93,280.82,327.97,327.39,0.577,3.055,-2.478,48.09,349.11,333.19,317.28,0.0955,10.4,24.88,23.52,3345127,-0.0017
2022-07-19,ETHIO_COFFEE,326.54,335.35,326.21,335.13,335.13,238896,333.12,320.02,281.07,329.07,327.97,1.106,2.666,-1.56,56.24,348.99,333.12,317.25,0.0953,10.39,62.3,37.9,3584023,0.031
2022-07-20,ETHIO_COFFEE,333.24,334.27,328.25,330.67,330.67,221791,332.85,321.01,281.26,329.32,328.17,1.151,2.363,-1.211,52.33,348.69,332.85,317.01,0.0952,10.14,47.04,44.74,3362232,-0.0133
2022-07-21,ETHIO_COFFEE,330.52,343.45,330.08,334.9,334.9,179653,332.6,322.05,281.52,330.18,328.66,1.511,2.192,-0.681,55.49,348.13,332.6,317.06,0.0934,10.37,63.31,57.55,3541885,0.0128
2022-07-22,ETHIO_COFFEE,330.71,333.63,328.45,329.98,329.98,135769,331.82,323.1,281.73,330.15,328.76,1.384,2.031,-0.647,51.23,346.2,331.82,317.44,0.0867,10.09,49.23,53.19,3406116,-0.0147
2022-07-25,ETHIO_COFFEE,329.23,336.59,329.07,330.48,330.48,212680,331.36,324.13,281.94,330.2,328.89,1.308,1.886,-0.578,51.64,345.3,331.36,317.42,0.0841,9.91,51.11,54.55,3618796,0.0015
2022-07-26,ETHIO_COFFEE,330.67,334.41,324.15,324.41,324.41,231989,330.48,324.83,282.15,329.31,328.56,0.749,1.659,-0.909,46.57,343.8,330.48,317.15,0.0807,9.93,28.23,42.86,3386807,-0.0184
2022-07-27,ETHIO_COFFEE,326.84,334.17,312.02,315.21,315.21,255961,329.12,325.42,282.27,327.14,327.57,-0.431,1.241,-1.672,40.13,342.86,329.12,315.38,0.0835,10.8,10.15,29.83,3130846,-0.0284
2022-07-28,ETHIO_COFFEE,312.81,331.29,307.86,323.69,323.69,263145,328.18,326.04,282.39,326.61,327.28,-0.674,0.858,-1.532,47.35,340.65,328.18,315.72,0.076,11.71,44.48,27.62,3393991,0.0269
2022-07-29,ETHIO_COFFEE,322.1,325.14,312.87,316.04,316.04,239213,326.74,326.41,282.47,324.98,326.45,-1.467,0.393,-1.86,42.39,337.77,326.74,315.72,0.0675,11.75,22.98,25.87,3154778,-0.0236
2022-08-01,ETHIO_COFFEE,318.24,321.41,308.01,313.49,313.49,243478,325.64,326.82,282.54,323.21,325.49,-2.275,-0.141,-2.134,40.85,337.33,325.64,313.96,0.0718,11.86,15.82,27.76,2911300,-0.0081
2022-08-02,ETHIO_COFFEE,313.71,314.06,304.92,309.45,309.45,221579,324.9,327.03,282.6,321.1,324.3,-3.205,-0.753,-2.451,38.47,338.55,324.9,311.24,0.0841,11.67,11.76,16.85,2689721,-0.0129
2022-08-03,ETHIO_COFFEE,306.95,308.42,303.35,305.53,305.53,144278,323.74,327.15,282.65,318.7,322.91,-4.209,-1.445,-2.764,36.26,339.65,323.74,307.83,0.0983,11.27,5.44,11.0,2545443,-0.0127
2022-08-04,ETHIO_COFFEE,304.97,311.96,300.9,305.87,305.87,212746,322.49,327.21,282.74,316.73,321.65,-4.921,-2.14,-2.781,36.6,339.83,322.49,305.15,0.1075,11.26,11.68,9.62,2758189,0.0011
2022-08-05,ETHIO_COFFEE,306.29,308.69,301.3,307.82,307.82,221946,321.82,327.28,282.86,315.36,320.62,-5.267,-2.765,-2.502,38.62,340.3,321.82,303.35,0.1148,10.98,16.26,11.13,2980135,0.0064
2022-08-08,ETHIO_COFFEE,307.98,308.24,306.83,307.36,307.36,170360,320.87,327.22,282.98,314.13,319.64,-5.515,-3.315,-2.2,38.31,340.24,320.87,301.5,0.1207,10.3,15.18,14.38,2809775,-0.0015
2022-08-09,ETHIO_COFFEE,309.56,310.18,301.68,305.13,305.13,231150,319.64,326.91,283.05,312.74,318.57,-5.824,-3.817,-2.007,36.77,339.73,319.64,299.56,0.1257,10.17,9.94,13.8,2578625,-0.0073
2022-08-10,ETHIO_COFFEE,306.26,312.11,298.67,310.26,310.26,169103,318.96,326.7,283.18,312.36,317.95,-5.59,-4.172,-1.419,42.51,339.35,318.96,298.58,0.1278,10.4,30.56,18.56,2747728,0.0168
2022-08-11,ETHIO_COFFEE,310.59,314.53,299.13,300.04,300.04,299390,317.8,326.29,283.24,310.47,316.62,-6.159,-4.569,-1.59,35.58,339.67,317.8,295.94,0.1376,10.76,3.61,14.71,2448338,-0.0329
2022-08-12,ETHIO_COFFEE,298.27,301.6,297.37,300.5,300.5,144942,316.55,325.84,283.33,308.93,315.43,-6.498,-4.955,-1.543,36.08,339.35,316.55,293.75,0.144,10.29,8.45,14.21,2593280,0.0015
2022-08-15,ETHIO_COFFEE,301.63,319.67,297.67,310.66,310.66,205604,315.83,325.7,283.43,309.2,315.08,-5.879,-5.14,-0.739,46.13,338.42,315.83,293.24,0.143,11.13,36.11,16.06,2798884,0.0338
2022-08-16,ETHIO_COFFEE,308.05,312.64,305.71,310.17,310.17,218132,314.58,325.44,283.52,309.35,314.71,-5.366,-5.185,-0.181,45.75,335.46,314.58,293.71,0.1327,10.83,37.74,27.43,2580752,-0.0016
2022-08-17,ETHIO_COFFEE,306.91,318.17,305.74,309.5,309.5,155668,313.52,325.27,283.6,309.37,314.33,-4.956,-5.139,0.183,45.21,333.14,313.52,293.91,0.1251,10.94,43.68,39.18,2425084,-0.0022
2022-08-18,ETHIO_COFFEE,309.32,315.92,305.68,310.41,310.41,212176,312.3,324.89,283.73,309.53,314.04,-4.506,-5.013,0.506,46.14,329.31,312.3,295.29,0.1089,10.89,54.24,45.22,2637260,0.0029
2022-08-19,ETHIO_COFFEE,308.6,309.39,302.81,307.66,307.66,217972,311.18,324.43,283.87,309.24,313.56,-4.322,-4.874,0.553,43.73,326.22,311.18,296.14,0.0967,10.66,46.14,48.02,2419288,-0.0089
2022-08-22,ETHIO_COFFEE,307.5,312.06,295.52,302.95,302.95,151790,309.81,324.01,283.97,308.27,312.78,-4.503,-4.8,0.297,39.89,322.37,309.81,297.25,0.0811,11.08,30.77,43.72,2267498,-0.0153
2022-08-23,ETHIO_COFFEE,302.53,305.8,301.58,302.37,302.37,199446,308.71,323.44,284.08,307.37,312.01,-4.641,-4.768,0.127,39.43,319.72,308.71,297.69,0.0713,10.59,28.36,35.09,2068052,-0.0019
2022-08-24,ETHIO_COFFEE,301.6,310.57,301.17,306.2,306.2,239517,308.25,322.9,284.24,307.19,311.58,-4.39,-4.693,0.302,44.02,318.9,308.25,297.61,0.069,10.5,44.22,34.45,2307569,0.0127
2022-08-25,ETHIO_COFFEE,304.4,305.24,299.52,302.09,302.09,143465,307.17,322.14,284.35,306.4,310.87,-4.472,-4.648,0.177,40.47,315.45,307.17,298.9,0.0539,10.23,27.2,33.26,2164104,-0.0134
2022-08-26,ETHIO_COFFEE,303.38,306.25,300.64,304.05,304.05,167089,306.58,321.54,284.46,306.04,310.37,-4.328,-4.584,0.256,42.84,313.88,306.58,299.27,0.0476,9.9,35.32,35.58,2331193,0.0065
2022-08-29,ETHIO_COFFEE,304.0,305.64,298.74,300.76,300.76,190115,305.94,320.73,284.53,305.23,309.66,-4.429,-4.553,0.125,39.97,312.93,305.94,298.95,0.0457,9.69,21.7,28.07,2141078,-0.0108
2022-08-30,ETHIO_COFFEE,300.86,305.99,286.8,292.09,292.09,266416,305.07,319.84,284.59,303.21,308.36,-5.149,-4.672,-0.476,33.59,314.11,305.07,296.03,0.0593,10.36,16.09,24.37,1874662,-0.0288
2022-08-31,ETHIO_COFFEE,295.47,296.5,285.05,285.16,285.16,254454,304.05,318.82,284.59,300.43,306.64,-6.207,-4.979,-1.228,29.53,316.58,304.05,291.53,0.0824,10.44,0.32,12.7,1620208,-0.0237
2022-09-01,ETHIO_COFFEE,286.25,287.72,274.21,279.74,279.74,267694,302.75,317.62,284.6,297.25,304.65,-7.398,-5.463,-1.935,26.8,319.1,302.75,286.39,0.1081,10.66,12.16,9.53,1352514,-0.019
2022-09-02,ETHIO_COFFEE,280.95,284.14,275.97,278.35,278.35,210132,301.27,316.28,284.59,294.34,302.7,-8.357,-6.042,-2.315,26.14,320.58,301.27,281.96,0.1282,10.48,9.42,7.3,1142382,-0.005
2022-09-05,ETHIO_COFFEE,279.59,281.83,273.54,274.98,274.98,212974,299.65,314.98,284.58,291.36,300.64,-9.283,-6.69,-2.593,24.54,321.86,299.65,277.45,0.1482,10.33,3.23,8.27,929408,-0.0121
2022-09-06,ETHIO_COFFEE,275.44,277.1,265.88,269.29,269.29,254145,297.86,313.53,284.56,287.97,298.32,-10.356,-7.423,-2.933,22.09,323.53,297.86,272.2,0.1723,10.39,6.81,6.49,675263,-0.0207
2022-09-07,ETHIO_COFFEE,268.2,269.03,251.73,258.55,258.55,217045,295.28,311.85,284.54,283.44,295.38,-11.935,-8.326,-3.61,18.37,325.45,295.28,265.1,0.2044,10.9,11.3,7.12,458218,-0.0399
2022-09-08,ETHIO_COFFEE,258.72,261.77,255.98,259.82,259.82,168042,293.27,310.2,284.53,279.81,292.74,-12.935,-9.248,-3.688,20.08,327.04,293.27,259.49,0.2304,10.54,13.41,10.51,626260,0.0049
2022-09-09,ETHIO_COFFEE,258.88,265.53,253.18,264.12,264.12,260539,291.45,308.58,284.53,277.39,290.62,-13.229,-10.044,-3.185,25.77,327.32,291.45,255.57,0.2462,10.67,21.06,15.26,886799,0.0165
2022-09-12,ETHIO_COFFEE,265.63,271.29,262.37,268.16,268.16,163602,289.32,307.24,284.58,275.97,288.96,-12.985,-10.632,-2.353,30.76,325.43,289.32,253.21,0.2496,10.54,27.92,20.8,1050401,0.0153
2022-09-13,ETHIO_COFFEE,269.49,271.64,264.77,268.95,268.95,136360,287.26,306.13,284.62,274.89,287.48,-12.584,-11.022,-1.561,31.73,323.08,287.26,251.44,0.2494,10.28,31.58,26.86,1186761,0.0029
2022-09-14,ETHIO_COFFEE,269.88,271.0,268.03,269.0,269.0,118601,285.23,304.94,284.59,273.99,286.11,-12.121,-11.242,-0.879,31.79,320.37,285.23,250.1,0.2463,9.76,31.68,30.39,1305362,0.0002
2022-09-15,ETHIO_COFFEE,269.34,276.76,263.8,266.02,266.02,159898,283.02,303.64,284.55,272.76,284.62,-11.859,-11.366,-0.494,29.97,317.1,283.02,248.93,0.2408,9.99,26.34,29.87,1145464,-0.0111
2022-09-16,ETHIO_COFFEE,265.7,266.45,261.51,262.04,262.04,183675,280.73,302.46,284.51,271.11,282.95,-11.836,-11.46,-0.376,27.68,314.01,280.73,247.46,0.2371,9.63,19.0,25.67,961789,-0.015
2022-09-19,ETHIO_COFFEE,261.53,267.21,257.68,265.39,265.39,189417,278.86,301.24,284.47,270.23,281.65,-11.415,-11.451,0.035,32.36,311.13,278.86,246.58,0.2315,9.62,30.51,25.28,1151206,0.0128
2022-09-20,ETHIO_COFFEE,266.5,267.61,260.5,262.45,262.45,175367,276.86,299.89,284.41,269.03,280.22,-11.191,-11.399,0.208,30.49,307.99,276.86,245.73,0.2249,9.44,29.79,26.43,975839,-0.0111
2022-09-21,ETHIO_COFFEE,261.26,269.95,260.66,268.68,268.68,269699,274.98,298.79,284.35,268.98,279.37,-10.39,-11.197,0.807,38.58,303.2,274.98,246.77,0.2052,9.43,52.3,37.53,1245538,0.0237
2022-09-22,ETHIO_COFFEE,270.66,273.13,257.26,257.78,257.78,314130,272.77,297.48,284.23,267.26,277.77,-10.514,-11.06,0.547,31.64,299.01,272.77,246.53,0.1924,9.89,20.1,34.06,931408,-0.0406
2022-09-23,ETHIO_COFFEE,260.29,263.74,251.08,257.78,257.78,173475,270.46,296.12,284.1,265.8,276.29,-10.491,-10.946,0.456,31.64,293.18,270.46,247.73,0.1681,10.09,25.75,32.72,931408,0.0
2022-09-26,ETHIO_COFFEE,256.13,266.26,254.21,260.73,260.73,222444,268.45,294.84,283.99,265.02,275.14,-10.118,-10.781,0.663,35.29,286.78,268.45,250.13,0.1365,10.23,37.58,27.81,1153852,0.0114
2022-09-27,ETHIO_COFFEE,261.14,262.66,255.1,257.82,257.82,233464,266.74,293.29,283.86,263.91,273.85,-9.943,-10.613,0.67,33.4,282.06,266.74,251.42,0.1149,10.04,26.25,29.86,920388,-0.0112
2022-09-28,ETHIO_COFFEE,257.52,264.66,257.0,257.63,257.63,185491,265.36,291.83,283.74,262.94,272.65,-9.707,-10.432,0.725,33.27,278.63,265.36,252.1,0.1,9.87,25.51,29.78,734897,-0.0007
2022-09-29,ETHIO_COFFEE,257.39,269.55,256.69,265.28,265.28,232064,264.64,290.44,283.68,263.3,272.11,-8.802,-10.106,1.304,42.63,276.16,264.64,253.13,0.087,10.08,55.3,35.68,966961,0.0297
2022-09-30,ETHIO_COFFEE,266.2,270.02,256.44,258.6,258.6,279690,263.65,289.01,283.61,262.58,271.11,-8.525,-9.79,1.265,37.66,273.57,263.65,253.73,0.0752,10.33,29.28,36.7,687271,-0.0252
2022-10-03,ETHIO_COFFEE,260.21,269.86,257.49,268.73,268.73,224105,263.34,287.78,283.6,263.53,270.93,-7.403,-9.313,1.909,47.63,272.14,263.34,254.54,0.0669,10.48,68.73,51.1,911376,0.0392
2022-10-04,ETHIO_COFFEE,268.12,268.79,265.05,266.63,266.63,147659,263.21,286.62,283.53,264.0,270.61,-6.607,-8.771,2.164,45.99,271.72,263.21,254.69,0.0647,10.0,60.55,52.86,763717,-0.0078
2022-10-05,ETHIO_COFFEE,268.33,271.38,259.84,264.19,264.19,191722,263.49,285.6,283.44,264.03,270.14,-6.103,-8.238,2.135,44.09,271.74,263.49,255.24,0.0626,10.11,59.46,62.91,571995,-0.0092
2022-10-06,ETHIO_COFFEE,264.57,268.41,260.27,262.85,262.85,140241,263.64,284.38,283.34,263.85,269.6,-5.745,-7.739,1.994,43.03,271.72,263.64,255.56,0.0613,9.97,53.38,57.8,431754,-0.0051
2022-10-07,ETHIO_COFFEE,262.46,268.53,258.79,268.45,268.45,255846,263.86,283.43,283.29,264.56,269.51,-4.953,-7.182,2.229,48.56,272.21,263.86,255.51,0.0633,9.95,78.78,63.87,687600,0.0213
2022-10-10,ETHIO_COFFEE,265.17,265.62,258.33,259.07,259.07,193027,263.4,282.34,283.21,263.71,268.74,-5.024,-6.75,1.727,41.33,271.76,263.4,255.05,0.0634,9.96,36.24,56.13,494573,-0.0349
2022-10-11,ETHIO_COFFEE,257.94,259.4,256.04,256.24,256.24,184611,262.77,281.28,283.12,262.56,267.81,-5.248,-6.45,1.202,39.42,271.27,262.77,254.27,0.0647,9.49,23.4,46.14,309962,-0.0109
2022-10-12,ETHIO_COFFEE,254.42,263.24,252.22,261.71,261.71,261991,262.4,280.4,283.11,262.43,267.36,-4.927,-6.145,1.218,44.73,270.42,262.4,254.39,0.0611,9.6,52.36,37.33,571953,0.0213
2022-10-13,ETHIO_COFFEE,262.3,262.61,253.5,257.8,257.8,172082,261.99,279.44,283.09,261.72,266.65,-4.932,-5.903,0.971,41.9,270.06,261.99,253.92,0.0616,9.56,29.12,34.96,399871,-0.0149
2022-10-14,ETHIO_COFFEE,261.07,266.76,261.01,266.36,266.36,267972,262.21,278.61,283.11,262.43,266.63,-4.196,-5.561,1.365,49.44,270.5,262.21,253.91,0.0633,9.52,73.8,51.76,667843,0.0332
2022-10-17,ETHIO_COFFEE,264.79,266.67,258.65,260.33,260.33,155860,261.96,277.67,283.12,262.11,266.16,-4.053,-5.26,1.206,45.01,270.15,261.96,253.76,0.0626,9.41,42.33,48.42,511983,-0.0226
2022-10-18,ETHIO_COFFEE,260.93,267.63,259.71,266.03,266.03,210202,262.13,276.89,283.13,262.71,266.15,-3.44,-4.896,1.455,49.6,270.52,262.13,253.75,0.064,9.31,72.08,62.73,722185,0.0219
2022-10-19,ETHIO_COFFEE,266.19,270.94,262.87,270.74,270.74,161378,262.24,276.1,283.18,263.95,266.49,-2.545,-4.426,1.881,53.09,270.99,262.24,253.49,0.0667,9.22,96.66,70.35,883563,0.0177
2022-10-20,ETHIO_COFFEE,270.52,281.96,266.89,273.15,273.15,210231,263.01,275.56,283.27,265.36,266.99,-1.623,-3.865,2.242,54.81,272.7,263.01,253.31,0.0737,9.64,70.38,79.7,1093794,0.0089
2022-10-21,ETHIO_COFFEE,271.98,272.06,262.5,264.79,264.79,219732,263.36,274.85,283.32,265.28,266.82,-1.548,-3.402,1.854,48.2,272.78,263.36,253.94,0.0715,9.71,42.27,69.77,874062,-0.0306
2022-10-24,ETHIO_COFFEE,264.47,276.28,263.7,271.93,271.93,265373,263.92,274.07,283.41,266.3,267.2,-0.903,-2.902,1.999,53.37,273.96,263.92,253.88,0.0761,9.91,66.27,59.64,1139435,0.027
2022-10-25,ETHIO_COFFEE,270.57,273.85,266.24,270.31,270.31,211850,264.54,273.27,283.53,266.92,267.43,-0.516,-2.425,1.909,52.1,274.54,264.54,254.54,0.0756,9.75,60.83,56.46,927585,-0.006
2022-10-26,ETHIO_COFFEE,271.23,276.54,269.67,275.98,275.98,186260,265.46,272.6,283.67,268.31,268.07,0.245,-1.891,2.136,56.05,276.1,265.46,254.82,0.0802,9.54,79.89,69.0,1113845,0.021
2022-10-27,ETHIO_COFFEE,275.07,275.57,265.42,267.51,267.51,265661,265.57,271.75,283.79,268.19,268.02,0.163,-1.48,1.643,49.49,276.25,265.57,254.89,0.0804,9.62,51.41,64.04,848184,-0.0307
2022-10-28,ETHIO_COFFEE,267.45,277.38,265.85,273.69,273.69,233588,266.32,271.07,283.95,269.03,268.44,0.59,-1.066,1.656,53.74,277.06,266.32,255.59,0.0806,9.75,72.19,67.83,1081772,0.0231
2022-10-31,ETHIO_COFFEE,275.97,280.35,272.09,280.26,280.26,216516,266.9,270.61,284.11,270.76,269.32,1.442,-0.564,2.006,57.81,279.21,266.9,254.59,0.0922,9.65,94.28,72.63,1298288,0.024
2022-11-01,ETHIO_COFFEE,280.91,284.06,279.14,279.86,279.86,192251,267.56,270.16,284.22,272.16,270.1,2.061,-0.039,2.1,57.48,281.1,267.56,254.02,0.1012,9.31,86.26,84.24,1106037,-0.0014
2022-11-02,ETHIO_COFFEE,277.77,283.0,273.37,279.35,279.35,209990,268.32,269.63,284.37,273.27,270.79,2.482,0.465,2.017,57.03,282.69,268.32,253.95,0.1071,9.33,81.46,87.33,896047,-0.0018
2022-11-03,ETHIO_COFFEE,280.31,289.65,277.9,287.75,287.75,217412,269.57,269.34,284.56,275.5,272.04,3.453,1.063,2.391,62.26,285.99,269.57,253.14,0.1219,9.5,93.87,87.2,1113459,0.0301
2022-11-04,ETHIO_COFFEE,288.16,291.92,284.99,286.4,286.4,134275,270.46,268.99,284.74,277.17,273.11,4.067,1.664,2.404,60.98,288.44,270.46,252.49,0.1329,9.32,82.86,86.07,979184,-0.0047
2022-11-07,ETHIO_COFFEE,287.73,291.06,283.62,284.52,284.52,158176,271.74,268.66,284.91,278.3,273.95,4.352,2.201,2.151,59.15,289.91,271.74,253.56,0.1337,9.19,74.85,83.86,821008,-0.0066
2022-11-08,ETHIO_COFFEE,284.77,295.41,280.79,293.57,293.57,273842,273.6,268.69,285.13,280.65,275.4,5.248,2.811,2.437,64.65,292.67,273.6,254.53,0.1394,9.57,94.41,84.04,1094850,0.0318
2022-11-09,ETHIO_COFFEE,293.84,294.23,284.59,291.28,291.28,235078,275.08,268.81,285.36,282.29,276.58,5.707,3.39,2.317,62.36,294.81,275.08,255.36,0.1434,9.58,87.45,85.57,859772,-0.0078
2022-11-10,ETHIO_COFFEE,293.41,298.62,286.48,286.9,286.9,212709,276.54,268.96,285.57,283.0,277.34,5.652,3.842,1.81,58.12,295.21,276.54,257.86,0.1351,9.76,66.44,82.77,647063,-0.015
2022-11-11,ETHIO_COFFEE,287.58,290.38,280.97,283.76,283.76,213401,277.41,269.06,285.77,283.11,277.82,5.294,4.133,1.162,55.23,295.72,277.41,259.09,0.1321,9.74,55.24,69.71,433662,-0.0109
2022-11-14,ETHIO_COFFEE,284.27,295.86,284.18,292.45,292.45,295524,279.01,269.41,286.03,284.55,278.9,5.647,4.436,1.211,61.02,296.68,279.01,261.34,0.1266,9.91,81.42,67.7,729186,0.0306
2022-11-15,ETHIO_COFFEE,295.06,298.4,294.4,296.37,296.37,146402,280.53,269.96,286.33,286.37,280.2,6.171,4.783,1.389,63.32,298.68,280.53,262.38,0.1294,9.62,93.22,76.63,875588,0.0134
2022-11-16,ETHIO_COFFEE,296.85,302.05,292.55,293.95,293.95,169115,281.69,270.66,286.64,287.54,281.22,6.319,5.09,1.229,60.93,300.15,281.69,263.22,0.1311,9.61,77.62,84.09,706473,-0.0082
2022-11-17,ETHIO_COFFEE,292.45,295.15,292.23,293.38,293.38,118788,282.7,271.33,286.97,288.43,282.12,6.317,5.335,0.982,60.35,301.4,282.7,264.0,0.1323,9.14,71.06,80.64,587685,-0.0019
2022-11-18,ETHIO_COFFEE,289.03,294.19,284.99,293.9,293.9,238590,284.16,271.93,287.3,289.28,282.99,6.285,5.525,0.76,60.71,301.54,284.16,266.78,0.1223,9.14,71.58,73.42,826275,0.0018
2022-11-21,ETHIO_COFFEE,294.41,306.57,292.81,305.95,305.95,246310,285.86,272.69,287.7,291.84,284.69,7.15,5.85,1.3,68.08,304.71,285.86,267.0,0.1319,9.47,98.13,80.26,1072585,0.041
2022-11-22,ETHIO_COFFEE,305.49,312.31,305.42,311.44,311.44,226842,287.91,273.54,288.1,294.86,286.67,8.184,6.317,1.867,70.77,308.44,287.91,267.39,0.1426,9.29,97.47,89.06,1299427,0.0179
2022-11-23,ETHIO_COFFEE,312.39,314.28,300.4,301.41,301.41,291732,289.18,274.18,288.43,295.86,287.76,8.1,6.674,1.427,60.71,309.75,289.18,268.62,0.1422,9.61,61.57,85.72,1007695,-0.0322
2022-11-24,ETHIO_COFFEE,300.6,312.28,299.74,305.62,305.62,235486,291.09,274.98,288.8,297.37,289.09,8.279,6.995,1.284,63.08,310.28,291.09,271.9,0.1319,9.82,74.14,77.73,1243181,0.014
2022-11-25,ETHIO_COFFEE,305.9,310.33,302.62,305.51,305.51,148601,292.68,275.85,289.13,298.62,290.3,8.315,7.259,1.056,62.97,311.1,292.68,274.26,0.1258,9.67,73.81,69.84,1094580,-0.0004
2022-11-28,ETHIO_COFFEE,303.13,313.6,300.81,310.05,310.05,201044,294.17,276.74,289.44,300.38,291.77,8.611,7.529,1.082,65.57,313.14,294.17,275.2,0.129,9.9,87.3,78.42,1295624,0.0149
2022-11-29,ETHIO_COFFEE,306.76,312.52,303.35,308.06,308.06,195892,295.58,277.65,289.74,301.56,292.97,8.586,7.741,0.846,63.47,314.27,295.58,276.89,0.1265,9.84,81.33,80.81,1099732,-0.0064
2022-11-30,ETHIO_COFFEE,307.35,316.24,304.42,314.44,314.44,221738,297.34,278.57,290.05,303.54,294.56,8.978,7.988,0.99,67.11,316.19,297.34,278.48,0.1268,9.98,94.9,87.84,1321470,0.0207
2022-12-01,ETHIO_COFFEE,311.18,315.37,306.69,315.32,315.32,188857,298.71,279.72,290.38,305.35,296.1,9.252,8.241,1.011,67.59,318.57,298.71,278.86,0.1329,9.89,97.13,91.12,1510327,0.0028
2022-12-02,ETHIO_COFFEE,315.2,319.16,298.61,299.02,299.02,349779,299.34,280.54,290.61,304.38,296.32,8.062,8.205,-0.143,52.36,318.38,299.34,280.31,0.1272,10.65,41.06,77.7,1160548,-0.0517
2022-12-05,ETHIO_COFFEE,298.98,300.44,288.78,289.95,289.95,298824,299.62,281.13,290.77,302.16,295.85,6.314,7.827,-1.513,46.13,317.94,299.62,281.29,0.1223,10.72,14.52,50.9,861724,-0.0303
2022-12-06,ETHIO_COFFEE,294.56,299.18,292.2,292.59,292.59,227512,299.57,281.82,290.94,300.69,295.6,5.083,7.278,-2.195,48.07,317.96,299.57,281.17,0.1228,10.62,22.24,25.94,1089236,0.0091
2022-12-07,ETHIO_COFFEE,290.36,303.44,289.44,302.42,302.42,308217,300.12,282.72,291.2,300.95,296.11,4.844,6.791,-1.947,54.61,318.15,300.12,282.1,0.1201,10.86,51.01,29.26,1397453,0.0336
2022-12-08,ETHIO_COFFEE,301.91,306.09,298.89,305.3,305.3,176142,301.04,283.52,291.43,301.62,296.79,4.832,6.399,-1.567,56.35,318.13,301.04,283.96,0.1135,10.6,54.38,42.54,1573595,0.0095
2022-12-09,ETHIO_COFFEE,307.53,313.88,297.9,298.46,298.46,264616,301.78,284.31,291.63,301.14,296.91,4.222,5.964,-1.742,51.33,316.99,301.78,286.57,0.1008,10.98,31.86,45.75,1308979,-0.0224
2022-12-12,ETHIO_COFFEE,299.86,310.16,298.56,309.55,309.55,262172,302.63,285.13,291.92,302.43,297.85,4.581,5.687,-1.107,57.88,317.57,302.63,287.7,0.0987,11.03,68.37,51.54,1571151,0.0372
2022-12-13,ETHIO_COFFEE,312.28,316.42,311.12,314.73,314.73,164754,303.55,286.09,292.21,304.32,299.1,5.223,5.594,-0.372,60.55,319.08,303.55,288.02,0.1023,10.74,85.42,61.88,1735905,0.0167
2022-12-14,ETHIO_COFFEE,313.95,326.43,311.96,322.7,322.7,229259,304.99,287.26,292.55,307.15,300.85,6.302,5.736,0.566,64.3,321.96,304.99,288.02,0.1113,11.0,90.09,81.29,1965164,0.0253
2022-12-15,ETHIO_COFFEE,321.82,328.04,320.35,323.24,323.24,212010,306.48,288.47,292.91,309.63,302.51,7.118,6.012,1.106,64.55,324.33,306.48,288.63,0.1165,10.77,87.77,87.76,2177174,0.0017
2022-12-16,ETHIO_COFFEE,322.84,326.63,310.29,318.34,318.34,150448,307.7,289.47,293.25,310.97,303.68,7.286,6.267,1.019,60.47,325.28,307.7,290.13,0.1143,11.16,75.29,84.39,2026726,-0.0152
2022-12-19,ETHIO_COFFEE,321.06,323.17,315.52,316.01,316.01,220614,308.21,290.61,293.59,311.74,304.59,7.149,6.444,0.705,58.58,326.13,308.21,290.29,0.1163,10.91,69.36,77.47,1806112,-0.0073
2022-12-20,ETHIO_COFFEE,317.7,319.46,309.52,313.56,313.56,197085,308.31,291.75,293.92,312.02,305.26,6.764,6.508,0.257,56.58,326.34,308.31,290.29,0.1169,10.84,63.12,69.26,1609027,-0.0078
2022-12-21,ETHIO_COFFEE,312.24,323.28,308.93,322.66,322.66,206602,309.38,292.97,294.29,313.66,306.55,7.112,6.629,0.483,61.81,328.14,309.38,290.62,0.1213,11.09,86.3,72.92,1815629,0.029
2022-12-22,ETHIO_COFFEE,320.58,323.8,316.97,318.91,318.91,224044,310.04,294.2,294.64,314.47,307.46,7.004,6.704,0.3,58.67,329.16,310.04,290.92,0.1233,10.79,76.74,75.39,1591585,-0.0116
2022-12-23,ETHIO_COFFEE,320.05,322.18,315.0,315.39,315.39,153333,310.54,295.18,294.95,314.61,308.05,6.559,6.675,-0.116,55.81,329.67,310.54,291.4,0.1232,10.53,67.23,76.76,1438252,-0.011
2022-12-26,ETHIO_COFFEE,313.16,314.34,310.36,314.1,314.1,144353,310.74,296.25,295.2,314.53,308.5,6.033,6.546,-0.514,54.75,329.93,310.74,291.54,0.1235,10.14,63.89,69.29,1293899,-0.0041
2022-12-27,ETHIO_COFFEE,312.95,313.24,308.29,309.28,309.28,219405,310.8,297.12,295.46,313.72,308.56,5.167,6.27,-1.104,50.89,329.97,310.8,291.63,0.1234,9.83,37.76,56.29,1074494,-0.0153
2022-12-28,ETHIO_COFFEE,309.62,312.9,301.13,306.25,306.25,174241,310.39,297.83,295.69,312.57,308.38,4.188,5.854,-1.666,48.57,329.58,310.39,291.2,0.1237,9.97,27.7,43.12,900253,-0.0098
2022-12-29,ETHIO_COFFEE,305.92,307.56,301.58,307.08,307.08,128910,309.98,298.5,295.9,311.73,308.29,3.44,5.371,-1.931,49.25,329.08,309.98,290.87,0.1233,9.68,28.9,31.45,1029163,0.0027
2022-12-30,ETHIO_COFFEE,308.26,320.76,299.74,318.2,318.2,275281,310.94,299.57,296.18,312.72,309.02,3.701,5.037,-1.336,57.41,329.66,310.94,292.21,0.1205,10.49,65.23,40.61,1304444,0.0362
2023-01-02,ETHIO_COFFEE,317.14,321.08,315.19,315.39,315.39,185680,312.21,300.44,296.43,313.13,309.49,3.64,4.758,-1.118,55.0,328.34,312.21,296.08,0.1033,10.16,55.3,49.81,1118764,-0.0088
2023-01-03,ETHIO_COFFEE,315.29,322.12,311.34,320.61,320.61,163776,313.61,301.45,296.69,314.28,310.32,3.967,4.599,-0.633,58.49,327.37,313.61,299.85,0.0878,10.21,73.75,64.76,1282540,0.0166
2023-01-04,ETHIO_COFFEE,321.05,323.58,306.58,309.57,309.57,250740,313.97,302.12,296.84,313.56,310.26,3.297,4.339,-1.042,49.72,326.9,313.97,301.04,0.0824,10.69,36.56,55.2,1031800,-0.0344
2023-01-05,ETHIO_COFFEE,310.79,314.69,309.3,313.2,313.2,185279,314.36,303.03,296.99,313.5,310.48,3.024,4.076,-1.052,52.25,326.68,314.36,302.05,0.0783,10.31,55.94,55.42,1217079,0.0117
2023-01-06,ETHIO_COFFEE,310.41,316.32,309.62,313.95,313.95,157556,315.14,303.84,297.17,313.57,310.74,2.836,3.828,-0.992,52.78,325.07,315.14,305.2,0.063,10.06,59.06,50.52,1374635,0.0024
2023-01-09,ETHIO_COFFEE,314.35,315.77,314.0,314.74,314.74,168447,315.4,304.53,297.29,313.75,311.03,2.719,3.606,-0.887,53.37,325.0,315.4,305.79,0.0609,9.47,62.34,59.12,1543082,0.0025
2023-01-10,ETHIO_COFFEE,313.32,319.53,307.67,313.63,313.63,119906,315.34,305.2,297.43,313.73,311.23,2.508,3.386,-0.879,52.39,324.97,315.34,305.71,0.0611,9.64,57.73,59.71,1423176,-0.0035
2023-01-11,ETHIO_COFFEE,314.35,318.63,310.68,311.4,311.4,204851,314.78,305.85,297.53,313.37,311.24,2.136,3.136,-1.001,50.38,323.93,314.78,305.62,0.0581,9.52,48.91,56.33,1218325,-0.0071
2023-01-12,ETHIO_COFFEE,309.13,310.09,304.93,308.74,308.74,114813,314.05,306.26,297.65,312.66,311.05,1.608,2.83,-1.223,48.01,322.69,314.05,305.41,0.055,9.3,37.75,48.13,1103512,-0.0085
2023-01-13,ETHIO_COFFEE,306.48,308.48,303.54,305.81,305.81,151827,313.42,306.65,297.76,311.61,310.67,0.942,2.453,-1.511,45.47,322.53,313.42,304.32,0.0581,9.01,25.46,37.37,951685,-0.0095
2023-01-16,ETHIO_COFFEE,305.86,306.71,297.8,301.31,301.31,183423,312.69,306.99,297.87,310.02,309.97,0.051,1.972,-1.922,41.82,323.12,312.69,302.26,0.0667,9.0,13.62,25.61,768262,-0.0147
2023-01-17,ETHIO_COFFEE,302.1,304.09,300.4,302.23,302.23,116784,312.12,307.16,298.02,308.82,309.4,-0.575,1.463,-2.038,42.83,323.49,312.12,300.76,0.0728,8.62,17.18,18.75,885046,0.0031
2023-01-18,ETHIO_COFFEE,301.79,308.75,298.39,300.87,300.87,174435,311.03,307.35,298.16,307.6,308.77,-1.166,0.937,-2.104,41.68,322.33,311.03,299.74,0.0726,8.75,11.91,14.24,710611,-0.0045
2023-01-19,ETHIO_COFFEE,301.74,302.0,300.14,301.41,301.41,202416,310.16,307.64,298.27,306.65,308.22,-1.574,0.435,-2.009,42.34,321.59,310.16,298.73,0.0737,8.25,14.0,14.37,913027,0.0018
2023-01-20,ETHIO_COFFEE,302.04,309.31,298.74,306.76,306.76,164855,309.73,308.1,298.42,306.67,308.11,-1.448,0.058,-1.507,48.59,320.98,309.73,298.47,0.0727,8.42,34.76,20.22,1077882,0.0177
2023-01-23,ETHIO_COFFEE,306.05,307.01,292.86,299.32,299.32,187641,308.99,308.24,298.53,305.54,307.46,-1.927,-0.339,-1.588,41.81,320.92,308.99,297.06,0.0772,8.83,21.03,23.26,890241,-0.0243
2023-01-24,ETHIO_COFFEE,298.29,298.8,287.76,290.56,290.56,272442,308.05,308.13,298.6,303.23,306.21,-2.979,-0.867,-2.112,35.52,322.43,308.05,293.67,0.0934,9.02,8.81,21.53,617799,-0.0293
2023-01-25,ETHIO_COFFEE,296.18,300.46,277.54,281.16,281.16,294690,306.8,307.87,298.62,299.84,304.35,-4.519,-1.597,-2.922,30.27,325.36,306.8,288.24,0.121,10.02,8.62,12.82,323109,-0.0324
2023-01-26,ETHIO_COFFEE,283.84,284.11,274.37,279.13,279.13,160171,305.4,307.58,298.59,296.65,302.49,-5.836,-2.445,-3.391,29.26,327.53,305.4,283.27,0.1449,10.0,10.54,9.32,162938,-0.0072
2023-01-27,ETHIO_COFFEE,278.37,280.15,266.91,273.81,273.81,255954,303.18,307.18,298.55,293.14,300.36,-7.226,-3.401,-3.825,26.75,328.42,303.18,277.94,0.1665,10.23,13.11,10.76,-93016,-0.0191
2023-01-30,ETHIO_COFFEE,274.53,277.04,265.3,268.23,268.23,191130,300.82,306.43,298.54,289.3,297.98,-8.677,-4.456,-4.221,24.38,329.62,300.82,272.03,0.1914,10.34,5.49,9.72,-284146,-0.0204
2023-01-31,ETHIO_COFFEE,265.94,268.81,259.84,263.66,263.66,143544,297.97,305.47,298.51,285.36,295.44,-10.08,-5.581,-4.499,22.62,329.51,297.97,266.44,0.2117,10.24,7.6,8.74,-427690,-0.017
2023-02-01,ETHIO_COFFEE,262.38,273.39,260.71,270.55,270.55,284826,296.02,304.86,298.52,283.08,293.6,-10.515,-6.568,-3.947,30.75,329.23,296.02,262.81,0.2244,10.41,21.65,11.58,-142864,0.0261
2023-02-02,ETHIO_COFFEE,273.91,276.46,266.44,269.75,269.75,229385,293.85,304.14,298.53,281.03,291.83,-10.799,-7.414,-3.385,30.35,327.95,293.85,259.75,0.2321,10.38,20.03,16.43,-372249,-0.003
2023-02-03,ETHIO_COFFEE,270.95,276.67,269.91,271.07,271.07,139033,291.71,303.45,298.53,279.5,290.29,-10.794,-8.09,-2.704,31.92,325.88,291.71,257.54,0.2343,10.14,22.7,21.46,-233216,0.0049
2023-02-06,ETHIO_COFFEE,271.32,282.36,271.18,281.39,281.39,245790,290.04,302.88,298.6,279.79,289.63,-9.844,-8.441,-1.403,42.78,322.78,290.04,257.3,0.2257,10.22,43.56,28.76,12574,0.0381
2023-02-07,ETHIO_COFFEE,278.94,287.38,273.77,285.81,285.81,252750,288.65,302.43,298.68,280.72,289.35,-8.634,-8.479,-0.155,46.7,319.57,288.65,257.73,0.2143,10.46,52.5,39.59,265324,0.0157
2023-02-08,ETHIO_COFFEE,285.67,288.08,285.29,287.91,287.91,222941,287.47,301.9,298.79,281.82,289.24,-7.421,-8.268,0.847,48.5,316.58,287.47,258.37,0.2025,9.91,56.74,50.93,488265,0.0073
2023-02-09,ETHIO_COFFEE,288.19,290.96,281.18,281.44,281.44,239520,286.11,301.22,298.82,281.76,288.66,-6.901,-7.994,1.093,43.6,313.62,286.11,258.6,0.1923,9.9,45.79,51.68,248745,-0.0225
2023-02-10,ETHIO_COFFEE,281.47,292.86,275.19,292.21,292.21,261057,285.43,301.09,298.94,283.37,288.93,-5.557,-7.507,1.95,52.25,311.59,285.43,259.26,0.1833,10.46,79.69,60.74,509802,0.0383
2023-02-13,ETHIO_COFFEE,294.37,303.2,294.11,301.14,301.14,180973,285.42,301.31,299.05,286.1,289.83,-3.728,-6.751,3.023,58.0,311.57,285.42,259.28,0.1832,10.5,95.25,73.58,690775,0.0306
2023-02-14,ETHIO_COFFEE,299.42,307.31,294.46,305.68,305.68,213800,285.59,301.57,299.18,289.12,291.01,-1.89,-5.779,3.889,60.6,312.22,285.59,258.97,0.1865,10.67,96.57,90.5,904575,0.0151
2023-02-15,ETHIO_COFFEE,304.17,312.0,302.04,306.2,306.2,218144,285.86,301.65,299.3,291.74,292.13,-0.387,-4.7,4.313,60.89,313.19,285.86,258.53,0.1912,10.61,88.88,93.57,1122719,0.0017
2023-02-16,ETHIO_COFFEE,305.83,310.34,300.56,310.24,310.24,222066,286.3,301.75,299.44,294.59,293.47,1.117,-3.537,4.654,63.22,314.88,286.3,257.72,0.1996,10.56,96.63,94.02,1344785,0.0132
2023-02-17,ETHIO_COFFEE,306.88,311.54,303.55,309.22,309.22,154737,286.42,301.96,299.6,296.84,294.64,2.201,-2.389,4.591,62.22,315.37,286.42,257.48,0.2021,10.37,94.67,93.39,1190048,-0.0033
2023-02-20,ETHIO_COFFEE,308.58,322.19,305.66,319.18,319.18,294966,287.42,302.15,299.8,300.28,296.46,3.82,-1.147,4.968,67.64,319.28,287.42,255.55,0.2217,10.81,95.1,95.47,1485014,0.0322
2023-02-21,ETHIO_COFFEE,321.51,327.32,320.44,324.3,324.3,187985,289.1,302.35,299.97,303.97,298.52,5.454,0.173,5.281,70.02,324.8,289.1,253.41,0.2469,10.62,95.04,94.94,1672999,0.016
2023-02-22,ETHIO_COFFEE,323.02,325.8,314.32,317.08,317.08,245565,290.9,302.23,300.13,305.99,299.89,6.095,1.357,4.738,62.98,328.38,290.9,253.42,0.2577,10.68,82.16,90.77,1427434,-0.0223
2023-02-23,ETHIO_COFFEE,318.57,328.33,313.44,323.51,323.51,195859,293.12,302.24,300.28,308.69,301.64,7.041,2.494,4.547,66.24,332.75,293.12,253.49,0.2704,10.98,91.57,89.59,1623293,0.0203
2023-02-24,ETHIO_COFFEE,324.43,328.51,317.16,321.48,321.48,184241,295.5,302.3,300.4,310.65,303.11,7.541,3.503,4.037,64.31,335.92,295.5,255.08,0.2736,11.01,87.16,86.96,1439052,-0.0063
2023-02-27,ETHIO_COFFEE,322.63,328.57,310.44,311.34,311.34,267636,297.66,302.21,300.49,310.76,303.72,7.037,4.21,2.827,55.62,336.6,297.66,258.71,0.2617,11.52,67.72,82.15,1171416,-0.0315
2023-02-28,ETHIO_COFFEE,309.32,315.56,308.92,312.36,312.36,231863,300.09,302.18,300.56,311.01,304.36,6.643,4.697,1.946,56.26,336.22,300.09,263.97,0.2408,11.17,69.63,74.84,1403279,0.0033
2023-03-01,ETHIO_COFFEE,312.02,314.58,310.01,312.49,312.49,145094,302.19,301.98,300.63,311.23,304.96,6.27,5.011,1.258,56.35,336.01,302.19,268.37,0.2238,10.7,69.88,69.08,1548373,0.0004
2023-03-02,ETHIO_COFFEE,315.31,317.23,303.49,307.04,307.04,211661,304.05,301.74,300.65,310.59,305.12,5.471,5.103,0.367,51.74,334.45,304.05,273.66,0.2,10.92,37.52,59.01,1336712,-0.0174
2023-03-03,ETHIO_COFFEE,307.18,307.21,306.72,307.14,307.14,197158,305.86,301.58,300.66,310.06,305.27,4.79,5.041,-0.25,51.81,332.23,305.86,279.49,0.1724,10.17,37.17,48.19,1533870,0.0003
2023-03-06,ETHIO_COFFEE,307.13,308.45,301.01,303.0,303.0,195274,306.94,301.36,300.62,308.97,305.1,3.872,4.807,-0.935,48.33,330.87,306.94,283.01,0.1559,9.98,8.71,27.8,1338596,-0.0135
2023-03-07,ETHIO_COFFEE,303.78,317.98,302.05,310.81,310.81,232722,308.19,301.39,300.58,309.25,305.52,3.732,4.592,-0.86,54.54,330.1,308.19,286.28,0.1422,10.4,36.59,27.49,1571318,0.0258
2023-03-08,ETHIO_COFFEE,310.49,312.98,298.4,302.41,302.41,237309,308.91,301.31,300.48,308.2,305.29,2.91,4.256,-1.346,47.88,328.97,308.91,288.85,0.1299,10.7,13.29,19.53,1334009,-0.027
2023-03-09,ETHIO_COFFEE,304.58,309.68,292.89,296.82,296.82,238782,309.68,301.11,300.37,306.45,304.66,1.786,3.762,-1.975,44.02,326.36,309.68,293.0,0.1077,11.13,11.01,20.3,1095227,-0.0185
2023-03-10,ETHIO_COFFEE,296.27,299.71,287.99,297.27,297.27,170235,309.94,300.69,300.24,305.04,304.12,0.921,3.194,-2.272,44.41,325.68,309.94,294.19,0.1016,11.18,22.87,15.72,1265462,0.0015
2023-03-13,ETHIO_COFFEE,298.48,310.75,297.2,309.03,309.03,302485,310.33,300.56,300.19,305.65,304.48,1.172,2.789,-1.618,53.48,325.56,310.33,295.1,0.0981,11.35,51.85,28.58,1567947,0.0396
2023-03-14,ETHIO_COFFEE,311.1,311.21,308.64,309.37,309.37,125884,310.51,300.33,300.12,306.22,304.84,1.381,2.508,-1.126,53.72,325.6,310.51,295.43,0.0972,10.72,52.69,42.47,1693831,0.0011
2023-03-15,ETHIO_COFFEE,307.96,312.12,305.14,306.74,306.74,216873,310.54,300.28,300.07,306.3,304.98,1.32,2.27,-0.95,51.55,325.6,310.54,295.48,0.097,10.45,46.21,50.25,1476958,-0.0085
2023-03-16,ETHIO_COFFEE,308.85,314.15,306.04,314.04,314.04,249018,310.73,300.29,299.99,307.49,305.65,1.84,2.184,-0.344,56.77,325.86,310.73,295.6,0.0974,10.28,64.19,54.36,1725976,0.0238
2023-03-17,ETHIO_COFFEE,314.77,322.31,311.63,317.12,317.12,141099,311.13,300.36,299.92,308.97,306.5,2.471,2.241,0.23,58.79,326.49,311.13,295.76,0.0988,10.31,84.88,65.09,1867075,0.0098
2023-03-20,ETHIO_COFFEE,318.49,329.48,312.83,328.06,328.06,251150,311.57,300.62,299.94,311.91,308.1,3.811,2.555,1.255,65.03,328.29,311.57,294.85,0.1073,10.77,96.58,81.88,2118225,0.0345
2023-03-21,ETHIO_COFFEE,327.77,334.59,325.68,331.49,331.49,215885,311.93,300.98,299.95,314.92,309.83,5.09,3.062,2.028,66.73,329.99,311.93,293.87,0.1158,10.63,93.35,91.6,2334110,0.0105
2023-03-22,ETHIO_COFFEE,331.3,346.53,326.31,343.08,343.08,303027,313.23,301.62,300.0,319.25,312.3,6.959,3.842,3.118,71.74,335.77,313.23,290.69,0.1439,11.32,94.11,94.68,2637137,0.035
2023-03-23,ETHIO_COFFEE,341.93,352.7,340.38,346.76,346.76,164541,314.39,302.38,300.03,323.49,314.85,8.638,4.801,3.837,73.12,340.97,314.39,287.81,0.1691,11.39,90.82,92.76,2801678,0.0107
2023-03-24,ETHIO_COFFEE,344.93,351.39,337.0,343.29,343.29,168357,315.48,303.13,300.08,326.53,316.96,9.578,5.756,3.822,69.66,344.79,315.48,286.18,0.1858,11.6,85.46,90.13,2633321,-0.01
2023-03-27,ETHIO_COFFEE,340.44,355.6,340.43,350.93,350.93,207105,317.46,304.12,300.13,330.29,319.47,10.815,6.768,4.047,72.72,350.49,317.46,284.44,0.2081,11.86,93.09,89.79,2840426,0.0223
2023-03-28,ETHIO_COFFEE,349.04,353.41,345.72,353.37,353.37,224829,319.51,305.14,300.21,333.84,321.98,11.855,7.785,4.07,73.64,355.94,319.51,283.09,0.228,11.56,96.7,91.75,3065255,0.007
2023-03-29,ETHIO_COFFEE,354.01,355.01,350.87,351.84,351.84,222345,321.48,306.16,300.29,336.61,324.19,12.413,8.711,3.702,72.01,360.34,321.48,282.62,0.2418,11.03,94.44,94.74,2842910,-0.0043
2023-03-30,ETHIO_COFFEE,350.73,355.83,346.57,354.99,354.99,194407,323.88,307.23,300.36,339.44,326.48,12.96,9.561,3.399,73.32,364.75,323.88,283.01,0.2524,10.9,98.57,96.57,3037317,0.009
2023-03-31,ETHIO_COFFEE,352.3,365.04,352.22,360.93,360.93,181170,326.57,308.32,300.44,342.74,329.03,13.714,10.391,3.323,75.63,369.69,326.57,283.44,0.2641,11.04,93.14,95.38,3218487,0.0167
2023-04-03,ETHIO_COFFEE,363.1,364.99,353.24,359.27,359.27,159044,329.38,309.51,300.54,345.29,331.27,14.017,11.116,2.9,73.71,373.32,329.38,285.44,0.2668,11.09,90.37,94.02,3059443,-0.0046
2023-04-04,ETHIO_COFFEE,363.21,378.75,362.92,371.69,371.69,227302,332.43,311.14,300.69,349.35,334.26,15.085,11.91,3.175,78.18,379.15,332.43,285.7,0.2811,11.69,90.29,91.27,3286745,0.0346
2023-04-05,ETHIO_COFFEE,370.61,382.89,367.01,381.69,381.69,260456,336.39,313.15,300.88,354.32,337.78,16.548,12.838,3.71,80.99,385.64,336.39,287.14,0.2928,11.99,98.32,92.99,3547201,0.0269
2023-04-06,ETHIO_COFFEE,380.09,384.68,372.39,376.98,376.98,199091,340.4,315.1,301.06,357.81,340.68,17.129,13.696,3.433,76.03,389.16,340.4,291.64,0.2865,12.01,89.28,92.63,3348110,-0.0123
2023-04-07,ETHIO_COFFEE,373.86,384.87,368.23,383.66,383.66,262971,344.72,317.3,301.25,361.79,343.86,17.923,14.541,3.381,78.08,392.73,344.72,296.7,0.2786,12.34,97.96,95.18,3611081,0.0177
2023-04-10,ETHIO_COFFEE,385.11,389.34,382.0,388.63,388.63,169905,348.7,319.71,301.52,365.92,347.18,18.736,15.38,3.356,79.49,397.41,348.7,299.99,0.2794,11.98,98.87,95.37,3780986,0.013
2023-04-11,ETHIO_COFFEE,388.97,395.46,385.27,393.36,393.36,175400,352.9,322.3,301.86,370.14,350.6,19.538,16.212,3.326,80.75,401.8,352.9,303.99,0.2772,11.86,96.41,97.75,3956386,0.0122
2023-04-12,ETHIO_COFFEE,393.62,397.79,388.58,390.83,390.83,231055,357.1,324.71,302.17,373.32,353.58,19.741,16.918,2.824,77.98,403.82,357.1,310.38,0.2617,11.67,88.55,94.61,3725331,-0.0064
2023-04-13,ETHIO_COFFEE,391.62,397.44,365.41,369.1,369.1,336954,359.85,326.7,302.36,372.67,354.73,17.942,17.123,0.82,59.19,402.4,359.85,317.3,0.2365,13.12,49.98,78.31,3388377,-0.0556
2023-04-14,ETHIO_COFFEE,369.25,378.0,346.3,359.44,359.44,200237,361.97,328.46,302.55,370.64,355.08,15.558,16.81,-1.252,53.07,399.75,361.97,324.19,0.2088,14.45,26.35,54.96,3188140,-0.0262
2023-04-17,ETHIO_COFFEE,361.21,365.36,354.14,356.5,356.5,154639,363.39,329.97,302.7,368.46,355.18,13.278,16.103,-2.826,51.33,397.96,363.39,328.82,0.1903,14.22,19.81,32.05,3033501,-0.0082
2023-04-18,ETHIO_COFFEE,354.84,372.74,349.17,361.28,361.28,211251,364.88,331.47,302.86,367.36,355.64,11.721,15.227,-3.506,53.97,396.25,364.88,333.52,0.1719,14.89,29.09,25.08,3244752,0.0134
2023-04-19,ETHIO_COFFEE,362.51,369.14,358.61,363.57,363.57,205797,365.91,332.99,303.06,366.77,356.22,10.551,14.292,-3.741,55.23,395.65,365.91,336.16,0.1626,14.58,33.54,27.48,3450549,0.0063
2023-04-20,ETHIO_COFFEE,358.08,360.36,356.72,358.19,358.19,139036,366.48,334.52,303.24,365.45,356.37,9.085,13.25,-4.166,51.67,395.15,366.48,337.8,0.1565,14.02,23.09,28.58,3311513,-0.0148
2023-04-21,ETHIO_COFFEE,358.13,360.46,340.83,350.03,350.03,269099,366.81,335.68,303.36,363.08,355.9,7.181,12.036,-4.855,46.74,394.53,366.81,339.1,0.1511,14.42,16.15,24.26,3042414,-0.0228
2023-04-24,ETHIO_COFFEE,353.54,360.59,342.95,358.04,358.04,193067,367.17,336.82,303.52,362.31,356.06,6.247,10.879,-4.631,51.62,394.24,367.17,340.1,0.1474,14.65,30.21,23.15,3235481,0.0229
2023-04-25,ETHIO_COFFEE,357.35,366.06,356.36,365.29,365.29,260195,367.77,338.01,303.67,362.76,356.74,6.023,9.907,-3.885,55.58,394.11,367.77,341.42,0.1433,14.3,42.94,29.77,3495676,0.0202
2023-04-26,ETHIO_COFFEE,364.6,370.08,364.44,367.78,367.78,147321,368.56,339.24,303.86,363.54,357.56,5.977,9.121,-3.145,56.89,393.87,368.56,343.25,0.1374,13.68,47.31,40.16,3642997,0.0068
2023-04-27,ETHIO_COFFEE,369.62,371.76,361.78,371.0,371.0,153566,369.36,340.46,304.04,364.68,358.56,6.129,8.523,-2.394,58.58,393.91,369.36,344.82,0.1329,13.42,52.97,47.74,3796563,0.0088
2023-04-28,ETHIO_COFFEE,375.02,381.33,374.73,379.88,379.88,236206,370.31,341.87,304.29,367.02,360.13,6.887,8.196,-1.308,62.91,394.94,370.31,345.68,0.133,13.2,68.56,56.28,4032769,0.0239
2023-05-01,ETHIO_COFFEE,381.3,390.08,378.03,382.07,382.07,140228,371.45,343.13,304.55,369.34,361.76,7.578,8.072,-0.494,63.92,396.04,371.45,346.86,0.1324,13.11,72.4,64.64,4172997,0.0058
2023-05-02,ETHIO_COFFEE,381.28,393.92,379.31,388.46,388.46,164628,372.29,344.41,304.87,372.28,363.74,8.542,8.166,0.376,66.74,397.98,372.29,346.6,0.138,13.22,84.14,75.03,4337625,0.0167
2023-05-03,ETHIO_COFFEE,387.63,395.49,387.03,394.18,394.18,259494,372.91,345.95,305.26,375.65,365.99,9.656,8.464,1.192,69.08,400.05,372.91,345.78,0.1455,12.88,97.6,84.71,4597119,0.0147
2023-05-04,ETHIO_COFFEE,396.66,397.78,382.31,394.21,394.21,193851,373.77,347.37,305.61,378.5,368.08,10.422,8.856,1.566,69.09,402.43,373.77,345.12,0.1533,13.07,93.73,91.82,4790970,0.0001
2023-05-05,ETHIO_COFFEE,396.58,408.09,391.08,402.07,402.07,206815,374.7,348.98,306.04,382.13,370.6,11.53,9.39,2.139,72.2,405.65,374.7,343.74,0.1652,13.35,91.05,94.13,4997785,0.0199
2023-05-08,ETHIO_COFFEE,404.03,423.88,398.94,418.72,418.72,266284,376.2,351.13,306.57,387.76,374.16,13.594,10.231,3.363,77.38,412.23,376.2,340.17,0.1915,14.18,93.79,92.86,5264069,0.0414
2023-05-09,ETHIO_COFFEE,416.87,424.69,409.91,411.22,411.22,170660,377.09,353.1,307.08,391.37,376.91,14.459,11.077,3.382,70.96,415.58,377.09,338.61,0.2041,14.22,83.94,89.59,5093409,-0.0179
2023-05-10,ETHIO_COFFEE,408.43,422.03,406.56,419.18,419.18,280166,378.51,355.24,307.65,395.65,380.04,15.606,11.983,3.624,73.48,420.81,378.51,336.21,0.2235,14.31,93.43,90.38,5373575,0.0194
2023-05-11,ETHIO_COFFEE,420.12,428.38,414.28,424.24,424.24,188145,381.27,357.58,308.24,400.05,383.31,16.731,12.932,3.799,74.96,427.74,381.27,334.8,0.2438,14.29,95.15,90.84,5561720,0.0121
2023-05-12,ETHIO_COFFEE,423.28,437.25,422.02,434.16,434.16,253790,385.0,360.12,308.87,405.29,387.08,18.213,13.989,4.225,77.61,435.68,385.0,334.33,0.2632,14.36,96.18,94.92,5815510,0.0234
2023-05-15,ETHIO_COFFEE,435.24,435.4,419.86,428.26,428.26,177676,388.59,362.63,309.48,408.83,390.13,18.696,14.93,3.766,72.69,440.82,388.59,336.36,0.2688,14.44,88.09,93.14,5637834,-0.0136
2023-05-16,ETHIO_COFFEE,427.48,438.63,421.53,434.36,434.36,187797,392.25,365.1,310.12,412.76,393.41,19.348,15.814,3.534,74.49,446.51,392.25,337.98,0.2767,14.63,94.44,92.9,5825631,0.0142
2023-05-17,ETHIO_COFFEE,435.02,442.56,432.7,440.47,440.47,201210,396.09,367.86,310.77,417.02,396.89,20.126,16.676,3.45,76.18,452.54,396.09,339.64,0.285,14.29,96.92,93.15,6026841,0.0141
2023-05-18,ETHIO_COFFEE,439.8,442.57,414.23,424.45,424.45,257247,399.4,370.41,311.4,418.16,398.93,19.228,17.186,2.041,64.15,454.32,399.4,344.49,0.275,15.3,71.92,87.76,5769594,-0.0364
2023-05-19,ETHIO_COFFEE,424.37,431.66,417.31,418.39,418.39,239846,402.82,372.83,311.98,418.2,400.38,17.822,17.313,0.508,60.27,453.36,402.82,352.29,0.2509,15.23,61.78,76.87,5529748,-0.0143
2023-05-22,ETHIO_COFFEE,423.87,427.64,419.24,420.35,420.35,203009,405.94,375.06,312.53,418.53,401.86,16.673,17.185,-0.512,61.09,452.58,405.94,359.3,0.2298,14.8,63.13,65.61,5732757,0.0047
2023-05-23,ETHIO_COFFEE,421.3,430.79,412.1,424.39,424.39,128521,408.89,377.36,313.1,419.43,403.52,15.906,16.929,-1.024,62.8,452.23,408.89,365.56,0.212,15.08,69.83,64.91,5861278,0.0096
2023-05-24,ETHIO_COFFEE,419.94,421.99,414.61,421.65,421.65,179032,411.59,379.66,313.67,419.77,404.87,14.905,16.525,-1.62,60.85,450.87,411.59,372.3,0.1909,14.7,59.37,64.11,5682246,-0.0065
2023-05-25,ETHIO_COFFEE,424.06,426.21,400.73,406.87,406.87,270389,413.38,381.52,314.15,417.79,405.02,12.771,15.774,-3.003,51.57,448.1,413.38,378.66,0.168,15.47,18.18,49.13,5411857,-0.0351
2023-05-26,ETHIO_COFFEE,405.73,412.93,403.49,408.2,408.2,192763,414.8,383.34,314.65,416.31,405.25,11.061,14.831,-3.771,52.28,446.08,414.8,383.51,0.1508,15.04,17.85,31.8,5604620,0.0033
2023-05-29,ETHIO_COFFEE,406.58,419.23,402.77,415.1,415.1,211459,416.45,385.08,315.21,416.13,405.98,10.145,13.894,-3.749,55.87,443.89,416.45,389.0,0.1318,15.14,34.35,23.46,5816079,0.0169
2023-05-30,ETHIO_COFFEE,416.03,430.46,415.8,426.73,426.73,208882,418.36,386.98,315.83,417.76,407.52,10.239,13.163,-2.924,61.17,442.92,418.36,393.8,0.1174,15.16,62.14,38.11,6024961,0.028
2023-05-31,ETHIO_COFFEE,427.05,430.2,414.13,425.91,425.91,154531,419.95,388.64,316.43,419.01,408.88,10.131,12.557,-2.426,60.62,442.03,419.95,397.86,0.1052,15.22,60.18,52.22,5870430,-0.0019
2023-06-01,ETHIO_COFFEE,425.16,440.55,424.38,436.7,436.7,269964,422.07,390.44,317.1,421.73,410.94,10.792,12.204,-1.412,65.09,441.9,422.07,402.24,0.094,15.29,85.97,69.43,6140394,0.0253
2023-06-02,ETHIO_COFFEE,437.39,441.86,428.77,437.74,437.74,183543,423.85,392.33,317.77,424.2,412.93,11.269,12.017,-0.748,65.5,442.55,423.85,405.16,0.0882,15.13,88.46,78.2,6323937,0.0024
2023-06-05,ETHIO_COFFEE,437.59,440.62,430.34,434.35,434.35,134157,424.64,394.0,318.44,425.76,414.51,11.244,11.862,-0.618,62.92,443.71,424.64,405.56,0.0899,14.79,80.35,84.93,6189780,-0.0077
2023-06-06,ETHIO_COFFEE,439.16,441.9,417.23,418.63,418.63,327222,425.01,395.3,319.07,424.66,414.82,9.843,11.458,-1.615,52.6,443.3,425.01,406.71,0.0861,15.49,42.78,70.53,5862558,-0.0362
2023-06-07,ETHIO_COFFEE,420.47,422.19,413.36,417.11,417.11,207947,424.9,396.61,319.73,423.5,414.99,8.511,10.869,-2.358,51.72,443.35,424.9,406.46,0.0868,15.02,39.79,54.31,5654611,-0.0036
2023-06-08,ETHIO_COFFEE,423.61,426.19,423.14,423.19,423.19,163037,424.85,397.97,320.45,423.45,415.6,7.856,10.266,-2.41,54.97,443.31,424.85,406.39,0.0869,14.59,54.55,45.71,5817648,0.0146
2023-06-09,ETHIO_COFFEE,421.39,448.27,416.46,444.13,444.13,332460,425.35,399.63,321.28,426.63,417.71,8.924,9.998,-1.074,63.99,445.27,425.35,405.43,0.0937,15.82,91.29,61.88,6150108,0.0495
2023-06-12,ETHIO_COFFEE,444.05,467.81,435.01,464.05,464.05,343510,427.14,401.73,322.22,432.39,421.14,11.248,10.248,1.0,70.11,453.25,427.14,401.03,0.1223,17.03,94.39,80.08,6493618,0.0449
2023-06-13,ETHIO_COFFEE,460.54,470.25,456.89,461.84,461.84,140350,428.51,403.53,323.19,436.92,424.16,12.764,10.751,2.013,68.72,458.59,428.51,398.43,0.1404,16.77,87.9,91.2,6353268,-0.0048
2023-06-14,ETHIO_COFFEE,466.63,469.84,463.8,469.03,469.03,124779,429.94,405.28,324.24,441.86,427.48,14.38,11.477,2.903,70.76,464.53,429.94,395.35,0.1609,16.15,98.19,93.5,6478047,0.0156
2023-06-15,ETHIO_COFFEE,467.46,479.58,465.72,477.77,477.77,264690,432.61,407.3,325.33,447.38,431.21,16.179,12.417,3.762,73.06,472.85,432.61,392.37,0.186,15.98,97.64,94.58,6742737,0.0186
2023-06-16,ETHIO_COFFEE,474.1,478.47,469.22,478.01,478.01,224511,435.59,409.18,326.4,452.1,434.67,17.424,13.419,4.005,73.12,479.81,435.59,391.36,0.203,15.5,97.63,97.82,6967248,0.0005
2023-06-19,ETHIO_COFFEE,478.58,484.52,455.79,456.97,456.97,258640,437.42,410.55,327.34,452.85,436.32,16.522,14.039,2.483,59.98,482.0,437.42,392.84,0.2038,16.45,61.28,85.52,6708608,-0.044
2023-06-20,ETHIO_COFFEE,460.5,464.16,442.08,448.14,448.14,251068,438.61,411.64,328.24,452.12,437.2,14.923,14.216,0.707,55.47,483.0,438.61,394.21,0.2024,16.85,48.88,69.26,6457540,-0.0193
2023-06-21,ETHIO_COFFEE,451.16,462.17,446.65,452.44,452.44,206625,440.15,412.88,329.16,452.17,438.33,13.843,14.141,-0.299,57.16,484.21,440.15,396.08,0.2002,16.75,54.92,55.03,6664165,0.0096
2023-06-22,ETHIO_COFFEE,456.25,468.55,453.02,462.33,462.33,206184,442.92,414.74,330.14,453.73,440.11,13.628,14.039,-0.411,60.84,485.21,442.92,400.63,0.1909,16.71,68.82,57.54,6870349,0.0219
2023-06-23,ETHIO_COFFEE,467.47,469.56,459.38,466.77,466.77,171078,445.85,416.89,331.16,455.74,442.08,13.658,13.963,-0.304,62.4,486.18,445.85,405.52,0.1809,16.24,75.06,66.26,7041427,0.0096
2023-06-26,ETHIO_COFFEE,465.25,468.78,440.45,444.14,444.14,330559,447.3,418.64,332.06,453.95,442.23,11.721,13.514,-1.793,51.2,485.11,447.3,409.49,0.1691,17.11,43.25,62.38,6710868,-0.0485
2023-06-27,ETHIO_COFFEE,443.5,454.29,435.32,437.55,437.55,246353,447.84,420.17,332.93,451.43,441.89,9.544,12.72,-3.176,48.47,484.76,447.84,410.92,0.1649,17.24,30.99,49.77,6464515,-0.0148
2023-06-28,ETHIO_COFFEE,438.12,455.03,437.08,451.02,451.02,199146,449.1,421.92,333.84,451.37,442.56,8.804,11.937,-3.133,53.88,484.63,449.1,413.57,0.1582,17.29,50.78,41.67,6663661,0.0308
2023-06-29,ETHIO_COFFEE,452.08,453.17,445.24,447.09,447.09,182418,449.62,423.69,334.79,450.71,442.9,7.811,11.112,-3.301,52.16,484.71,449.62,414.52,0.1561,16.62,24.4,35.39,6481243,-0.0087
2023-06-30,ETHIO_COFFEE,449.6,451.23,435.19,442.33,442.33,165025,449.84,425.54,335.71,449.42,442.86,6.564,10.202,-3.638,50.07,484.68,449.84,415.01,0.1549,16.58,14.47,29.88,6316218,-0.0106
2023-07-03,ETHIO_COFFEE,447.36,455.0,446.68,446.81,446.81,173508,450.47,427.31,336.64,449.02,443.15,5.869,9.336,-3.466,52.02,484.61,450.47,416.32,0.1516,16.3,23.56,20.81,6489726,0.0101
2023-07-04,ETHIO_COFFEE,443.96,445.08,430.86,439.01,439.01,165938,451.49,428.79,337.55,447.48,442.84,4.636,8.396,-3.76,48.48,482.87,451.49,420.1,0.139,16.27,15.19,17.74,6323788,-0.0175
2023-07-05,ETHIO_COFFEE,438.49,448.37,437.24,447.99,447.99,227153,453.03,430.39,338.5,447.56,443.22,4.334,7.583,-3.25,52.49,480.27,453.03,425.79,0.1202,15.91,31.92,23.56,6550941,0.0205
2023-07-06,ETHIO_COFFEE,447.39,460.59,441.85,460.44,460.44,238934,454.89,432.18,339.48,449.54,444.5,5.04,7.075,-2.035,57.43,478.57,454.89,431.21,0.1041,16.11,55.12,34.08,6789875,0.0278
2023-07-07,ETHIO_COFFEE,460.66,467.44,451.99,455.96,455.96,147436,455.48,433.7,340.46,450.53,445.35,5.179,6.696,-1.517,55.21,478.65,455.48,432.32,0.1017,16.06,64.86,50.64,6642439,-0.0097
2023-07-10,ETHIO_COFFEE,456.68,458.55,443.31,457.72,457.72,169890,455.17,435.22,341.41,451.63,446.26,5.369,6.43,-1.061,55.93,478.02,455.17,432.31,0.1004,16.0,69.41,63.13,6812329,0.0039
2023-07-11,ETHIO_COFFEE,458.92,468.58,448.05,455.17,455.17,130469,454.83,436.55,342.35,452.18,446.92,5.254,6.195,-0.941,54.55,477.48,454.83,432.18,0.0996,16.33,62.82,65.69,6681860,-0.0056
2023-07-12,ETHIO_COFFEE,455.23,461.67,453.54,455.53,455.53,194355,454.16,437.78,343.31,452.69,447.56,5.132,5.982,-0.851,54.72,475.86,454.16,432.46,0.0956,15.74,63.75,65.32,6876215,0.0008
2023-07-13,ETHIO_COFFEE,454.35,467.05,447.17,457.87,457.87,135782,453.16,439.05,344.28,453.49,448.33,5.165,5.819,-0.654,55.87,472.09,453.16,434.24,0.0835,16.04,71.23,65.93,7011997,0.0051
2023-07-14,ETHIO_COFFEE,457.29,457.83,444.47,444.96,444.96,255915,451.51,439.91,345.16,452.18,448.08,4.102,5.475,-1.374,48.55,466.92,451.51,436.1,0.0682,15.85,37.38,57.45,6756082,-0.0282
2023-07-17,ETHIO_COFFEE,444.09,445.1,433.38,439.6,439.6,199530,450.64,440.33,346.07,450.24,447.45,2.794,4.939,-2.145,45.86,466.67,450.64,434.62,0.0711,15.55,23.17,43.93,6556552,-0.012
2023-07-18,ETHIO_COFFEE,442.14,460.79,438.57,455.6,455.6,283982,451.02,441.21,347.06,451.07,448.05,3.015,4.554,-1.54,54.04,467.14,451.02,434.9,0.0715,16.03,65.59,42.05,6840534,0.0364
2023-07-19,ETHIO_COFFEE,456.24,462.77,449.82,459.32,459.32,213149,451.36,442.02,348.05,452.34,448.89,3.45,4.333,-0.884,55.72,467.88,451.36,434.84,0.0732,15.81,75.45,54.74,7053683,0.0082
2023-07-20,ETHIO_COFFEE,458.22,469.42,457.22,466.19,466.19,235050,451.55,442.86,349.09,454.47,450.17,4.299,4.327,-0.027,58.71,468.66,451.55,434.45,0.0758,15.55,91.62,77.55,7288733,0.015
2023-07-21,ETHIO_COFFEE,464.26,465.46,453.11,463.8,463.8,138284,451.4,443.45,350.08,455.9,451.18,4.725,4.406,0.319,57.26,468.02,451.4,434.79,0.0736,15.38,85.43,84.17,7150449,-0.0051
2023-07-24,ETHIO_COFFEE,467.41,471.56,464.23,464.81,464.81,137734,452.44,444.18,351.1,457.27,452.19,5.086,4.542,0.544,57.73,469.68,452.44,435.2,0.0762,14.83,82.32,86.46,7288183,0.0022
2023-07-25,ETHIO_COFFEE,460.49,464.28,457.94,458.28,458.28,181292,453.48,444.66,352.06,457.43,452.64,4.789,4.592,0.198,53.59,469.46,453.48,437.49,0.0705,14.26,65.22,77.65,7106891,-0.014
2023-07-26,ETHIO_COFFEE,450.36,456.15,442.32,445.47,445.47,187636,453.2,444.76,352.94,455.59,452.11,3.481,4.369,-0.889,46.53,469.53,453.2,436.86,0.0721,14.38,31.67,59.73,6919255,-0.028
2023-07-27,ETHIO_COFFEE,449.2,455.95,439.37,443.18,443.18,245039,453.0,445.13,353.79,453.68,451.45,2.233,3.942,-1.709,45.38,469.71,453.0,436.29,0.0738,14.54,25.67,40.85,6674216,-0.0051
2023-07-28,ETHIO_COFFEE,440.76,442.45,435.68,442.06,442.06,152987,452.99,445.61,354.67,451.89,450.75,1.141,3.382,-2.241,44.79,469.73,452.99,436.24,0.0739,14.04,22.73,26.69,6521229,-0.0025
2023-07-31,ETHIO_COFFEE,444.23,449.01,424.85,425.68,425.68,273114,451.93,445.71,355.44,447.86,448.89,-1.035,2.499,-3.533,37.25,472.36,451.93,431.5,0.0904,14.76,1.78,16.73,6248115,-0.0371
2023-08-01,ETHIO_COFFEE,424.53,446.79,422.89,440.63,440.63,317927,452.01,446.04,356.3,446.75,448.28,-1.535,1.692,-3.227,46.16,472.25,452.01,431.77,0.0895,15.41,36.45,20.32,6566042,0.0351
2023-08-02,ETHIO_COFFEE,440.46,459.8,436.1,447.58,447.58,164241,451.99,446.56,357.15,446.88,448.23,-1.355,1.082,-2.437,49.74,472.25,451.99,431.74,0.0896,16.01,50.73,29.65,6730283,0.0158
2023-08-03,ETHIO_COFFEE,445.41,446.13,441.74,444.76,444.76,165347,451.21,447.31,358.04,446.55,447.97,-1.423,0.581,-2.005,48.33,471.31,451.21,431.11,0.0891,15.28,44.94,44.04,6564936,-0.0063
2023-08-04,ETHIO_COFFEE,441.21,445.41,435.93,443.33,443.33,198990,450.58,448.02,358.89,446.05,447.63,-1.575,0.15,-1.725,47.6,470.83,450.58,430.32,0.0899,14.87,42.0,45.89,6365946,-0.0032
2023-08-07,ETHIO_COFFEE,439.3,440.64,434.38,439.83,439.83,133184,449.68,448.51,359.69,445.1,447.05,-1.955,-0.271,-1.684,45.77,470.18,449.68,429.19,0.0911,14.44,34.81,40.58,6232762,-0.0079
2023-08-08,ETHIO_COFFEE,439.55,464.94,437.87,459.25,459.25,281055,449.89,449.16,360.58,447.27,447.96,-0.681,-0.353,-0.328,55.9,470.67,449.89,429.1,0.0924,15.34,74.71,50.5,6513817,0.0442
2023-08-09,ETHIO_COFFEE,457.58,471.1,455.8,469.16,469.16,250329,450.57,450.03,361.53,450.64,449.53,1.116,-0.059,1.175,60.0,472.89,450.57,428.25,0.0991,15.34,95.07,68.19,6764146,0.0216
2023-08-10,ETHIO_COFFEE,472.72,475.5,465.9,470.95,470.95,159324,451.22,450.71,362.45,453.77,451.11,2.653,0.483,2.17,60.72,475.07,451.22,427.37,0.1057,14.93,91.35,87.04,6923470,0.0038
2023-08-11,ETHIO_COFFEE,468.67,477.01,466.25,475.56,475.56,177207,452.75,451.47,363.39,457.12,452.92,4.195,1.226,2.969,62.56,478.64,452.75,426.86,0.1144,14.63,97.32,94.58,7100677,0.0098
2023-08-14,ETHIO_COFFEE,476.31,491.89,467.98,490.4,490.4,258005,455.29,452.59,364.42,462.24,455.7,6.539,2.288,4.251,67.81,485.18,455.29,425.4,0.1313,15.3,97.84,95.5,7358682,0.0312
2023-08-15,ETHIO_COFFEE,490.73,491.71,474.46,474.64,474.64,241514,456.24,453.71,365.33,464.15,457.1,7.044,3.24,3.805,58.44,487.3,456.24,425.19,0.1361,15.44,75.0,90.05,7117168,-0.0321
2023-08-16,ETHIO_COFFEE,474.95,476.44,467.06,468.96,468.96,180475,456.73,454.75,366.22,464.89,457.98,6.906,3.973,2.933,55.47,488.25,456.73,425.2,0.1381,15.0,66.77,79.87,6936693,-0.012
2023-08-17,ETHIO_COFFEE,468.54,478.1,461.27,465.62,465.62,159286,456.7,455.59,367.11,465.0,458.55,6.453,4.469,1.984,53.74,488.19,456.7,425.2,0.1379,15.13,61.93,67.9,6777407,-0.0071
2023-08-18,ETHIO_COFFEE,470.72,472.94,466.25,469.66,469.66,165880,456.99,456.11,368.04,465.72,459.37,6.347,4.845,1.502,55.54,488.85,456.99,425.13,0.1394,14.58,67.78,65.49,6943287,0.0087
2023-08-21,ETHIO_COFFEE,463.04,470.21,460.84,465.94,465.94,166717,457.05,456.14,368.91,465.75,459.86,5.895,5.055,0.84,53.47,488.97,457.05,425.13,0.1397,14.2,54.88,61.53,6776570,-0.0079
2023-08-22,ETHIO_COFFEE,465.37,468.33,462.52,463.74,463.74,138034,457.32,456.18,369.74,465.44,460.14,5.297,5.103,0.194,52.23,489.37,457.32,425.27,0.1402,13.6,51.05,57.9,6638536,-0.0047
2023-08-23,ETHIO_COFFEE,465.41,469.39,457.96,467.75,467.75,210147,458.43,456.16,370.61,465.8,460.71,5.089,5.1,-0.011,54.31,490.31,458.43,426.56,0.1391,13.45,58.02,54.65,6848683,0.0086
2023-08-24,ETHIO_COFFEE,466.16,472.0,461.37,464.31,464.31,119694,459.49,455.89,371.47,465.57,460.97,4.594,4.999,-0.405,52.21,490.66,459.49,428.32,0.1357,13.25,52.04,53.71,6728989,-0.0074
2023-08-25,ETHIO_COFFEE,463.96,469.83,459.01,468.73,468.73,217789,460.82,455.7,372.34,466.05,461.55,4.506,4.9,-0.395,54.64,491.17,460.82,430.48,0.1317,13.07,57.13,55.73,6946778,0.0095
2023-08-28,ETHIO_COFFEE,470.49,472.81,464.26,465.03,465.03,218860,462.79,455.86,373.14,465.9,461.81,4.09,4.738,-0.648,52.25,488.52,462.79,437.06,0.1112,12.75,25.57,44.92,6727918,-0.0079
2023-08-29,ETHIO_COFFEE,465.93,480.59,458.82,473.88,473.88,205402,464.45,456.38,373.95,467.13,462.7,4.424,4.675,-0.251,57.09,488.48,464.45,440.43,0.1035,13.4,46.92,43.21,6933320,0.019
2023-08-30,ETHIO_COFFEE,473.76,475.49,464.15,472.56,472.56,133644,465.7,456.78,374.81,467.96,463.43,4.53,4.646,-0.116,56.17,488.67,465.7,442.74,0.0986,13.25,43.03,38.51,6799676,-0.0028
2023-08-31,ETHIO_COFFEE,471.05,477.36,469.0,473.37,473.37,213374,467.13,457.0,375.64,468.79,464.17,4.626,4.642,-0.016,56.63,488.18,467.13,446.08,0.0901,12.9,45.42,45.12,7013050,0.0017
2023-09-01,ETHIO_COFFEE,473.28,497.11,466.3,487.11,487.11,291270,469.32,457.41,376.55,471.61,465.87,5.744,4.863,0.882,63.6,489.08,469.32,449.56,0.0842,14.18,74.46,54.3,7304320,0.029
2023-09-04,ETHIO_COFFEE,486.58,489.23,485.81,486.02,486.02,160325,471.63,458.24,377.43,473.83,467.36,6.468,5.184,1.284,62.74,487.47,471.63,455.79,0.0672,13.41,71.67,63.85,7143995,-0.0022
2023-09-05,ETHIO_COFFEE,486.74,500.75,479.92,496.73,496.73,255517,473.51,459.43,378.37,477.35,469.54,7.816,5.71,2.106,67.41,491.73,473.51,455.28,0.077,13.94,90.61,78.91,7399512,0.022
2023-09-06,ETHIO_COFFEE,493.18,515.64,483.98,507.79,507.79,291896,475.44,460.56,379.34,482.03,472.37,9.665,6.501,3.164,71.4,498.86,475.44,452.02,0.0985,15.21,86.39,82.89,7691408,0.0223
2023-09-07,ETHIO_COFFEE,508.53,515.52,506.69,509.81,509.81,174834,477.38,461.82,380.31,486.31,475.14,11.165,7.434,3.731,72.07,505.05,477.38,449.71,0.1159,14.75,89.89,88.96,7866242,0.004
2023-09-08,ETHIO_COFFEE,510.07,519.72,504.48,514.16,514.16,179402,479.31,463.25,381.39,490.59,478.03,12.56,8.459,4.101,73.51,511.26,479.31,447.36,0.1333,14.79,91.0,89.09,8045644,0.0085
2023-09-11,ETHIO_COFFEE,519.72,529.38,509.6,516.56,516.56,212140,480.62,464.65,382.52,494.59,480.89,13.701,9.507,4.193,74.3,516.21,480.62,445.03,0.1481,15.14,82.05,87.65,8257784,0.0047
2023-09-12,ETHIO_COFFEE,518.12,528.21,500.75,509.0,509.0,169237,482.34,466.05,383.6,496.8,482.97,13.836,10.373,3.463,67.48,519.87,482.34,444.8,0.1556,16.02,71.12,81.39,8088547,-0.0146
2023-09-13,ETHIO_COFFEE,509.63,523.48,504.39,517.66,517.66,164735,484.77,467.44,384.68,500.01,485.54,14.475,11.193,3.281,70.79,524.76,484.77,444.78,0.165,16.24,83.39,78.85,8253282,0.017
2023-09-14,ETHIO_COFFEE,520.79,533.55,514.22,525.65,525.65,145786,487.77,468.75,385.78,503.96,488.51,15.447,12.044,3.403,73.47,530.48,487.77,445.07,0.1751,16.46,89.43,81.31,8399068,0.0154
2023-09-15,ETHIO_COFFEE,523.85,530.13,509.95,512.24,512.24,272838,489.9,469.87,386.85,505.23,490.27,14.964,12.628,2.336,63.02,533.03,489.9,446.78,0.1761,16.73,71.48,81.43,8126230,-0.0255
2023-09-18,ETHIO_COFFEE,517.06,529.24,515.89,522.49,522.49,172471,492.73,471.17,387.92,507.89,492.65,15.232,13.149,2.083,66.89,536.61,492.73,448.85,0.1781,16.75,84.06,81.66,8298701,0.02
2023-09-19,ETHIO_COFFEE,520.09,540.39,513.19,525.99,525.99,147413,495.84,472.58,388.97,510.67,495.12,15.548,13.629,1.919,68.12,539.89,495.84,451.8,0.1776,17.49,80.56,78.7,8446114,0.0067
2023-09-20,ETHIO_COFFEE,528.54,538.48,527.49,536.13,536.13,150055,499.26,474.2,390.04,514.59,498.16,16.427,14.188,2.239,71.43,544.65,499.26,453.88,0.1818,17.14,94.25,86.29,8596169,0.0193
2023-09-21,ETHIO_COFFEE,535.12,551.55,531.35,549.05,549.05,241286,503.5,476.02,391.17,519.89,501.93,17.959,14.943,3.017,74.99,550.82,503.5,456.17,0.188,17.35,96.51,90.44,8837455,0.0241
2023-09-22,ETHIO_COFFEE,552.82,577.23,545.61,566.83,566.83,226586,508.4,478.46,392.41,527.11,506.74,20.374,16.029,4.345,78.89,560.4,508.4,456.41,0.2046,18.37,89.31,93.36,9064041,0.0324
2023-09-25,ETHIO_COFFEE,572.73,580.07,538.74,545.81,545.81,285437,512.44,480.58,393.56,529.99,509.63,20.356,16.894,3.462,65.82,562.86,512.44,462.02,0.1968,20.01,64.35,83.39,8778604,-0.0371
2023-09-26,ETHIO_COFFEE,544.66,553.7,530.95,550.0,550.0,159462,516.25,482.47,394.74,533.07,512.62,20.445,17.604,2.84,67.0,565.94,516.25,466.56,0.1925,20.21,62.09,71.92,8938066,0.0077
2023-09-27,ETHIO_COFFEE,551.13,552.57,547.93,552.29,552.29,214188,520.23,484.33,395.89,536.02,515.56,20.464,18.176,2.287,67.65,568.02,520.23,472.45,0.1837,19.1,64.98,63.8,9152254,0.0042
2023-09-28,ETHIO_COFFEE,547.72,559.51,536.41,559.13,559.13,175295,524.52,486.19,397.09,539.58,518.79,20.791,18.699,2.092,69.59,570.05,524.52,478.99,0.1736,19.38,73.6,66.89,9327549,0.0124
2023-09-29,ETHIO_COFFEE,554.54,559.4,547.77,557.5,557.5,165095,528.04,488.06,398.3,542.34,521.66,20.68,19.095,1.585,68.54,572.33,528.04,483.76,0.1677,18.83,71.55,70.04,9162454,-0.0029
2023-10-02,ETHIO_COFFEE,561.38,574.09,544.32,552.52,552.52,219993,531.37,489.82,399.49,543.9,523.94,19.961,19.268,0.692,65.28,572.4,531.37,490.34,0.1544,19.61,63.6,69.58,8942461,-0.0089
2023-10-03,ETHIO_COFFEE,551.84,559.86,549.28,553.87,553.87,205123,534.22,491.73,400.72,545.44,526.16,19.277,19.27,0.007,65.76,573.11,534.22,495.34,0.1456,18.97,62.64,65.93,9147584,0.0024
2023-10-04,ETHIO_COFFEE,558.68,559.96,538.96,547.97,547.97,228852,536.23,493.78,401.93,545.83,527.77,18.052,19.027,-0.975,61.78,573.57,536.23,498.89,0.1393,19.11,54.22,60.15,8918732,-0.0107
2023-10-05,ETHIO_COFFEE,548.11,561.71,516.02,523.4,523.4,308744,536.91,495.38,403.01,542.38,527.45,14.925,18.206,-3.281,48.61,572.77,536.91,501.06,0.1336,21.01,15.27,44.04,8609988,-0.0448
2023-10-06,ETHIO_COFFEE,520.82,528.8,512.83,524.57,524.57,173525,537.43,497.03,404.04,539.64,527.24,12.399,17.045,-4.645,49.17,572.24,537.43,502.63,0.1295,20.65,17.46,28.98,8783513,0.0022
2023-10-09,ETHIO_COFFEE,523.71,523.9,504.95,512.46,512.46,252163,537.23,498.77,405.02,535.46,526.14,9.313,15.499,-6.186,43.88,572.57,537.23,501.89,0.1316,20.58,10.0,14.24,8531350,-0.0231
2023-10-10,ETHIO_COFFEE,511.82,517.97,494.09,498.41,498.41,217581,536.7,499.92,405.91,529.76,524.09,5.668,13.532,-7.864,38.68,573.98,536.7,499.42,0.1389,20.81,5.02,10.83,8313769,-0.0274
2023-10-11,ETHIO_COFFEE,493.61,502.69,489.57,493.75,493.75,107848,535.5,500.85,406.83,524.22,521.84,2.376,11.301,-8.925,37.11,576.5,535.5,494.51,0.1531,20.26,4.62,6.55,8205921,-0.0093
2023-10-12,ETHIO_COFFEE,495.77,500.68,484.6,488.99,488.99,230736,533.67,501.73,407.71,518.8,519.41,-0.61,8.919,-9.529,35.52,579.28,533.67,488.06,0.1709,19.96,4.6,4.75,7975185,-0.0096
2023-10-13,ETHIO_COFFEE,485.1,505.27,482.49,499.64,499.64,235279,533.04,502.86,408.64,515.85,517.94,-2.093,6.716,-8.81,41.54,580.14,533.04,485.94,0.1767,20.16,18.72,9.31,8210464,0.0218
2023-10-16,ETHIO_COFFEE,495.78,514.68,488.34,510.33,510.33,220222,532.43,504.27,409.62,515.0,517.38,-2.379,4.897,-7.276,46.9,580.37,532.43,484.5,0.1801,20.61,30.39,17.9,8430686,0.0214
2023-10-17,ETHIO_COFFEE,510.43,518.04,509.77,515.83,515.83,154696,531.92,505.4,410.63,515.13,517.26,-2.136,3.491,-5.627,49.47,580.34,531.92,483.51,0.182,19.72,36.4,28.5,8585382,0.0108
2023-10-18,ETHIO_COFFEE,513.02,514.49,509.59,512.31,512.31,197256,530.73,506.26,411.64,514.69,516.9,-2.203,2.352,-4.555,47.88,579.84,530.73,481.63,0.185,18.76,32.55,33.11,8388126,-0.0068
2023-10-19,ETHIO_COFFEE,515.52,524.21,503.44,523.24,523.24,161950,529.44,507.31,412.71,516.01,517.37,-1.358,1.61,-2.968,52.95,577.91,529.44,480.98,0.1831,18.91,44.49,37.81,8550076,0.0213
2023-10-20,ETHIO_COFFEE,527.88,532.15,527.81,529.09,529.09,141241,527.56,508.38,413.82,518.02,518.24,-0.214,1.245,-1.459,55.45,572.89,527.56,482.22,0.1719,18.19,58.82,45.29,8691317,0.0112
2023-10-23,ETHIO_COFFEE,529.74,530.72,520.75,522.79,522.79,165299,526.4,509.03,414.93,518.76,518.57,0.182,1.033,-0.85,52.23,570.99,526.4,481.82,0.1694,17.6,50.87,51.39,8526018,-0.0119
2023-10-24,ETHIO_COFFEE,525.62,529.12,517.15,523.08,523.08,175017,525.06,510.0,416.04,519.42,518.91,0.514,0.929,-0.415,52.37,568.32,525.06,481.8,0.1648,17.2,51.24,53.64,8701035,0.0006
2023-10-25,ETHIO_COFFEE,524.96,530.34,519.38,520.75,520.75,168245,523.48,511.03,417.14,519.63,519.04,0.582,0.859,-0.278,51.1,564.91,523.48,482.05,0.1583,16.76,77.04,59.72,8532790,-0.0045
2023-10-26,ETHIO_COFFEE,518.4,527.06,514.22,525.7,525.7,148594,521.81,512.23,418.26,520.56,519.54,1.023,0.892,0.131,53.67,559.92,521.81,483.7,0.1461,16.48,87.01,71.76,8681384,0.0095
2023-10-27,ETHIO_COFFEE,527.07,529.62,514.21,515.85,515.85,228527,519.73,513.16,419.3,519.84,519.26,0.572,0.828,-0.256,48.24,554.19,519.73,485.27,0.1326,16.4,67.18,77.08,8452857,-0.0187
2023-10-30,ETHIO_COFFEE,516.96,526.09,507.67,509.51,509.51,154107,517.58,514.03,420.35,518.25,518.54,-0.294,0.604,-0.898,45.08,548.8,517.58,486.36,0.1206,16.54,54.41,69.53,8298750,-0.0123
2023-10-31,ETHIO_COFFEE,510.29,514.57,493.91,496.94,496.94,232590,514.73,514.69,421.39,514.97,516.94,-1.972,0.088,-2.061,39.55,542.37,514.73,487.09,0.1074,16.84,29.1,50.23,8066160,-0.0247
2023-11-01,ETHIO_COFFEE,494.74,494.91,481.7,481.89,481.89,261354,511.43,514.97,422.39,509.88,514.34,-4.465,-0.822,-3.643,34.14,538.17,511.43,484.69,0.1046,16.72,0.38,27.96,7804806,-0.0303
2023-11-02,ETHIO_COFFEE,483.99,492.71,468.45,473.67,473.67,248389,508.94,515.16,423.36,504.31,511.33,-7.023,-2.062,-4.96,31.6,539.71,508.94,478.17,0.1209,17.26,8.19,12.56,7556417,-0.0171
2023-11-03,ETHIO_COFFEE,475.62,477.39,467.37,467.52,467.52,192250,506.09,515.14,424.33,498.65,508.09,-9.437,-3.537,-5.9,29.82,540.85,506.09,471.32,0.1374,16.74,0.23,2.93,7364167,-0.013
2023-11-06,ETHIO_COFFEE,466.27,467.93,458.28,459.99,459.99,201603,503.46,515.04,425.29,492.7,504.52,-11.822,-5.194,-6.628,27.75,543.44,503.46,463.49,0.1588,16.24,2.31,3.58,7162564,-0.0161
2023-11-07,ETHIO_COFFEE,459.64,476.5,455.46,473.9,473.9,212620,502.24,515.04,426.34,489.81,502.26,-12.446,-6.645,-5.802,36.51,544.21,502.24,460.27,0.1671,16.58,24.04,8.86,7375184,0.0302
2023-11-08,ETHIO_COFFEE,474.07,477.24,469.49,476.09,476.09,200922,501.36,515.11,427.37,487.7,500.32,-12.619,-7.839,-4.779,37.79,544.72,501.36,457.99,0.173,15.95,26.9,17.75,7576106,0.0046
2023-11-09,ETHIO_COFFEE,476.21,476.44,470.65,472.87,472.87,183934,500.55,515.1,428.38,485.42,498.28,-12.867,-8.845,-4.022,36.62,545.38,500.55,455.72,0.1791,15.22,23.13,24.69,7392172,-0.0068
2023-11-10,ETHIO_COFFEE,471.71,493.03,464.1,484.67,484.67,259673,499.8,515.05,429.45,485.3,497.28,-11.973,-9.471,-2.503,43.51,545.16,499.8,454.44,0.1815,16.2,39.01,29.68,7651845,0.025
2023-11-13,ETHIO_COFFEE,483.74,506.04,478.0,496.67,496.67,187273,499.12,515.26,430.53,487.05,497.23,-10.18,-9.612,-0.567,49.53,544.24,499.12,454.0,0.1808,17.05,55.03,39.06,7839118,0.0248
2023-11-14,ETHIO_COFFEE,497.67,502.58,486.62,490.32,490.32,227254,497.84,515.13,431.55,487.55,496.72,-9.165,-9.523,0.358,46.69,542.44,497.84,453.25,0.1792,16.97,47.01,47.02,7611864,-0.0128
2023-11-15,ETHIO_COFFEE,491.05,492.99,476.72,482.33,482.33,176214,496.34,514.62,432.52,486.75,495.65,-8.903,-9.399,0.496,43.34,540.91,496.34,451.78,0.1796,16.92,36.23,46.09,7435650,-0.0163
2023-11-16,ETHIO_COFFEE,477.46,488.07,469.6,471.48,471.48,150598,493.76,513.86,433.47,484.4,493.86,-9.461,-9.411,-0.05,39.21,537.78,493.76,449.73,0.1783,17.03,22.68,35.31,7285052,-0.0225
2023-11-17,ETHIO_COFFEE,469.64,487.23,469.22,480.08,480.08,203693,491.3,513.18,434.41,483.74,492.84,-9.105,-9.35,0.245,43.78,532.56,491.3,450.05,0.1679,17.1,41.65,33.52,7488745,0.0182
2023-11-20,ETHIO_COFFEE,478.98,486.88,468.84,469.66,469.66,186338,488.65,512.24,435.25,481.57,491.12,-9.554,-9.391,-0.163,39.87,528.26,488.65,449.03,0.1621,17.17,28.07,30.8,7302407,-0.0217
2023-11-21,ETHIO_COFFEE,466.59,475.12,465.66,467.27,467.27,121486,485.86,511.4,436.06,479.37,489.36,-9.987,-9.51,-0.477,39.01,523.17,485.86,448.54,0.1536,16.62,23.35,31.02,7180921,-0.0051
2023-11-22,ETHIO_COFFEE,467.52,474.48,462.87,474.23,474.23,193259,483.53,510.53,436.9,478.58,488.24,-9.657,-9.539,-0.118,42.88,517.51,483.53,449.56,0.1405,16.26,37.11,29.51,7374180,0.0149
2023-11-23,ETHIO_COFFEE,474.21,482.32,470.28,480.23,480.23,172800,481.26,509.63,437.75,478.83,487.64,-8.81,-9.394,0.583,46.05,509.19,481.26,453.33,0.1161,15.96,48.97,36.48,7546980,0.0127
2023-11-24,ETHIO_COFFEE,483.77,488.98,475.74,476.82,476.82,242422,479.31,508.92,438.59,478.52,486.84,-8.318,-9.178,0.86,44.54,502.32,479.31,456.29,0.096,15.76,42.23,42.77,7304558,-0.0071
2023-11-27,ETHIO_COFFEE,469.96,516.83,467.93,494.14,494.14,327701,478.54,508.35,439.47,480.93,487.38,-6.456,-8.634,2.178,52.99,498.26,478.54,458.82,0.0824,18.13,57.95,49.72,7632259,0.0363
2023-11-28,ETHIO_COFFEE,491.32,493.82,475.9,477.72,477.72,281430,477.58,507.39,440.23,480.43,486.67,-6.234,-8.154,1.92,45.85,495.4,477.58,459.76,0.0746,18.14,27.52,42.57,7350829,-0.0332
2023-11-29,ETHIO_COFFEE,478.93,480.55,471.54,475.81,475.81,149259,477.27,506.18,441.03,479.72,485.86,-6.141,-7.751,1.611,45.09,494.99,477.27,459.55,0.0743,17.49,23.98,36.48,7201570,-0.004
2023-11-30,ETHIO_COFFEE,480.25,490.36,479.03,486.38,486.38,190427,477.91,504.93,441.84,480.75,485.9,-5.155,-7.232,2.077,50.03,495.98,477.91,459.84,0.0756,17.28,43.57,31.69,7391997,0.0222
2023-12-01,ETHIO_COFFEE,486.17,498.73,473.72,496.18,496.18,189365,479.34,503.51,442.71,483.12,486.66,-3.542,-6.494,2.952,54.15,498.4,479.34,460.28,0.0795,17.83,61.73,43.09,7581362,0.0201
2023-12-04,ETHIO_COFFEE,497.86,508.21,492.8,507.33,507.33,192466,481.71,502.74,443.69,486.85,488.19,-1.348,-5.465,4.117,58.36,502.27,481.71,461.15,0.0854,17.66,82.39,62.56,7773828,0.0225
2023-12-05,ETHIO_COFFEE,508.7,513.4,506.42,506.81,506.81,147809,483.35,501.88,444.67,489.92,489.57,0.344,-4.303,4.647,58.09,506.28,483.35,460.43,0.0949,16.89,81.43,75.19,7626019,-0.001
2023-12-06,ETHIO_COFFEE,503.47,508.3,498.98,499.64,499.64,200441,484.53,500.83,445.6,491.41,490.32,1.095,-3.223,4.318,54.39,508.25,484.53,460.81,0.0979,16.35,68.14,77.32,7425578,-0.0141
2023-12-07,ETHIO_COFFEE,500.23,501.47,489.47,498.02,498.02,150989,485.79,499.6,446.56,492.43,490.89,1.541,-2.271,3.811,53.56,509.57,485.79,462.01,0.0979,16.04,65.14,71.57,7274589,-0.0032
2023-12-08,ETHIO_COFFEE,493.34,497.89,486.75,490.45,490.45,212453,486.08,498.26,447.47,492.12,490.86,1.269,-1.563,2.831,49.73,509.94,486.08,462.22,0.0982,15.7,51.11,61.47,7062136,-0.0152
2023-12-11,ETHIO_COFFEE,493.7,502.47,488.61,494.68,494.68,122434,485.98,497.11,448.43,492.52,491.14,1.378,-0.975,2.353,51.8,509.68,485.98,462.28,0.0975,15.57,58.95,58.4,7184570,0.0086
2023-12-12,ETHIO_COFFEE,493.44,506.1,487.97,503.08,503.08,218551,486.62,496.09,449.39,494.14,492.02,2.119,-0.356,2.475,55.71,511.41,486.62,461.82,0.1019,15.75,71.88,60.65,7403121,0.017
2023-12-13,ETHIO_COFFEE,501.03,519.4,497.62,513.22,513.22,252222,488.16,495.4,450.45,497.08,493.59,3.484,0.412,3.072,59.93,515.42,488.16,460.9,0.1117,16.18,87.99,72.94,7655343,0.0202
2023-12-14,ETHIO_COFFEE,515.72,518.81,505.66,510.11,510.11,143821,490.09,495.13,451.51,499.08,494.82,4.265,1.183,3.083,58.1,517.82,490.09,462.37,0.1132,15.97,81.95,80.61,7511522,-0.0061
2023-12-15,ETHIO_COFFEE,510.56,537.23,504.11,534.97,534.97,290528,492.84,495.34,452.7,504.6,497.79,6.812,2.309,4.504,66.81,526.32,492.84,459.35,0.1359,17.19,96.56,88.83,7802050,0.0487
2023-12-18,ETHIO_COFFEE,537.87,552.47,537.74,541.97,541.97,183212,496.45,495.93,453.87,510.35,501.06,9.288,3.705,5.584,68.78,534.46,496.45,458.45,0.1531,17.21,87.03,88.51,7985262,0.0131
2023-12-19,ETHIO_COFFEE,544.3,549.61,520.27,528.42,528.42,208619,499.51,496.53,454.96,513.13,503.09,10.042,4.972,5.07,61.21,537.47,499.51,461.55,0.152,18.08,69.46,84.35,7776643,-0.025
2023-12-20,ETHIO_COFFEE,529.93,533.85,518.81,528.22,528.22,190108,502.21,497.22,456.07,515.45,504.95,10.501,6.078,4.424,61.1,540.28,502.21,464.14,0.1516,17.86,69.21,75.23,7586535,-0.0004
2023-12-21,ETHIO_COFFEE,530.13,530.62,509.11,512.59,512.59,229393,503.83,497.69,457.06,515.01,505.52,9.495,6.761,2.734,53.27,540.75,503.83,466.9,0.1466,18.12,39.32,59.33,7357142,-0.0296
2023-12-22,ETHIO_COFFEE,509.21,518.26,504.98,514.1,514.1,137921,505.69,497.98,458.05,514.87,506.15,8.719,7.153,1.566,53.89,540.69,505.69,470.7,0.1384,17.78,41.62,50.05,7495063,0.0029
2023-12-25,ETHIO_COFFEE,515.92,526.95,512.68,526.19,526.19,230266,507.29,498.3,459.04,516.61,507.64,8.976,7.517,1.458,58.59,542.96,507.29,471.63,0.1406,17.53,60.01,46.98,7725329,0.0235
2023-12-26,ETHIO_COFFEE,525.84,532.39,516.45,523.75,523.75,194286,509.6,498.45,460.0,517.71,508.83,8.88,7.79,1.09,57.32,543.21,509.6,475.98,0.1319,17.41,56.3,52.64,7531043,-0.0046
2023-12-27,ETHIO_COFFEE,522.86,527.26,515.86,517.82,517.82,176471,511.7,498.56,460.87,517.73,509.5,8.231,7.878,0.353,54.24,541.65,511.7,481.74,0.1171,16.98,47.28,54.53,7354572,-0.0113
2023-12-28,ETHIO_COFFEE,516.33,517.84,512.77,514.77,514.77,131454,513.12,498.4,461.71,517.27,509.89,7.386,7.78,-0.394,52.68,540.74,513.12,485.49,0.1077,16.13,41.55,48.38,7223118,-0.0059
2023-12-29,ETHIO_COFFEE,519.96,524.41,496.71,500.81,500.81,229839,513.35,497.83,462.5,514.74,509.22,5.525,7.329,-1.804,46.12,540.47,513.35,486.22,0.1057,16.96,19.91,36.24,6993279,-0.0271
2024-01-01,ETHIO_COFFEE,504.76,507.67,486.09,492.68,492.68,255352,512.62,497.23,463.21,511.35,507.99,3.356,6.534,-3.178,42.78,541.11,512.62,484.12,0.1112,17.29,9.93,23.8,6737927,-0.0162
2024-01-02,ETHIO_COFFEE,489.14,493.88,485.67,492.51,492.51,148259,511.9,496.62,463.91,508.45,506.84,1.605,5.548,-3.944,42.71,541.63,511.9,482.17,0.1162,16.64,10.24,13.36,6589668,-0.0003
2024-01-03,ETHIO_COFFEE,491.21,499.24,490.81,498.38,498.38,165840,511.84,496.17,464.64,506.9,506.22,0.683,4.575,-3.892,45.98,541.68,511.84,482.0,0.1166,16.05,19.03,13.06,6755508,0.0119
2024-01-04,ETHIO_COFFEE,498.98,500.52,480.96,484.48,484.48,276156,511.16,495.34,465.29,503.45,504.61,-1.156,3.429,-4.585,40.13,542.78,511.16,479.54,0.1237,16.3,4.92,11.4,6479352,-0.0279
2024-01-05,ETHIO_COFFEE,486.87,488.41,475.53,482.83,482.83,213359,510.78,494.68,465.89,500.28,502.99,-2.716,2.2,-4.916,39.49,543.55,510.78,478.0,0.1283,16.06,9.85,11.27,6265993,-0.0034
