Date,Ticker,Open,High,Low,Close,AdjClose,Volume,SMA_20,SMA_50,SMA_200,EMA_12,EMA_26,MACD,MACD_Signal,MACD_Hist,RSI_14,BB_Upper,BB_Middle,BB_Lower,BB_Width,ATR_14,Stoch_K,Stoch_D,OBV,Daily_Return
2021-01-01,MSFT,219.68,224.06,217.31,218.27,218.27,28877339,,,,,,,,,,,,,,,,,0,0.0
2021-01-04,MSFT,217.69,217.98,215.7,217.28,217.28,30551288,,,,,,,,,,,,,,,,,-30551288,-0.0045
2021-01-05,MSFT,219.81,220.99,218.95,219.51,219.51,19754852,,,,,,,,,,,,,,,,,-10796436,0.0103
2021-01-06,MSFT,218.57,221.83,218.26,220.1,220.1,32148692,,,,,,,,,,,,,,,,,21352256,0.0027
2021-01-07,MSFT,220.48,222.01,217.73,218.45,218.45,24058165,,,,,,,,,,,,,,,,,-2705909,-0.0075
2021-01-08,MSFT,217.12,222.95,213.64,220.86,220.86,33017814,,,,,,,,,,,,,,,,,30311905,0.011
2021-01-11,MSFT,221.57,224.02,216.91,218.56,218.56,24407819,,,,,,,,,,,,,,,,,5904086,-0.0104
2021-01-12,MSFT,218.83,219.07,214.5,214.84,214.84,38960412,,,,,,,,,,,,,,,,,-33056326,-0.017
2021-01-13,MSFT,214.91,219.52,214.49,219.22,219.22,30682788,,,,,,,,,,,,,,,,,-2373538,0.0204
2021-01-14,MSFT,219.44,222.46,216.52,221.18,221.18,27809247,,,,,,,,,,,,,,,,,25435709,0.0089
2021-01-15,MSFT,220.26,224.31,219.23,219.27,219.27,25203054,,,,,,,,,,,,,,,,,232655,-0.0086
2021-01-18,MSFT,218.16,223.07,217.97,222.98,222.98,30013113,,,,219.21,,,,,,,,,,,,,30245768,0.0169
2021-01-19,MSFT,223.17,230.2,221.8,226.27,226.27,39141016,,,,220.3,,,,,,,,,,,,,69386784,0.0148
2021-01-20,MSFT,227.36,231.03,223.68,230.45,230.45,38176795,,,,221.86,,,,,,,,,,5.63,96.66,,107563579,0.0185
2021-01-21,MSFT,230.96,233.03,227.67,232.13,232.13,35656161,,,,223.44,,,,,69.8,,,,,5.61,95.36,,143219740,0.0073
2021-01-22,MSFT,232.85,236.22,221.62,225.53,225.53,48698163,,,,223.76,,,,,58.02,,,,,6.25,52.66,81.56,94521577,-0.0284
2021-01-25,MSFT,225.86,228.82,224.25,225.18,225.18,25125589,,,,223.98,,,,,57.46,,,,,6.13,51.11,66.37,69395988,-0.0016
2021-01-26,MSFT,225.47,228.45,224.68,228.05,228.05,39622146,,,,224.61,,,,,60.77,,,,,5.96,63.82,55.86,109018134,0.0127
2021-01-27,MSFT,228.74,233.16,224.62,228.37,228.37,34077269,,,,225.18,,,,,61.13,,,,,6.15,65.23,60.05,143095403,0.0014
2021-01-28,MSFT,228.79,231.25,224.53,228.06,228.06,19317202,222.73,,,225.63,,,,,60.55,232.3,222.73,213.16,0.0859,6.19,62.45,63.83,123778201,-0.0014
2021-01-29,MSFT,226.56,229.11,223.2,223.87,223.87,37501732,223.01,,,225.36,,,,,53.15,232.37,223.01,213.65,0.0839,6.17,43.17,56.95,86276469,-0.0184
2021-02-01,MSFT,224.67,226.04,222.24,224.41,224.41,27460387,223.36,,,225.21,,,,,53.94,232.36,223.36,214.37,0.0805,6.0,45.65,50.42,113736856,0.0024
2021-02-02,MSFT,226.46,227.19,217.85,220.76,220.76,45734203,223.43,,,224.53,,,,,48.1,232.33,223.43,214.52,0.0797,6.24,21.52,36.78,68002653,-0.0163
2021-02-03,MSFT,220.95,221.09,219.48,220.2,220.2,21776158,223.43,,,223.86,,,,,47.25,232.33,223.43,214.54,0.0796,5.91,12.79,26.66,46226495,-0.0025
2021-02-04,MSFT,220.83,224.25,219.25,222.76,222.76,33505417,223.65,,,223.69,,,,,51.45,232.25,223.65,215.04,0.077,5.84,26.73,20.35,79731912,0.0116
2021-02-05,MSFT,221.39,223.32,218.65,220.85,220.85,28327748,223.65,,,223.25,222.59,0.661,,,48.36,232.25,223.65,215.04,0.077,5.76,16.33,18.62,51404164,-0.0086
2021-02-08,MSFT,221.75,225.38,219.03,224.12,224.12,35704565,223.93,,,223.39,222.71,0.682,,,53.51,232.21,223.93,215.64,0.074,5.8,34.13,25.73,87108729,0.0148
2021-02-09,MSFT,225.2,226.83,224.24,224.71,224.71,19286057,224.42,,,223.59,222.85,0.737,,,54.4,231.58,224.42,217.26,0.0638,5.58,37.34,29.27,106394786,0.0026
2021-02-10,MSFT,225.69,235.32,223.51,235.18,235.18,50198045,225.22,,,225.37,223.77,1.606,,,66.55,233.37,225.22,217.06,0.0724,6.02,94.34,55.27,156592831,0.0466
2021-02-11,MSFT,236.83,240.33,233.82,234.93,234.93,29663184,225.9,,,226.84,224.59,2.25,,,66.1,234.86,225.9,216.95,0.0793,6.06,75.98,69.22,126929647,-0.0011
2021-02-12,MSFT,234.68,245.37,233.9,243.26,243.26,43689798,227.1,,,229.37,225.98,3.393,,,72.75,238.32,227.1,215.88,0.0988,6.45,92.33,87.55,170619445,0.0355
2021-02-15,MSFT,244.76,247.03,240.1,242.94,242.94,36225833,228.1,,,231.46,227.23,4.224,,,72.17,241.09,228.1,215.11,0.1139,6.48,85.98,84.77,134393612,-0.0013
2021-02-16,MSFT,243.57,248.89,240.46,248.57,248.57,39844611,229.22,,,234.09,228.81,5.276,,,75.85,244.93,229.22,213.51,0.1371,6.62,98.97,92.43,174238223,0.0232
2021-02-17,MSFT,248.27,257.6,245.21,255.62,255.62,34872212,230.47,,,237.4,230.8,6.603,2.826,3.777,79.51,249.96,230.47,210.99,0.1691,7.03,95.02,93.32,209110435,0.0284
2021-02-18,MSFT,254.46,255.36,252.78,255.2,255.2,22746764,231.63,,,240.14,232.61,7.533,3.767,3.766,78.75,253.9,231.63,209.36,0.1923,6.73,93.96,95.98,186363671,-0.0016
2021-02-19,MSFT,254.7,256.34,253.22,256.18,256.18,23152181,233.16,,,242.61,234.35,8.255,4.665,3.59,79.25,257.65,233.16,208.67,0.2101,6.47,96.43,95.14,209515852,0.0038
2021-02-22,MSFT,254.65,258.55,250.42,256.03,256.03,28056040,234.7,,,244.67,235.96,8.714,5.475,3.24,78.94,260.82,234.7,208.59,0.2225,6.59,93.68,94.69,181459812,-0.0006
2021-02-23,MSFT,256.21,262.62,255.83,258.95,258.95,38925410,236.25,,,246.87,237.66,9.208,6.221,2.986,80.53,264.2,236.25,208.3,0.2366,6.61,91.65,93.92,220385222,0.0114
2021-02-24,MSFT,258.89,263.44,253.71,256.68,256.68,27597105,237.66,,,248.38,239.07,9.308,6.839,2.47,75.76,266.72,237.66,208.61,0.2445,6.83,84.91,90.08,192788117,-0.0088
2021-02-25,MSFT,255.63,267.17,254.41,264.75,264.75,37594150,239.5,,,250.9,240.97,9.925,7.456,2.469,80.24,270.47,239.5,208.53,0.2586,7.25,94.97,90.51,230382267,0.0314
2021-02-26,MSFT,264.97,269.05,262.54,266.16,266.16,37130569,241.61,,,253.25,242.84,10.407,8.046,2.361,80.9,273.78,241.61,209.45,0.2662,7.2,93.65,91.18,267512836,0.0053
2021-03-01,MSFT,263.87,264.91,255.82,256.52,256.52,32457296,243.22,,,253.75,243.85,9.897,8.416,1.481,64.85,274.99,243.22,211.45,0.2613,7.42,72.49,87.04,235055540,-0.0362
2021-03-02,MSFT,257.9,259.85,255.76,255.92,255.92,25453465,244.98,,,254.08,244.75,9.337,8.601,0.737,64.0,275.45,244.98,214.5,0.2488,7.19,62.73,76.29,209602075,-0.0023
2021-03-03,MSFT,254.8,257.05,254.33,255.82,255.82,34427545,246.76,,,254.35,245.57,8.784,8.637,0.147,63.85,275.33,246.76,218.18,0.2316,6.87,62.36,65.86,175174530,-0.0004
2021-03-04,MSFT,254.88,263.92,254.07,261.97,261.97,31988185,248.72,,,255.52,246.78,8.741,8.658,0.083,68.72,275.78,248.72,221.66,0.2176,7.08,75.54,66.88,207162715,0.024
2021-03-05,MSFT,264.34,265.91,259.38,259.68,259.68,28962209,250.66,,,256.16,247.74,8.426,8.612,-0.186,65.2,274.87,250.66,226.45,0.1931,7.04,67.23,68.38,178200506,-0.0087
2021-03-08,MSFT,260.76,266.76,258.57,262.38,262.38,33869599,252.57,,,257.12,248.82,8.297,8.549,-0.251,67.32,273.97,252.57,231.17,0.1694,7.12,72.02,71.6,212070105,0.0104
2021-03-09,MSFT,261.62,263.33,259.96,263.04,263.04,29423793,254.49,,,258.03,249.87,8.155,8.47,-0.315,67.84,272.09,254.49,236.89,0.1383,6.85,67.74,69.0,241493898,0.0025
2021-03-10,MSFT,263.56,274.02,261.27,271.75,271.75,44623422,256.32,,,260.14,251.5,8.646,8.505,0.14,73.75,273.1,256.32,239.54,0.1309,7.28,90.38,76.71,286117320,0.0331
2021-03-11,MSFT,270.3,273.23,265.38,268.52,268.52,37206203,258.0,237.33,,261.43,252.76,8.674,8.539,0.135,68.71,272.44,258.0,243.56,0.1119,7.32,76.69,78.27,248911117,-0.0119
2021-03-12,MSFT,266.26,266.73,260.12,260.77,260.77,39565729,258.87,238.18,,261.33,253.35,7.978,8.427,-0.448,58.4,271.66,258.87,246.08,0.0988,7.39,34.76,67.28,209345388,-0.0289
2021-03-15,MSFT,261.7,269.41,258.36,266.17,266.17,26806171,260.03,239.15,,262.07,254.3,7.774,8.296,-0.522,62.61,270.9,260.03,249.17,0.0836,7.66,61.35,57.6,236151559,0.0207
2021-03-16,MSFT,266.05,268.04,265.99,267.87,267.87,23125123,261.0,240.12,,262.96,255.3,7.66,8.169,-0.509,63.85,271.02,261.0,250.98,0.0768,7.26,69.17,55.09,259276682,0.0064
2021-03-17,MSFT,267.67,277.45,266.9,276.06,276.06,45205225,262.02,241.24,,264.98,256.84,8.137,8.163,-0.025,69.16,273.67,262.02,250.37,0.0889,7.49,94.05,74.86,304481907,0.0306
2021-03-18,MSFT,274.14,279.36,267.63,278.54,278.54,38270651,263.19,242.44,,267.07,258.45,8.616,8.253,0.363,70.57,276.44,263.19,249.94,0.1007,7.79,96.76,86.66,342752558,0.009
2021-03-19,MSFT,277.6,281.15,275.07,277.79,277.79,26868010,264.27,243.58,,268.72,259.88,8.834,8.369,0.464,69.53,278.54,264.27,250.0,0.108,7.67,87.59,92.8,315884548,-0.0027
2021-03-22,MSFT,278.0,282.35,266.78,269.07,269.07,34371807,264.92,244.59,,268.77,260.56,8.208,8.337,-0.129,58.75,278.81,264.92,251.03,0.1049,8.24,53.04,79.13,281512741,-0.0314
2021-03-23,MSFT,268.71,272.44,263.17,263.41,263.41,32361315,265.14,245.56,,267.95,260.77,7.172,8.104,-0.932,53.0,278.79,265.14,251.5,0.1029,8.31,33.03,57.89,249151426,-0.021
2021-03-24,MSFT,262.24,265.94,255.87,260.11,260.11,25793244,265.31,246.38,,266.74,260.72,6.016,7.686,-1.671,49.93,278.61,265.31,252.02,0.1002,8.43,16.01,34.03,223358182,-0.0125
2021-03-25,MSFT,261.07,264.47,260.65,263.46,263.46,35397126,265.25,247.23,,266.24,260.93,5.308,7.211,-1.902,52.91,278.57,265.25,251.93,0.1004,8.14,28.66,25.9,258755308,0.0129
2021-03-26,MSFT,264.31,270.08,262.58,268.08,268.08,38894418,265.35,248.2,,266.52,261.46,5.062,6.781,-1.719,56.73,278.72,265.35,251.98,0.1008,8.1,46.11,30.26,297649726,0.0175
2021-03-29,MSFT,267.45,273.62,265.5,269.85,269.85,37150521,266.01,249.14,,267.03,262.08,4.953,6.416,-1.462,58.14,278.88,266.01,253.15,0.0967,8.1,52.79,42.52,334800247,0.0066
2021-03-30,MSFT,268.32,280.52,267.94,274.32,274.32,41632003,266.93,250.1,,268.15,262.99,5.168,6.166,-0.998,61.53,279.4,266.93,254.46,0.0934,8.42,69.68,56.19,376432250,0.0166
2021-03-31,MSFT,271.61,279.51,270.26,275.67,275.67,35202322,267.93,251.0,,269.31,263.92,5.384,6.01,-0.625,62.52,279.85,267.93,256.0,0.089,8.48,74.77,65.75,411634572,0.0049
2021-04-01,MSFT,275.75,280.11,272.77,279.46,279.46,34068556,268.8,251.95,,270.87,265.08,5.795,5.967,-0.171,65.22,281.39,268.8,256.21,0.0937,8.4,89.09,77.84,445703128,0.0137
2021-04-02,MSFT,281.04,286.16,273.99,278.83,278.83,31102724,269.76,253.02,,272.1,266.09,6.001,5.974,0.027,64.39,282.34,269.76,257.17,0.0933,8.67,75.8,79.89,414600404,-0.0023
2021-04-05,MSFT,278.3,281.29,275.82,279.24,279.24,33668931,270.6,254.1,,273.19,267.07,6.126,6.004,0.122,64.7,283.36,270.6,257.85,0.0943,8.44,77.15,80.68,448269335,0.0015
2021-04-06,MSFT,279.73,283.76,279.73,281.6,281.6,23309199,271.53,255.17,,274.49,268.14,6.343,6.072,0.271,66.53,284.64,271.53,258.41,0.0966,8.16,84.95,79.3,471578534,0.0085
2021-04-07,MSFT,282.72,285.06,281.22,284.65,284.65,35010719,272.17,256.29,,276.05,269.37,6.684,6.194,0.49,68.79,286.48,272.17,257.86,0.1052,7.85,95.01,85.7,506589253,0.0108
2021-04-08,MSFT,285.09,288.33,284.82,288.18,288.18,28559293,273.16,257.5,,277.92,270.76,7.156,6.387,0.77,71.21,288.95,273.16,257.36,0.1156,7.55,99.54,93.17,535148546,0.0124
2021-04-09,MSFT,288.95,291.76,287.95,290.59,290.59,32932612,274.65,258.83,,279.87,272.23,7.637,6.637,1.0,72.76,291.1,274.65,258.19,0.1198,7.28,96.74,97.1,568081158,0.0084
2021-04-12,MSFT,290.07,295.52,288.32,294.01,294.01,37814610,276.04,260.22,,282.04,273.84,8.2,6.949,1.25,74.84,294.03,276.04,258.05,0.1303,7.28,96.19,97.49,605895768,0.0118
2021-04-13,MSFT,293.41,296.48,288.43,291.08,291.08,27053253,277.2,261.63,,283.43,275.12,8.313,7.222,1.091,69.93,295.91,277.2,258.49,0.135,7.33,84.93,92.62,578842515,-0.01
2021-04-14,MSFT,290.59,291.97,282.48,288.46,288.46,38243818,277.82,263.0,,284.21,276.11,8.098,7.397,0.701,65.77,297.15,277.82,258.49,0.1391,7.49,76.34,85.82,540598697,-0.009
2021-04-15,MSFT,290.88,294.46,290.5,294.37,294.37,25391014,278.61,264.43,,285.77,277.46,8.309,7.58,0.73,70.09,299.25,278.61,257.98,0.1481,7.38,93.19,84.82,565989711,0.0205
2021-04-16,MSFT,295.46,296.87,285.13,286.53,286.53,40401866,279.05,265.74,,285.89,278.13,7.754,7.615,0.14,59.38,299.96,279.05,258.13,0.1499,7.69,64.26,77.93,525587845,-0.0266
2021-04-19,MSFT,286.13,291.92,284.5,289.78,289.78,35797826,280.08,267.05,,286.49,279.0,7.491,7.59,-0.099,61.97,300.97,280.08,259.2,0.1491,7.67,73.36,76.93,561385671,0.0113
2021-04-20,MSFT,287.87,298.27,287.75,296.61,296.61,34933464,281.74,268.49,,288.04,280.3,7.743,7.621,0.123,66.78,302.34,281.74,261.15,0.1462,7.88,93.49,77.03,596319135,0.0236
2021-04-21,MSFT,295.84,299.09,291.8,293.51,293.51,32193906,283.41,269.66,,288.88,281.28,7.606,7.618,-0.012,62.89,302.05,283.41,264.78,0.1315,7.83,77.77,81.54,564125229,-0.0105
2021-04-22,MSFT,292.69,297.14,289.48,293.0,293.0,32421535,284.89,270.82,,289.52,282.15,7.371,7.568,-0.198,62.25,301.54,284.89,268.24,0.1169,7.82,73.83,81.7,531703694,-0.0017
2021-04-23,MSFT,292.2,296.56,291.38,294.17,294.17,33419689,286.2,271.84,,290.23,283.04,7.196,7.494,-0.298,63.18,301.4,286.2,270.99,0.1062,7.63,74.59,75.39,565123383,0.004
2021-04-26,MSFT,296.72,300.09,293.5,297.51,297.51,27303126,287.58,272.93,,291.35,284.11,7.243,7.444,-0.2,65.77,301.56,287.58,273.59,0.0973,7.56,86.33,78.25,592426509,0.0114
2021-04-27,MSFT,299.48,304.38,296.69,302.89,302.89,36461868,289.01,274.02,,293.13,285.5,7.627,7.48,0.147,69.48,303.12,289.01,274.89,0.0977,7.57,93.2,84.7,628888377,0.0181
2021-04-28,MSFT,302.14,303.87,299.69,301.33,301.33,26193432,290.29,274.93,,294.39,286.67,7.716,7.528,0.189,67.2,303.98,290.29,276.6,0.0943,7.33,86.07,88.53,602694945,-0.0052
2021-04-29,MSFT,302.12,305.89,294.53,295.45,295.45,37082230,291.09,275.74,,294.55,287.32,7.229,7.468,-0.239,59.31,304.0,291.09,278.18,0.0887,7.61,55.4,78.22,565612715,-0.0195
2021-04-30,MSFT,294.24,303.71,291.24,297.39,297.39,23863366,292.02,276.56,,294.99,288.07,6.92,7.358,-0.438,60.94,303.9,292.02,280.14,0.0814,7.96,63.69,68.39,589476081,0.0066
2021-05-03,MSFT,295.94,299.97,293.91,299.3,299.3,26996018,293.02,277.43,,295.65,288.9,6.752,7.237,-0.486,62.53,303.75,293.02,282.29,0.0732,7.83,71.85,63.65,616472099,0.0064
2021-05-04,MSFT,298.55,304.76,297.79,301.58,301.58,27565730,294.02,278.28,,296.56,289.84,6.724,7.135,-0.41,64.4,304.0,294.02,284.04,0.0679,7.76,79.85,71.8,644037829,0.0076
2021-05-05,MSFT,299.83,304.56,298.83,303.42,303.42,35597352,294.96,279.21,,297.62,290.85,6.773,7.062,-0.289,65.87,304.77,294.96,285.15,0.0665,7.62,88.45,80.05,679635181,0.0061
2021-05-06,MSFT,303.57,308.93,302.36,306.88,306.88,27893298,295.89,280.06,,299.04,292.03,7.01,7.052,-0.042,68.52,306.47,295.89,285.31,0.0715,7.54,91.61,86.64,707528479,0.0114
2021-05-07,MSFT,305.91,308.75,298.94,300.56,300.56,39921211,296.39,280.74,,299.28,292.67,6.612,6.964,-0.352,59.46,306.87,296.39,285.92,0.0707,7.71,60.48,80.18,667607268,-0.0206
2021-05-10,MSFT,305.26,307.87,303.12,303.51,303.51,34807640,296.87,281.68,,299.93,293.47,6.46,6.863,-0.403,61.98,307.72,296.87,286.01,0.0731,7.68,72.13,74.74,702414908,0.0098
2021-05-11,MSFT,304.73,308.27,297.95,304.47,304.47,33257762,297.54,282.65,,300.63,294.28,6.344,6.759,-0.416,62.8,308.53,297.54,286.54,0.0739,7.87,77.07,69.89,735672670,0.0032
2021-05-12,MSFT,305.3,310.31,304.87,310.0,310.0,29065814,298.61,283.74,,302.07,295.45,6.621,6.732,-0.11,67.15,310.05,298.61,287.17,0.0766,7.72,98.37,82.53,764738484,0.0182
2021-05-13,MSFT,308.37,309.77,304.81,308.91,308.91,19833811,299.34,284.68,,303.12,296.44,6.677,6.721,-0.044,65.52,311.44,299.34,287.24,0.0808,7.54,92.66,89.37,744904673,-0.0035
2021-05-14,MSFT,309.44,310.67,305.9,308.33,308.33,31812011,300.43,285.65,,303.92,297.33,6.597,6.696,-0.098,64.63,311.61,300.43,289.25,0.0744,7.34,87.96,93.0,713092662,-0.0019
2021-05-17,MSFT,309.57,311.49,305.47,306.44,306.44,32131930,301.26,286.53,,304.31,298.0,6.31,6.619,-0.309,61.66,311.59,301.26,290.93,0.0686,7.25,75.06,85.23,680960732,-0.0061
2021-05-18,MSFT,305.9,307.42,305.37,307.24,307.24,28236157,301.79,287.41,,304.76,298.68,6.076,6.51,-0.434,62.45,312.2,301.79,291.38,0.069,6.88,79.01,80.68,709196889,0.0026
2021-05-19,MSFT,308.31,313.91,305.44,312.09,312.09,28561397,302.72,288.22,,305.89,299.68,6.211,6.45,-0.24,66.88,313.32,302.72,292.12,0.07,6.99,91.97,82.02,737758286,0.0158
2021-05-20,MSFT,309.51,315.63,308.72,312.59,312.59,38046634,303.7,289.1,,306.92,300.63,6.285,6.417,-0.132,67.3,314.15,303.7,293.26,0.0688,6.99,86.0,85.66,775804920,0.0016
2021-05-21,MSFT,311.62,322.98,310.74,315.87,315.87,27081219,304.79,290.2,,308.3,301.76,6.534,6.44,0.093,70.04,315.55,304.79,294.03,0.0706,7.36,71.77,83.25,802886139,0.0105
2021-05-24,MSFT,313.71,319.82,310.74,316.48,316.48,26791616,305.74,291.21,,309.56,302.85,6.702,6.493,0.21,70.54,317.09,305.74,294.38,0.0743,7.48,74.03,77.27,829677755,0.0019
2021-05-25,MSFT,314.51,323.89,307.79,320.84,320.84,40386936,306.63,292.27,,311.29,304.19,7.106,6.615,0.491,73.85,319.66,306.63,293.6,0.085,8.1,88.24,78.02,870064691,0.0138
2021-05-26,MSFT,320.97,324.6,317.25,322.52,322.52,32567011,307.69,293.2,,313.02,305.54,7.475,6.787,0.688,75.02,322.19,307.69,293.2,0.0942,8.05,92.2,84.82,902631702,0.0052
2021-05-27,MSFT,321.26,332.7,319.44,332.15,332.15,35929785,309.53,294.27,,315.96,307.51,8.448,7.12,1.328,80.42,326.45,309.53,292.61,0.1093,8.42,98.42,92.95,938561487,0.0299
2021-05-28,MSFT,333.15,337.21,324.9,328.65,328.65,34981094,311.09,295.29,,317.91,309.08,8.834,7.462,1.372,74.15,328.99,311.09,293.2,0.115,8.7,78.2,89.6,903580393,-0.0105
2021-05-31,MSFT,325.87,332.75,322.36,332.41,332.41,34692070,312.75,296.56,,320.14,310.81,9.336,7.837,1.499,76.29,332.04,312.75,293.45,0.1234,8.82,85.19,87.27,938272463,0.0114
2021-06-01,MSFT,332.03,334.89,322.48,327.51,327.51,36136124,314.04,297.84,,321.28,312.05,9.232,8.116,1.116,68.35,333.65,314.04,294.44,0.1248,9.07,70.06,77.81,902136339,-0.0147
2021-06-02,MSFT,329.41,330.87,327.41,327.83,327.83,21756473,315.26,299.19,,322.29,313.21,9.071,8.307,0.764,68.58,335.11,315.26,295.42,0.1259,8.67,70.54,75.26,923892812,0.001
2021-06-03,MSFT,328.89,329.18,316.23,317.16,317.16,51375009,315.78,300.27,,321.5,313.51,7.99,8.244,-0.254,54.39,335.25,315.78,296.3,0.1234,8.98,37.03,59.21,872517803,-0.0325
2021-06-04,MSFT,315.24,319.05,315.15,316.59,316.59,25481100,316.58,301.24,,320.74,313.74,7.007,7.996,-0.99,53.75,334.76,316.58,298.4,0.1149,8.62,35.24,47.6,847036703,-0.0018
2021-06-07,MSFT,316.67,319.36,311.78,314.61,314.61,31967504,317.13,302.13,,319.8,313.8,5.999,7.597,-1.598,51.49,334.34,317.13,299.93,0.1085,8.54,28.86,33.71,815069199,-0.0063
2021-06-08,MSFT,314.68,318.69,305.61,309.01,309.01,41692689,317.36,302.83,,318.14,313.45,4.694,7.016,-2.323,45.63,334.0,317.36,300.72,0.1049,8.87,10.76,24.95,773376510,-0.0178
2021-06-09,MSFT,307.1,314.24,304.8,314.13,314.13,29827909,317.57,303.59,,317.52,313.5,4.026,6.418,-2.392,51.11,333.94,317.57,301.2,0.1031,8.91,28.79,22.8,803204419,0.0166
2021-06-10,MSFT,311.39,320.15,309.92,316.6,316.6,39834863,317.95,304.34,,317.38,313.73,3.654,5.865,-2.211,53.54,333.84,317.95,302.06,0.1,9.0,36.41,25.32,843039282,0.0079
2021-06-11,MSFT,316.0,323.69,313.58,318.36,318.36,38218526,318.45,305.13,,317.53,314.07,3.462,5.385,-1.923,55.25,333.72,318.45,303.19,0.0959,9.08,41.84,35.68,881257808,0.0056
2021-06-14,MSFT,316.41,321.82,312.99,317.34,317.34,23953838,319.0,305.89,,317.5,314.31,3.19,4.946,-1.756,54.01,333.26,319.0,304.74,0.0894,9.06,38.69,38.98,857303970,-0.0032
2021-06-15,MSFT,318.2,330.12,316.5,325.81,325.81,40830132,319.93,306.77,,318.78,315.16,3.617,4.68,-1.063,61.69,333.4,319.93,306.46,0.0842,9.39,64.83,48.45,898134102,0.0267
2021-06-16,MSFT,326.81,330.96,321.53,330.21,330.21,36302222,320.83,307.69,,320.54,316.28,4.261,4.596,-0.336,64.96,334.51,320.83,307.16,0.0852,9.39,78.4,60.64,934436324,0.0135
2021-06-17,MSFT,330.97,332.73,326.55,329.21,329.21,30746465,321.66,308.51,,321.87,317.24,4.637,4.604,0.032,63.63,335.25,321.66,308.07,0.0845,9.16,81.12,74.78,903689859,-0.003
2021-06-18,MSFT,328.79,336.21,325.47,333.69,333.69,32388264,322.56,309.37,,323.69,318.45,5.236,4.731,0.505,66.9,336.83,322.56,308.28,0.0885,9.27,91.98,83.83,936078123,0.0136
2021-06-21,MSFT,331.48,338.9,329.88,333.61,333.61,24145827,323.41,310.16,,325.22,319.58,5.639,4.912,0.727,66.79,338.17,323.41,308.65,0.0913,9.26,84.49,85.86,911932296,-0.0002
2021-06-22,MSFT,332.68,338.4,332.19,334.6,334.6,29895252,324.1,311.03,,326.66,320.69,5.97,5.124,0.846,67.54,339.58,324.1,308.62,0.0955,9.04,87.39,87.95,941827548,0.003
2021-06-23,MSFT,335.68,339.63,333.29,339.16,339.16,30065389,324.93,312.04,,328.58,322.06,6.525,5.404,1.121,70.8,341.72,324.93,308.15,0.1033,8.85,98.65,90.18,971892937,0.0136
2021-06-24,MSFT,339.7,342.48,330.08,336.52,336.52,38767759,325.15,312.89,,329.8,323.13,6.675,5.658,1.017,66.63,342.41,325.15,307.89,0.1062,9.1,84.18,90.07,933125178,-0.0078
2021-06-25,MSFT,337.52,341.8,335.26,338.39,338.39,30912780,325.64,313.92,,331.13,324.26,6.865,5.9,0.966,68.06,343.79,325.64,307.48,0.1115,8.92,89.15,90.66,964037958,0.0056
2021-06-28,MSFT,337.44,345.18,333.6,333.66,333.66,37162466,325.7,314.8,,331.52,324.96,6.559,6.032,0.527,60.92,343.96,325.7,307.44,0.1121,9.11,71.47,81.6,926875492,-0.014
2021-06-29,MSFT,336.23,343.39,332.19,333.83,333.83,33331339,326.02,315.55,,331.87,325.61,6.258,6.077,0.181,61.08,344.6,326.02,307.43,0.114,9.26,67.81,76.14,960206831,0.0005
2021-06-30,MSFT,333.12,339.35,330.91,338.79,338.79,42199025,326.56,316.45,,332.94,326.59,6.346,6.131,0.216,65.47,345.96,326.56,307.17,0.1188,9.2,80.15,73.14,1002405856,0.0149
2021-07-01,MSFT,338.97,340.19,334.54,339.34,339.34,27450336,327.67,317.38,,333.92,327.53,6.387,6.182,0.205,65.93,347.33,327.67,308.02,0.12,8.94,81.86,76.61,1029856192,0.0016
2021-07-02,MSFT,337.17,343.71,330.06,342.31,342.31,26276842,328.96,318.34,,335.21,328.63,6.583,6.262,0.321,68.37,348.91,328.96,309.01,0.1213,9.28,89.99,84.0,1056133034,0.0088
2021-07-05,MSFT,343.1,348.5,340.18,345.87,345.87,34141259,330.52,319.31,,336.85,329.91,6.946,6.399,0.547,71.05,350.63,330.52,310.42,0.1217,9.21,90.25,87.37,1090274293,0.0104
2021-07-06,MSFT,347.53,348.63,346.95,348.62,348.62,23710519,332.5,320.22,,338.66,331.29,7.37,6.593,0.777,72.95,351.52,332.5,313.49,0.1144,8.75,99.96,93.4,1113984812,0.008
2021-07-07,MSFT,351.01,352.16,347.84,348.07,348.07,30266009,334.2,321.16,,340.11,332.53,7.575,6.789,0.785,71.93,352.39,334.2,316.01,0.1089,8.43,84.68,91.63,1083718803,-0.0016
2021-07-08,MSFT,348.56,353.23,334.94,341.11,341.11,32997195,335.42,322.07,,340.26,333.17,7.093,6.85,0.243,60.42,351.93,335.42,318.92,0.0984,9.14,48.09,77.58,1050721608,-0.02
2021-07-09,MSFT,340.37,346.21,334.31,336.69,336.69,33716483,336.34,322.86,,339.71,333.43,6.283,6.737,-0.454,54.46,350.88,336.34,321.81,0.0864,9.34,28.61,53.79,1017005125,-0.013
2021-07-12,MSFT,339.83,343.31,323.39,330.11,330.11,43598999,336.98,323.47,,338.24,333.18,5.051,6.4,-1.348,47.03,349.03,336.98,324.93,0.0715,10.09,22.52,33.08,973406126,-0.0195
2021-07-13,MSFT,334.44,336.83,328.1,330.74,330.74,37183716,337.23,324.06,,337.08,333.0,4.079,5.936,-1.856,47.76,348.53,337.23,325.92,0.067,9.99,24.63,25.26,1010589842,0.0019
2021-07-14,MSFT,331.41,341.35,330.45,334.19,334.19,28167447,337.43,324.67,,336.64,333.09,3.546,5.458,-1.911,51.71,348.36,337.43,326.49,0.0648,10.06,36.19,27.78,1038757289,0.0104
2021-07-15,MSFT,334.09,341.99,328.95,340.92,340.92,30034759,338.01,325.35,,337.3,333.67,3.625,5.091,-1.466,58.34,348.36,338.01,327.66,0.0613,10.27,58.75,39.86,1068792048,0.0201
2021-07-16,MSFT,339.92,348.33,338.7,347.04,347.04,41960853,338.68,326.28,,338.8,334.66,4.134,4.9,-0.766,63.27,349.54,338.68,327.82,0.0641,10.23,79.26,58.07,1110752901,0.018
2021-07-19,MSFT,345.69,348.2,333.17,336.11,336.11,38686684,338.8,326.93,,338.38,334.77,3.613,4.643,-1.029,51.53,349.48,338.8,328.12,0.063,10.57,42.63,60.21,1072066217,-0.0315
2021-07-20,MSFT,331.94,338.53,328.55,337.25,337.25,27567932,338.94,327.59,,338.21,334.95,3.255,4.365,-1.11,52.52,349.47,338.94,328.4,0.0622,10.53,46.45,56.11,1099634149,0.0034
2021-07-21,MSFT,337.4,342.05,334.42,339.07,339.07,35086461,338.93,328.17,,338.34,335.26,3.083,4.109,-1.026,54.13,349.46,338.93,328.4,0.0622,10.32,52.55,47.21,1134720610,0.0054
2021-07-22,MSFT,335.14,339.35,329.22,339.16,339.16,29110593,339.06,328.78,,338.47,335.55,2.92,3.871,-0.951,54.22,349.54,339.06,328.59,0.0618,10.31,52.85,50.61,1163831203,0.0003
2021-07-23,MSFT,340.51,343.93,334.65,334.73,334.73,27014817,338.88,329.3,,337.89,335.49,2.406,3.578,-1.172,49.49,349.52,338.88,328.24,0.0628,10.23,38.0,47.8,1136816386,-0.0131
2021-07-26,MSFT,336.18,336.89,328.87,330.43,330.43,31021972,338.72,329.78,,336.74,335.11,1.632,3.189,-1.557,45.35,349.76,338.72,327.67,0.0652,10.08,23.59,38.15,1105794414,-0.0128
2021-07-27,MSFT,331.98,335.52,330.35,333.45,333.45,28621144,338.7,330.31,,336.24,334.99,1.249,2.801,-1.552,48.6,349.78,338.7,327.62,0.0654,9.73,33.71,31.77,1134415558,0.0091
2021-07-28,MSFT,331.38,333.94,328.36,333.63,333.63,37103797,338.44,330.74,,335.84,334.89,0.948,2.43,-1.482,48.8,349.74,338.44,327.14,0.0668,9.43,41.06,32.79,1171519355,0.0005
2021-07-29,MSFT,334.02,337.93,332.06,335.09,335.09,24788651,338.23,331.19,,335.72,334.9,0.818,2.108,-1.289,50.44,349.61,338.23,326.85,0.0673,9.17,46.91,40.56,1196308006,0.0044
2021-07-30,MSFT,335.27,335.54,334.25,335.3,335.3,28601073,337.88,331.58,,335.66,334.93,0.724,1.831,-1.107,50.69,349.17,337.88,326.59,0.0668,8.61,35.59,41.19,1224909079,0.0006
2021-08-02,MSFT,335.06,344.41,331.74,339.04,339.04,31116275,337.54,332.03,,336.18,335.24,0.94,1.653,-0.713,54.96,348.24,337.54,326.84,0.0634,8.9,53.48,45.33,1256025354,0.0112
2021-08-03,MSFT,338.84,344.98,336.52,340.21,340.21,28154834,337.12,332.42,,336.8,335.61,1.192,1.561,-0.368,56.24,346.64,337.12,327.6,0.0565,8.87,59.34,49.47,1284180188,0.0035
2021-08-04,MSFT,336.41,348.93,333.47,347.06,347.06,45425248,337.07,332.91,,338.38,336.45,1.923,1.633,0.29,62.89,346.36,337.07,327.77,0.0551,9.34,90.91,67.91,1329605436,0.0201
2021-08-05,MSFT,345.48,354.12,344.88,352.05,352.05,37693071,337.61,333.31,,340.48,337.61,2.871,1.881,0.99,66.84,348.87,337.61,326.35,0.0667,9.33,91.96,80.74,1367298507,0.0144
2021-08-06,MSFT,352.67,358.05,352.02,354.34,354.34,37170792,338.5,333.82,,342.61,338.85,3.764,2.257,1.507,68.5,351.89,338.5,325.1,0.0792,9.1,87.5,90.13,1404469299,0.0065
2021-08-09,MSFT,351.97,361.21,350.85,359.14,359.14,28854006,339.95,334.35,,345.16,340.35,4.804,2.767,2.037,71.69,355.51,339.95,324.38,0.0916,9.19,93.7,91.06,1433323305,0.0135
2021-08-10,MSFT,361.0,362.44,359.03,360.2,360.2,26610233,341.42,335.01,,347.47,341.82,5.648,3.343,2.305,72.36,358.7,341.42,324.14,0.1012,8.77,93.43,91.54,1459933538,0.003
2021-08-11,MSFT,362.65,364.51,346.83,352.61,352.61,42617124,342.34,335.5,,348.26,342.62,5.64,3.802,1.837,61.24,359.94,342.34,324.74,0.1028,9.41,67.08,84.74,1417316414,-0.0211
2021-08-12,MSFT,352.1,356.97,348.47,356.46,356.46,28256963,343.12,336.29,,349.52,343.65,5.876,4.217,1.659,64.24,361.74,343.12,324.49,0.1086,9.35,77.73,79.41,1445573377,0.0109
2021-08-13,MSFT,354.09,356.14,345.39,345.79,345.79,30144102,343.06,336.87,,348.95,343.8,5.143,4.402,0.741,52.18,361.64,343.06,324.48,0.1083,9.47,48.22,64.34,1415429275,-0.0299
2021-08-16,MSFT,344.56,347.53,341.64,341.82,341.82,35445866,343.34,337.42,,347.85,343.66,4.194,4.361,-0.167,48.53,361.66,343.34,325.02,0.1067,9.21,37.23,54.39,1379983409,-0.0115
2021-08-17,MSFT,340.83,349.24,336.32,338.46,338.46,21434961,343.4,338.01,,346.41,343.27,3.134,4.115,-0.981,45.62,361.65,343.4,325.16,0.1063,9.48,20.51,35.32,1358548448,-0.0098
2021-08-18,MSFT,340.53,341.67,337.55,339.33,339.33,33324140,343.41,338.51,,345.32,342.98,2.337,3.76,-1.422,46.52,361.65,343.41,325.18,0.1062,9.1,23.16,26.97,1391872588,0.0026
2021-08-19,MSFT,338.32,348.03,337.43,344.08,344.08,37026924,343.66,339.06,,345.13,343.06,2.065,3.421,-1.355,51.23,361.79,343.66,325.53,0.1055,9.2,37.66,27.11,1428899512,0.014
2021-08-20,MSFT,343.82,346.79,332.73,334.79,334.79,38991240,343.66,339.39,,343.54,342.45,1.088,2.954,-1.866,43.21,361.79,343.66,325.54,0.1055,9.55,6.48,22.43,1389908272,-0.027
2021-08-23,MSFT,332.0,338.23,330.52,337.25,337.25,27652912,344.0,339.79,,342.57,342.06,0.506,2.464,-1.959,45.64,361.36,344.0,326.65,0.1009,9.42,19.8,21.31,1417561184,0.0073
2021-08-24,MSFT,337.59,339.33,333.8,336.08,336.08,21915077,344.14,339.99,,341.57,341.62,-0.05,1.962,-2.011,44.66,361.21,344.14,327.07,0.0992,9.14,16.36,14.21,1395646107,-0.0035
2021-08-25,MSFT,337.78,342.05,336.42,340.38,340.38,33990195,344.47,340.2,,341.39,341.53,-0.141,1.541,-1.682,48.98,360.96,344.47,327.99,0.0957,8.91,29.01,21.72,1429636302,0.0128
2021-08-26,MSFT,340.49,341.85,338.97,339.58,339.58,27266462,344.7,340.4,,341.11,341.38,-0.275,1.178,-1.453,48.23,360.78,344.7,328.62,0.0933,8.48,26.65,24.01,1402369840,-0.0024
2021-08-27,MSFT,339.71,345.37,337.33,343.55,343.55,32262401,345.11,340.6,,341.49,341.54,-0.06,0.93,-0.99,52.17,360.62,345.11,329.6,0.0899,8.45,38.33,31.33,1434632241,0.0117
2021-08-30,MSFT,343.11,356.0,341.33,350.31,350.31,35963270,345.67,340.93,,342.84,342.19,0.649,0.874,-0.225,58.03,361.08,345.67,330.27,0.0891,8.9,58.22,41.07,1470595511,0.0197
2021-08-31,MSFT,348.69,348.71,346.94,348.34,348.34,21020225,346.08,341.21,,343.69,342.65,1.039,0.907,0.132,55.88,361.32,346.08,330.85,0.088,8.5,67.37,54.64,1449575286,-0.0056
2021-09-01,MSFT,345.9,346.48,344.68,345.37,345.37,28982988,346.0,341.33,,343.95,342.85,1.096,0.945,0.151,52.71,361.23,346.0,330.77,0.088,8.16,57.96,61.19,1420592298,-0.0085
2021-09-02,MSFT,346.32,351.24,341.08,349.23,349.23,36092755,345.86,341.59,,344.76,343.32,1.436,1.043,0.393,56.19,360.91,345.86,330.8,0.0871,8.3,73.43,66.26,1456685053,0.0112
2021-09-03,MSFT,350.79,364.73,349.1,355.75,355.75,37573531,345.93,341.93,,346.45,344.24,2.207,1.276,0.931,61.36,361.15,345.93,330.7,0.088,8.82,73.75,68.38,1494258584,0.0187
2021-09-06,MSFT,352.62,359.38,347.76,357.05,357.05,40077684,345.82,342.4,,348.08,345.19,2.889,1.599,1.29,62.31,360.71,345.82,330.93,0.0861,9.02,77.55,74.91,1534336268,0.0037
2021-09-07,MSFT,357.31,359.28,355.76,358.83,358.83,33673265,345.75,342.9,,349.74,346.2,3.532,1.985,1.547,63.64,360.39,345.75,331.12,0.0846,8.63,82.75,78.02,1568009533,0.005
2021-09-08,MSFT,360.2,363.43,348.38,350.84,350.84,43066000,345.66,343.14,,349.91,346.55,3.359,2.26,1.099,54.39,360.15,345.66,331.18,0.0838,9.09,59.4,73.23,1524943533,-0.0223
2021-09-09,MSFT,349.85,350.71,343.74,350.37,350.37,32062221,345.36,343.36,,349.98,346.83,3.147,2.437,0.71,53.9,359.17,345.36,331.55,0.0799,8.95,58.02,66.73,1492881312,-0.0013
2021-09-10,MSFT,350.35,351.39,343.95,349.12,349.12,30599643,345.53,343.5,,349.84,347.0,2.846,2.519,0.327,52.53,359.43,345.53,331.62,0.0805,8.84,49.53,55.65,1462281669,-0.0036
2021-09-13,MSFT,348.74,357.16,346.58,356.19,356.19,33224462,346.25,343.71,,350.82,347.68,3.141,2.643,0.498,58.9,360.78,346.25,331.71,0.0839,8.96,69.83,59.13,1495506131,0.0203
2021-09-14,MSFT,355.44,379.51,352.64,375.82,375.82,58173166,348.11,344.25,,354.67,349.76,4.903,3.095,1.807,70.67,367.09,348.11,329.14,0.109,10.24,91.25,70.21,1553679297,0.0551
2021-09-15,MSFT,374.75,379.36,365.24,371.25,371.25,24609411,349.71,344.71,,357.22,351.36,5.862,3.649,2.214,65.93,370.72,349.71,328.7,0.1202,10.52,80.42,80.5,1529069886,-0.0122
2021-09-16,MSFT,372.73,382.16,372.43,378.81,378.81,35450207,351.45,345.47,,360.54,353.39,7.15,4.349,2.801,69.57,375.79,351.45,327.1,0.1385,10.55,91.85,87.84,1564520093,0.0204
2021-09-17,MSFT,377.63,380.87,372.89,376.64,376.64,33157377,353.54,346.27,,363.02,355.11,7.905,5.06,2.845,67.35,378.96,353.54,328.11,0.1438,10.36,86.56,86.28,1531362716,-0.0057
2021-09-20,MSFT,377.34,384.54,361.27,363.48,363.48,42818880,354.85,346.93,,363.09,355.73,7.356,5.519,1.837,55.73,379.47,354.85,330.23,0.1388,11.29,51.54,76.65,1488543836,-0.0349
2021-09-21,MSFT,362.13,366.35,358.23,362.57,362.57,19187154,356.17,347.57,,363.01,356.24,6.77,5.77,1.001,55.03,379.43,356.17,332.92,0.1306,11.06,49.45,62.52,1469356682,-0.0025
2021-09-22,MSFT,361.9,363.1,360.14,362.65,362.65,22737112,357.29,348.14,,362.95,356.71,6.24,5.864,0.376,55.08,379.52,357.29,335.06,0.1244,10.48,46.35,49.11,1492093794,0.0002
2021-09-23,MSFT,363.82,366.19,358.82,360.7,360.7,36178606,358.34,348.54,,362.61,357.01,5.598,5.811,-0.212,53.4,379.07,358.34,337.62,0.1157,10.26,41.57,45.79,1455915188,-0.0054
2021-09-24,MSFT,362.63,364.25,350.01,353.59,353.59,40239960,358.85,348.67,,361.22,356.76,4.464,5.541,-1.077,47.69,378.57,358.85,339.12,0.1099,10.54,24.14,37.35,1415675228,-0.0197
2021-09-27,MSFT,355.84,358.7,344.96,347.8,347.8,40400562,358.72,348.9,,359.15,356.09,3.063,5.046,-1.983,43.6,378.69,358.72,338.75,0.1114,10.77,9.95,25.22,1375274666,-0.0164
2021-09-28,MSFT,349.16,352.59,344.75,348.15,348.15,27081474,358.71,349.12,,357.46,355.5,1.958,4.428,-2.47,43.91,378.7,358.71,338.72,0.1115,10.56,10.81,14.97,1402356140,0.001
2021-09-29,MSFT,348.1,360.81,346.57,360.39,360.39,41995943,359.46,349.55,,357.91,355.87,2.047,3.952,-1.905,53.61,378.5,359.46,340.42,0.1059,10.82,40.5,20.42,1444352083,0.0352
2021-09-30,MSFT,361.68,362.74,351.28,354.69,354.69,42662702,359.73,349.86,,357.42,355.78,1.638,3.489,-1.851,49.33,378.33,359.73,341.14,0.1034,10.87,24.98,25.43,1401689381,-0.0158
2021-10-01,MSFT,355.13,356.75,355.02,356.17,356.17,25325509,359.76,350.28,,357.22,355.81,1.417,3.075,-1.657,50.44,378.33,359.76,341.18,0.1033,10.24,28.7,31.39,1427014890,0.0042
2021-10-04,MSFT,358.92,360.5,352.39,355.97,355.97,36826184,359.7,350.8,,357.03,355.82,1.212,2.702,-1.49,50.28,378.32,359.7,341.09,0.1035,10.09,28.2,27.29,1390188706,-0.0006
2021-10-05,MSFT,354.54,357.43,346.17,353.28,353.28,32724269,359.42,351.19,,356.45,355.63,0.823,2.326,-1.503,48.07,378.25,359.42,340.6,0.1047,10.17,21.44,26.11,1357464437,-0.0076
2021-10-06,MSFT,352.15,352.54,345.09,351.49,351.49,32979259,359.46,351.55,,355.69,355.32,0.366,1.934,-1.568,46.61,378.22,359.46,340.69,0.1044,10.03,16.94,22.19,1324485178,-0.0051
2021-10-07,MSFT,350.32,354.7,344.67,353.45,353.45,37648745,359.61,351.92,302.38,355.35,355.19,0.16,1.58,-1.419,48.46,378.12,359.61,341.1,0.103,10.03,22.02,20.13,1362133923,0.0056
2021-10-08,MSFT,352.88,355.33,351.89,352.74,352.74,31672184,359.79,352.27,303.06,354.95,355.0,-0.059,1.252,-1.311,47.81,377.96,359.79,341.62,0.101,9.56,37.22,25.39,1330461739,-0.002
2021-10-11,MSFT,353.17,355.03,351.23,351.61,351.61,26944811,359.56,352.52,303.73,354.43,354.75,-0.321,0.937,-1.258,46.74,378.02,359.56,341.11,0.1027,9.15,32.25,30.5,1303516928,-0.0032
2021-10-12,MSFT,349.81,353.45,348.7,349.69,349.69,34520658,358.26,352.71,304.38,353.7,354.38,-0.676,0.615,-1.29,44.91,375.59,358.26,340.92,0.0968,8.83,23.33,30.93,1268996270,-0.0055
2021-10-13,MSFT,348.87,358.71,345.58,355.08,355.08,28944115,357.45,352.87,305.05,353.91,354.43,-0.516,0.389,-0.904,50.76,373.76,357.45,341.14,0.0913,9.14,53.17,36.25,1297940385,0.0154
2021-10-14,MSFT,355.12,363.08,352.79,357.19,357.19,29128993,356.37,352.97,305.75,354.42,354.63,-0.216,0.268,-0.484,52.87,369.41,356.37,343.32,0.0732,9.22,68.01,48.17,1327069378,0.0059
2021-10-15,MSFT,355.25,358.82,351.43,358.17,358.17,34410365,355.44,353.05,306.43,355.0,354.9,0.099,0.234,-0.135,53.86,364.67,355.44,346.21,0.0519,9.09,73.33,64.83,1361479743,0.0027
2021-10-18,MSFT,359.17,360.78,349.92,355.3,355.3,36738729,355.03,352.97,307.12,355.04,354.93,0.116,0.21,-0.094,50.52,363.49,355.03,346.57,0.0477,9.22,57.74,66.36,1324741014,-0.008
2021-10-19,MSFT,352.77,356.94,348.67,350.78,350.78,32430907,354.44,352.78,307.8,354.39,354.62,-0.233,0.122,-0.354,45.7,362.35,354.44,346.54,0.0446,9.15,33.19,54.75,1292310107,-0.0127
2021-10-20,MSFT,351.04,355.46,344.54,349.36,349.36,25564737,353.78,352.72,308.45,353.61,354.23,-0.616,-0.026,-0.59,44.27,361.02,353.78,346.54,0.0409,9.28,26.0,38.98,1266745370,-0.004
2021-10-21,MSFT,349.68,350.83,346.3,346.8,346.8,29179128,353.08,352.52,309.08,352.57,353.68,-1.114,-0.244,-0.871,41.74,360.2,353.08,345.97,0.0403,8.94,12.19,23.79,1237566242,-0.0073
2021-10-22,MSFT,347.3,358.57,342.23,356.78,356.78,41235205,353.24,352.74,309.76,353.21,353.91,-0.695,-0.334,-0.362,53.02,360.54,353.24,345.95,0.0413,9.47,69.78,35.99,1278801447,0.0288
2021-10-25,MSFT,353.56,355.7,350.74,352.07,352.07,21608506,353.46,352.95,310.41,353.04,353.77,-0.735,-0.414,-0.321,48.27,360.34,353.46,346.58,0.0389,9.22,47.19,43.06,1257192941,-0.0132
2021-10-26,MSFT,352.18,354.98,346.57,349.84,349.84,33413625,353.54,353.18,311.03,352.55,353.48,-0.936,-0.518,-0.417,46.16,360.2,353.54,346.88,0.0377,9.16,36.5,51.16,1223779316,-0.0063
2021-10-27,MSFT,349.32,353.85,348.49,350.54,350.54,28334298,353.05,353.4,311.63,352.24,353.26,-1.026,-0.62,-0.406,46.95,359.03,353.05,347.07,0.0339,8.89,39.86,41.18,1252113614,0.002
2021-10-28,MSFT,349.15,352.77,347.65,349.19,349.19,26108088,352.77,353.5,312.21,351.77,352.96,-1.193,-0.735,-0.459,45.57,358.93,352.77,346.62,0.0349,8.62,33.38,36.58,1226005526,-0.0039
2021-10-29,MSFT,346.09,346.56,337.41,343.9,343.9,23859593,352.16,353.68,312.8,350.56,352.29,-1.733,-0.934,-0.798,40.55,359.22,352.16,345.1,0.0401,8.85,25.28,32.84,1202145933,-0.0151
2021-11-01,MSFT,344.11,348.63,341.18,344.59,344.59,21604122,351.59,353.83,313.4,349.64,351.72,-2.08,-1.164,-0.917,41.46,359.15,351.59,344.03,0.043,8.75,27.97,28.88,1223750055,0.002
2021-11-02,MSFT,343.95,351.27,336.86,341.59,341.59,36218360,351.01,353.94,313.97,348.4,350.97,-2.568,-1.445,-1.124,38.69,359.68,351.01,342.34,0.0494,9.15,18.04,23.76,1187531695,-0.0087
2021-11-03,MSFT,342.13,342.29,337.31,341.11,341.11,24943146,350.49,353.96,314.53,347.28,350.24,-2.96,-1.748,-1.212,38.26,360.17,350.49,340.81,0.0552,8.85,17.77,21.26,1162588549,-0.0014
2021-11-04,MSFT,341.72,344.17,333.64,335.13,335.13,34278514,349.57,353.87,315.07,345.41,349.12,-3.71,-2.14,-1.57,33.2,361.22,349.57,337.92,0.0667,8.97,5.49,13.77,1128310035,-0.0175
2021-11-05,MSFT,336.85,338.83,329.17,332.19,332.19,33454213,348.55,353.64,315.61,343.38,347.87,-4.49,-2.61,-1.88,31.03,362.33,348.55,334.76,0.0791,9.02,10.27,11.18,1094855822,-0.0088
2021-11-08,MSFT,330.4,336.39,329.11,334.0,334.0,31285285,347.67,353.31,316.16,341.93,346.84,-4.905,-3.069,-1.836,33.9,362.74,347.67,332.59,0.0867,8.9,16.6,10.79,1126141107,0.0054
2021-11-09,MSFT,334.09,334.87,329.04,333.64,333.64,35051541,346.86,353.02,316.72,340.66,345.86,-5.203,-3.496,-1.707,33.6,363.09,346.86,330.64,0.0935,8.68,15.58,14.15,1091089566,-0.0011
2021-11-10,MSFT,334.59,343.77,328.22,342.88,342.88,32415279,346.25,352.97,317.34,341.0,345.64,-4.641,-3.725,-0.916,46.61,362.11,346.25,330.4,0.0916,9.17,48.3,26.83,1123504845,0.0277
2021-11-11,MSFT,345.39,346.03,340.84,342.1,342.1,22915538,345.5,352.83,317.93,341.17,345.38,-4.209,-3.822,-0.387,45.8,360.62,345.5,330.38,0.0875,8.89,50.51,38.13,1100589307,-0.0023
2021-11-12,MSFT,341.6,352.52,339.16,349.99,349.99,32680159,345.09,352.71,318.58,342.53,345.72,-3.194,-3.696,0.502,54.48,359.23,345.09,330.95,0.0819,9.21,81.35,60.06,1133269466,0.0231
2021-11-15,MSFT,353.88,360.14,342.56,346.6,346.6,41364762,344.65,352.5,319.19,343.15,345.79,-2.632,-3.483,0.851,50.72,358.02,344.65,331.28,0.0776,9.8,57.58,63.15,1091904704,-0.0097
2021-11-16,MSFT,348.51,352.79,339.21,340.48,340.48,39031363,344.14,352.14,319.77,342.74,345.39,-2.65,-3.317,0.666,44.72,357.32,344.14,330.96,0.0766,10.07,38.41,59.11,1052873341,-0.0177
2021-11-17,MSFT,342.28,342.57,326.51,329.51,329.51,45566291,343.15,351.71,320.24,340.71,344.22,-3.51,-3.355,-0.154,36.41,357.54,343.15,328.76,0.0839,10.5,8.92,34.97,1007307050,-0.0322
2021-11-18,MSFT,330.28,331.24,323.21,328.94,328.94,23515902,342.25,351.28,320.71,338.9,343.08,-4.188,-3.522,-0.666,36.03,357.8,342.25,326.71,0.0908,10.32,15.52,20.95,983791148,-0.0017
2021-11-19,MSFT,329.35,331.64,328.42,328.7,328.7,21800864,340.85,350.87,321.14,337.33,342.02,-4.691,-3.756,-0.936,35.87,355.96,340.85,325.74,0.0886,9.82,14.87,13.1,961990284,-0.0007
2021-11-22,MSFT,328.07,329.7,323.63,328.14,328.14,18293849,339.65,350.31,321.56,335.91,340.99,-5.077,-4.02,-1.057,35.45,354.81,339.65,324.5,0.0892,9.55,13.35,14.58,943696435,-0.0017
2021-11-23,MSFT,327.14,333.01,324.4,328.91,328.91,36499986,338.61,349.37,321.97,334.84,340.1,-5.259,-4.268,-0.992,36.54,353.69,338.61,323.52,0.0891,9.48,15.43,14.55,980196421,0.0023
2021-11-24,MSFT,329.84,335.04,326.15,326.22,326.22,40006038,337.39,348.47,322.32,333.51,339.07,-5.557,-4.526,-1.031,34.36,352.35,337.39,322.43,0.0887,9.44,8.15,12.31,940190383,-0.0082
2021-11-25,MSFT,324.92,330.68,322.91,324.11,324.11,23454688,336.14,347.38,322.66,332.06,337.96,-5.895,-4.8,-1.096,32.72,351.14,336.14,321.14,0.0893,9.32,3.22,8.94,916735695,-0.0065
2021-11-26,MSFT,324.77,329.9,321.31,321.83,321.83,26202067,335.03,346.28,322.99,330.49,336.77,-6.275,-5.095,-1.18,31.0,350.81,335.03,319.25,0.0942,9.27,1.34,4.24,890533628,-0.007
2021-11-29,MSFT,318.37,324.69,315.96,323.81,323.81,30964482,333.99,345.49,323.33,329.46,335.81,-6.343,-5.344,-0.999,34.24,349.86,333.99,318.13,0.095,9.23,17.77,7.44,921498110,0.0062
2021-11-30,MSFT,322.53,328.76,320.23,326.98,326.98,37507812,333.26,344.78,323.67,329.08,335.15,-6.071,-5.49,-0.582,39.17,349.0,333.26,317.52,0.0945,9.18,24.94,14.68,959005922,0.0098
2021-12-01,MSFT,326.5,334.97,320.99,332.4,332.4,43380006,332.83,344.17,324.05,329.59,334.95,-5.357,-5.463,0.106,46.54,348.15,332.83,317.5,0.0921,9.52,37.21,26.64,1002385928,0.0166
2021-12-02,MSFT,334.13,341.99,323.61,323.87,323.87,48424677,332.26,343.43,324.34,328.71,334.13,-5.416,-5.454,0.037,38.61,348.03,332.26,316.5,0.0949,10.16,17.9,26.69,953961251,-0.0257
2021-12-03,MSFT,324.23,324.46,317.55,319.74,319.74,29234330,331.64,342.76,324.61,327.33,333.06,-5.731,-5.509,-0.222,35.46,348.33,331.64,314.96,0.1006,9.92,10.26,21.79,924726921,-0.0128
2021-12-06,MSFT,319.8,320.49,318.49,319.91,319.91,30839933,330.94,342.2,324.93,326.19,332.09,-5.898,-5.587,-0.311,35.69,348.34,330.94,313.54,0.1052,9.36,14.84,14.34,955566854,0.0005
2021-12-07,MSFT,322.18,323.06,306.63,308.53,308.53,50742660,329.68,341.41,325.19,323.47,330.34,-6.87,-5.844,-1.026,28.33,349.57,329.68,309.8,0.1206,9.86,5.37,10.16,904824194,-0.0356
2021-12-08,MSFT,306.35,306.88,296.5,298.58,298.58,33258974,327.47,340.17,325.41,319.64,327.99,-8.347,-6.344,-2.003,23.72,350.59,327.47,304.35,0.1412,10.02,4.57,8.26,871565220,-0.0322
2021-12-09,MSFT,299.15,299.84,290.46,295.13,295.13,29505922,325.12,338.98,325.57,315.87,325.56,-9.684,-7.012,-2.672,22.36,351.17,325.12,299.07,0.1603,9.97,9.06,6.34,842059298,-0.0116
2021-12-10,MSFT,294.99,296.08,289.79,291.02,291.02,30550698,322.17,337.68,325.73,312.05,323.0,-10.949,-7.8,-3.15,20.83,349.61,322.17,294.73,0.1703,9.71,2.36,5.33,811508600,-0.0139
2021-12-13,MSFT,292.72,297.43,287.89,290.19,290.19,33442795,319.35,336.36,325.87,308.69,320.57,-11.882,-8.616,-3.266,20.53,347.74,319.35,290.96,0.1778,9.7,4.25,5.22,778065805,-0.0029
2021-12-14,MSFT,290.24,300.97,285.32,297.53,297.53,34047636,317.2,335.25,326.04,306.97,318.86,-11.892,-9.271,-2.62,30.26,345.37,317.2,289.03,0.1776,10.12,21.55,9.38,812113441,0.0253
2021-12-15,MSFT,297.09,300.16,292.14,295.17,295.17,35879049,315.49,334.12,326.16,305.15,317.11,-11.952,-9.807,-2.145,29.03,344.62,315.49,286.35,0.1847,9.97,17.38,14.39,776234392,-0.0079
2021-12-16,MSFT,294.93,295.27,288.51,289.64,289.64,33901310,313.52,332.84,326.26,302.77,315.07,-12.304,-10.307,-1.998,26.33,344.03,313.52,283.01,0.1946,9.74,7.62,15.52,742333082,-0.0187
2021-12-17,MSFT,291.44,292.72,288.87,292.51,292.51,19564450,311.71,331.64,326.42,301.19,313.4,-12.211,-10.688,-1.523,29.97,342.69,311.71,280.73,0.1988,9.32,12.69,12.56,761897532,0.0099
2021-12-20,MSFT,294.89,297.25,287.55,289.6,289.6,39424208,309.78,330.4,326.54,299.41,311.64,-12.231,-10.996,-1.235,28.44,341.23,309.78,278.34,0.203,9.35,7.55,9.29,722473324,-0.0099
2021-12-21,MSFT,288.94,299.87,287.66,295.59,295.59,43901755,308.12,329.32,326.68,298.82,310.45,-11.629,-11.123,-0.507,35.74,338.85,308.12,277.38,0.1995,9.55,18.12,12.79,766375079,0.0207
2021-12-22,MSFT,293.64,301.02,289.32,300.09,300.09,36074196,306.81,328.22,326.8,299.01,309.68,-10.667,-11.032,0.365,40.64,336.56,306.81,277.06,0.1939,9.71,37.74,21.14,802449275,0.0152
2021-12-23,MSFT,300.42,306.37,299.82,303.19,303.19,39517455,305.77,327.14,326.92,299.66,309.2,-9.543,-10.734,1.191,43.82,334.46,305.77,277.07,0.1877,9.48,47.35,34.4,841966730,0.0103
2021-12-24,MSFT,304.28,304.42,297.9,300.14,300.14,30928037,304.68,325.98,327.03,299.73,308.53,-8.798,-10.347,1.549,41.47,332.5,304.68,276.87,0.1826,9.27,39.27,41.45,811038693,-0.0101
2021-12-27,MSFT,301.53,304.94,298.55,302.66,302.66,27221881,303.62,324.92,327.2,300.18,308.09,-7.913,-9.86,1.947,44.14,330.02,303.62,277.23,0.1739,9.06,80.43,55.68,838260574,0.0084
2021-12-28,MSFT,303.66,306.18,302.37,304.14,304.14,35385778,302.48,323.99,327.4,300.79,307.8,-7.011,-9.29,2.279,45.7,326.62,302.48,278.35,0.1596,8.69,89.41,69.7,873646352,0.0049
2021-12-29,MSFT,303.87,309.56,301.93,308.81,308.81,28668167,301.3,323.18,327.65,302.02,307.88,-5.852,-8.602,2.751,50.42,321.45,301.3,281.15,0.1337,8.61,96.91,88.91,902314519,0.0154
2021-12-30,MSFT,305.63,311.32,303.28,311.21,311.21,37615862,300.67,322.47,327.89,303.44,308.12,-4.686,-7.819,3.134,52.7,318.62,300.67,282.72,0.1194,8.57,99.58,95.3,939930381,0.0078
2021-12-31,MSFT,311.99,316.3,311.82,313.28,313.28,24322976,300.35,321.6,328.11,304.95,308.51,-3.553,-6.966,3.413,54.63,317.1,300.35,283.59,0.1116,8.32,90.25,95.58,964253357,0.0067
2022-01-03,MSFT,313.34,317.42,307.02,309.75,309.75,33530243,299.84,320.75,328.31,305.69,308.6,-2.907,-6.154,3.247,50.82,314.7,299.84,284.98,0.0991,8.47,74.32,88.05,930723114,-0.0113
2022-01-04,MSFT,310.32,317.52,303.75,305.25,305.25,41002703,299.67,319.86,328.47,305.62,308.35,-2.727,-5.469,2.742,46.37,314.22,299.67,285.13,0.0971,8.85,59.06,74.54,889720411,-0.0145
2022-01-05,MSFT,303.8,307.09,303.62,305.65,305.65,37209906,300.03,318.96,328.62,305.63,308.15,-2.523,-4.88,2.357,46.81,314.79,300.03,285.27,0.0984,8.47,60.39,64.59,926930317,0.0013
2022-01-06,MSFT,306.13,307.66,305.2,306.73,306.73,31512529,300.61,318.11,328.75,305.8,308.04,-2.248,-4.353,2.105,48.07,315.47,300.61,285.75,0.0989,8.04,64.0,61.15,958442846,0.0035
2022-01-07,MSFT,308.86,310.28,304.03,304.47,304.47,33632496,301.28,317.32,328.88,305.59,307.78,-2.187,-3.92,1.733,45.64,315.55,301.28,287.01,0.0947,7.91,56.3,60.23,924810350,-0.0074
2022-01-10,MSFT,304.39,306.41,302.44,304.63,304.63,28235954,302.0,316.53,329.01,305.44,307.55,-2.102,-3.556,1.454,45.85,315.39,302.0,288.62,0.0886,7.63,54.29,58.19,953046304,0.0005
2022-01-11,MSFT,305.4,306.42,299.32,301.06,301.06,29792501,302.18,315.71,329.11,304.77,307.07,-2.296,-3.304,1.008,41.98,315.41,302.18,288.94,0.0876,7.59,16.11,42.23,923253803,-0.0117
2022-01-12,MSFT,301.69,302.56,290.47,291.04,291.04,39172888,301.97,314.71,329.14,302.66,305.88,-3.221,-3.288,0.067,33.45,315.76,301.97,288.19,0.0913,7.91,2.11,24.17,884080915,-0.0333
2022-01-13,MSFT,290.57,292.56,277.12,279.56,279.56,40567431,301.47,313.6,329.09,299.1,303.93,-4.825,-3.595,-1.23,26.75,317.56,301.47,285.37,0.1068,8.45,6.04,8.08,843513484,-0.0394
2022-01-14,MSFT,281.77,284.19,275.23,275.5,275.5,39891841,300.62,312.47,329.02,295.47,301.82,-6.351,-4.146,-2.204,24.85,319.98,300.62,281.25,0.1288,8.49,0.64,2.93,803621643,-0.0145
2022-01-17,MSFT,273.62,274.02,271.85,273.64,273.64,23985387,299.82,311.26,328.92,292.11,299.74,-7.622,-4.841,-2.78,24.01,322.04,299.82,277.6,0.1482,8.14,3.92,3.53,779636256,-0.0068
2022-01-18,MSFT,273.73,279.12,269.86,271.05,271.05,28615261,298.59,310.01,328.82,288.87,297.61,-8.738,-5.621,-3.117,22.85,324.08,298.59,273.1,0.1707,8.22,2.5,2.35,751020995,-0.0095
2022-01-19,MSFT,271.11,274.46,266.84,268.03,268.03,38236993,296.99,308.51,328.71,285.67,295.42,-9.753,-6.447,-3.306,21.55,325.72,296.99,268.25,0.1935,8.18,2.35,2.92,712784002,-0.0111
2022-01-20,MSFT,270.06,271.76,268.48,269.17,269.17,30431318,295.29,307.05,328.59,283.13,293.48,-10.347,-7.227,-3.12,23.33,326.29,295.29,264.28,0.21,7.86,4.6,3.15,743215320,0.0043
2022-01-21,MSFT,270.96,280.33,267.5,277.52,277.52,37288392,294.16,305.6,328.54,282.27,292.29,-10.028,-7.787,-2.24,34.97,326.01,294.16,262.31,0.2166,8.21,21.07,9.34,780503712,0.031
2022-01-24,MSFT,279.19,286.54,276.96,282.39,282.39,27151498,293.14,304.32,328.51,282.28,291.56,-9.275,-8.085,-1.19,40.63,325.14,293.14,261.15,0.2183,8.31,35.8,20.49,807655210,0.0175
2022-01-25,MSFT,282.72,287.19,280.21,282.62,282.62,31585795,292.07,303.16,328.44,282.34,290.9,-8.561,-8.18,-0.381,40.89,323.96,292.07,260.18,0.2184,8.22,36.33,31.07,839241005,0.0008
2022-01-26,MSFT,283.43,283.93,272.95,275.52,275.52,38467806,290.4,302.08,328.35,281.29,289.76,-8.471,-8.238,-0.233,35.67,322.1,290.4,258.71,0.2183,8.41,19.98,30.7,800773199,-0.0251
2022-01-27,MSFT,276.69,280.63,272.34,272.76,272.76,37952425,288.48,300.96,328.25,279.98,288.5,-8.524,-8.295,-0.228,33.85,319.55,288.48,257.41,0.2154,8.41,14.96,23.75,762820774,-0.01
2022-01-28,MSFT,273.68,275.01,269.57,270.08,270.08,25289473,286.32,299.79,328.13,278.45,287.13,-8.682,-8.372,-0.309,32.15,316.18,286.32,256.46,0.2086,8.19,8.19,14.37,737531301,-0.0098
2022-01-31,MSFT,270.62,277.77,269.65,277.12,277.12,42655846,284.69,298.77,328.02,278.25,286.39,-8.145,-8.327,0.182,40.62,312.76,284.69,256.62,0.1972,8.19,28.78,17.31,780187147,0.0261
2022-02-01,MSFT,275.94,279.48,271.39,275.42,275.42,22572111,283.2,297.7,327.89,277.81,285.58,-7.767,-8.215,0.448,39.34,309.88,283.2,256.52,0.1884,8.18,33.36,23.44,757615036,-0.0061
2022-02-02,MSFT,276.86,281.43,270.27,280.61,280.61,39901217,281.95,296.78,327.78,278.24,285.21,-6.969,-7.966,0.997,45.03,306.56,281.95,257.33,0.1746,8.39,67.67,43.27,797516253,0.0188
2022-02-03,MSFT,281.41,283.52,271.3,274.38,274.38,35656404,280.33,295.79,327.68,277.65,284.41,-6.761,-7.725,0.964,40.16,302.33,280.33,258.32,0.157,8.67,37.05,46.03,761859849,-0.0222
2022-02-04,MSFT,276.2,280.2,275.01,277.3,277.3,33233686,278.97,294.9,327.58,277.6,283.88,-6.288,-7.437,1.15,43.26,298.0,278.97,259.94,0.1364,8.46,51.4,52.04,795093535,0.0106
2022-02-07,MSFT,278.09,279.09,271.33,274.88,274.88,23483386,277.48,293.92,327.45,277.18,283.22,-6.039,-7.158,1.119,41.35,292.48,277.48,262.49,0.1081,8.41,39.51,42.65,771610149,-0.0087
2022-02-08,MSFT,276.68,278.23,276.65,276.84,276.84,24033596,276.27,292.92,327.33,277.13,282.74,-5.618,-6.85,1.231,43.52,286.66,276.27,265.88,0.0752,8.05,47.44,46.11,795643745,0.0071
2022-02-09,MSFT,276.56,280.13,276.54,279.23,279.23,32055754,275.68,291.85,327.21,277.45,282.48,-5.034,-6.487,1.452,46.14,283.72,275.68,267.64,0.0583,7.73,59.57,48.84,827699499,0.0086
2022-02-10,MSFT,278.39,291.46,277.83,290.08,290.08,40518353,276.21,291.18,327.13,279.39,283.05,-3.654,-5.92,2.266,56.1,286.31,276.21,266.11,0.0731,8.15,93.7,66.9,868217852,0.0389
2022-02-11,MSFT,288.51,300.66,283.96,296.01,296.01,40075764,277.23,290.7,327.1,281.95,284.01,-2.057,-5.148,3.09,60.41,290.51,277.23,263.96,0.0958,8.76,85.04,79.44,908293616,0.0204
2022-02-14,MSFT,294.67,301.82,294.66,296.07,296.07,27952575,278.35,290.23,327.07,284.12,284.9,-0.779,-4.274,3.495,60.45,293.83,278.35,262.88,0.1112,8.65,82.17,86.97,936246191,0.0002
2022-02-15,MSFT,296.89,305.68,295.37,304.18,304.18,44199371,280.01,290.14,327.06,287.21,286.33,0.879,-3.243,4.122,65.78,298.75,280.01,261.27,0.1339,8.77,95.85,87.69,980445562,0.0274
2022-02-16,MSFT,301.24,302.92,298.62,300.46,300.46,25371476,281.63,290.18,327.02,289.25,287.38,1.871,-2.22,4.092,61.68,301.52,281.63,261.74,0.1413,8.54,85.54,87.85,955074086,-0.0122
2022-02-17,MSFT,302.49,307.19,300.19,305.42,305.42,36423760,283.44,290.38,327.0,291.73,288.71,3.023,-1.172,4.194,64.83,305.0,283.44,261.89,0.1521,8.43,95.29,92.23,991497846,0.0165
2022-02-18,MSFT,305.37,316.81,305.19,312.6,312.6,38886862,285.2,290.82,327.02,294.94,290.48,4.463,-0.045,4.508,68.82,310.0,285.2,260.39,0.174,8.66,90.95,90.59,1030384708,0.0235
2022-02-21,MSFT,313.86,315.2,307.84,309.62,309.62,25798686,286.56,291.2,327.04,297.2,291.9,5.303,1.025,4.278,65.5,313.5,286.56,259.62,0.188,8.56,84.55,90.26,1004586022,-0.0095
2022-02-22,MSFT,309.4,313.8,307.25,312.96,312.96,40158984,288.08,291.51,327.06,299.63,293.46,6.168,2.054,4.114,67.4,317.28,288.08,258.88,0.2027,8.42,91.54,89.02,1044745006,0.0108
2022-02-23,MSFT,312.08,313.15,300.36,305.29,305.29,28654185,289.57,291.72,327.03,300.5,294.34,6.163,2.875,3.287,59.32,319.09,289.57,260.04,0.2039,8.73,74.67,83.59,1016090821,-0.0245
2022-02-24,MSFT,306.48,311.71,301.71,311.15,311.15,31810592,291.49,292.15,327.02,302.14,295.58,6.556,3.611,2.944,62.97,321.38,291.49,261.59,0.2051,8.82,87.55,84.59,1047901413,0.0192
2022-02-25,MSFT,313.31,313.81,302.09,304.54,304.54,43989909,293.21,292.39,326.97,302.51,296.24,6.262,4.142,2.12,56.78,321.92,293.21,264.5,0.1958,9.03,69.53,77.25,1003911504,-0.0212
2022-02-28,MSFT,305.66,312.46,304.18,312.11,312.11,38511090,294.96,292.84,326.95,303.98,297.42,6.564,4.626,1.938,61.45,323.79,294.96,266.12,0.1955,8.98,88.33,81.8,1042422594,0.0249
2022-03-01,MSFT,311.64,312.44,301.4,306.72,306.72,36848065,296.52,293.06,326.87,304.4,298.11,6.296,4.96,1.336,56.74,324.33,296.52,268.72,0.1875,9.12,74.11,77.32,1005574529,-0.0173
2022-03-02,MSFT,307.31,319.91,306.16,319.91,319.91,49665447,298.49,293.45,326.86,306.79,299.72,7.067,5.381,1.685,64.01,327.06,298.49,269.91,0.1914,9.45,100.0,87.48,1055239976,0.043
2022-03-03,MSFT,319.56,320.19,315.73,318.45,318.45,34237056,300.69,293.76,326.79,308.58,301.11,7.473,5.8,1.674,62.75,328.27,300.69,273.12,0.1834,9.1,93.18,89.1,1021002920,-0.0046
2022-03-04,MSFT,319.33,323.29,319.01,320.62,320.62,20916675,302.86,294.17,326.75,310.44,302.56,7.88,6.216,1.664,63.89,329.53,302.86,276.18,0.1762,8.79,90.44,94.54,1041919595,0.0068
2022-03-07,MSFT,321.04,321.58,313.55,316.21,316.21,34689631,304.92,294.44,326.67,311.32,303.57,7.757,6.524,1.233,59.89,328.88,304.92,280.97,0.1571,8.74,71.3,84.97,1007229964,-0.0138
2022-03-08,MSFT,313.2,318.05,309.0,313.83,313.83,25959035,306.77,294.63,326.6,311.71,304.33,7.382,6.696,0.687,57.8,327.22,306.77,286.32,0.1333,8.76,59.05,73.6,981270929,-0.0075
2022-03-09,MSFT,314.86,317.01,309.28,316.91,316.91,20940530,308.66,294.8,326.55,312.51,305.26,7.25,6.807,0.444,59.76,325.17,308.66,292.14,0.107,8.69,72.18,67.51,1002211459,0.0098
2022-03-10,MSFT,318.64,320.1,313.05,318.97,318.97,19639924,310.1,294.95,326.56,313.5,306.28,7.228,6.891,0.338,61.07,324.82,310.1,295.38,0.0949,8.57,81.16,70.79,1021851383,0.0065
2022-03-11,MSFT,317.98,328.12,315.41,325.93,325.93,30930911,311.6,295.2,326.6,315.42,307.73,7.684,7.05,0.635,65.18,326.37,311.6,296.83,0.0948,8.87,92.11,81.82,1052782294,0.0218
2022-03-14,MSFT,324.6,333.03,322.63,328.54,328.54,25860327,313.22,295.58,326.67,317.43,309.27,8.162,7.272,0.89,66.6,327.94,313.22,298.5,0.094,8.98,86.26,86.51,1078642621,0.008
2022-03-15,MSFT,329.83,332.85,324.45,329.59,329.59,29239815,314.49,296.07,326.78,319.3,310.78,8.527,7.523,1.004,67.19,330.23,314.49,298.76,0.1001,8.93,89.12,89.16,1107882436,0.0032
2022-03-16,MSFT,331.76,331.98,324.0,326.53,326.53,38626459,315.79,296.49,326.84,320.42,311.94,8.472,7.713,0.759,63.7,330.97,315.79,300.62,0.0961,8.87,79.45,84.94,1069255977,-0.0093
2022-03-17,MSFT,323.95,327.21,323.32,326.94,326.94,29208691,316.87,296.89,326.89,321.42,313.06,8.365,7.843,0.522,63.97,332.01,316.87,301.74,0.0955,8.51,80.75,83.11,1098464668,0.0013
2022-03-18,MSFT,327.66,331.58,322.44,323.0,323.0,40313371,317.39,297.26,326.91,321.66,313.79,7.871,7.849,0.022,59.41,332.62,317.39,302.16,0.0959,8.56,68.29,76.16,1058151297,-0.0121
2022-03-21,MSFT,323.85,324.74,315.53,319.56,319.56,38448102,317.89,297.56,326.93,321.34,314.22,7.12,7.703,-0.583,55.68,332.71,317.89,303.07,0.0933,8.6,49.87,66.3,1019703195,-0.0107
2022-03-22,MSFT,319.29,320.24,319.0,320.07,320.07,23712022,318.24,297.94,326.9,321.14,314.65,6.492,7.461,-0.969,56.12,332.92,318.24,303.57,0.0922,8.08,46.07,54.74,1043415217,0.0016
2022-03-23,MSFT,321.04,322.87,319.57,321.67,321.67,34963608,319.06,298.55,326.85,321.23,315.17,6.053,7.179,-1.126,57.54,332.53,319.06,305.59,0.0844,7.74,52.73,49.55,1078378825,0.005
2022-03-24,MSFT,322.5,333.2,318.07,330.46,330.46,32272335,320.03,299.57,326.86,322.65,316.3,6.341,7.012,-0.67,64.38,333.85,320.03,306.2,0.0864,8.26,88.68,62.49,1110651160,0.0273
2022-03-25,MSFT,327.77,343.9,321.35,341.53,341.53,43960137,321.88,300.89,326.9,325.55,318.17,7.378,7.085,0.293,70.77,336.78,321.88,306.98,0.0926,9.28,93.21,78.2,1154611297,0.0335
2022-03-28,MSFT,339.93,347.65,339.43,343.74,343.74,25100532,323.46,302.29,326.95,328.35,320.07,8.282,7.324,0.958,71.86,340.44,323.46,306.47,0.105,9.21,89.81,90.57,1179711829,0.0065
2022-03-29,MSFT,342.03,356.75,341.18,350.54,350.54,46128811,325.65,303.88,327.03,331.76,322.32,9.439,7.747,1.692,74.94,344.62,325.65,306.68,0.1165,9.66,85.79,89.6,1225840640,0.0198
2022-03-30,MSFT,352.59,352.74,349.43,350.38,350.38,24576131,327.17,305.53,327.09,334.63,324.4,10.225,8.243,1.982,74.74,348.77,327.17,305.58,0.132,9.21,84.59,86.73,1201264509,-0.0005
2022-03-31,MSFT,349.95,360.25,348.26,356.79,356.79,43104116,329.09,307.28,327.19,338.04,326.8,11.235,8.841,2.394,77.43,353.83,329.09,304.36,0.1503,9.41,92.26,87.55,1244368625,0.0183
2022-04-01,MSFT,355.45,368.28,349.95,364.88,364.88,40358810,331.3,309.03,327.32,342.17,329.62,12.545,9.582,2.963,80.29,360.18,331.3,302.42,0.1743,10.04,93.55,90.14,1284727435,0.0227
2022-04-04,MSFT,367.42,372.83,358.6,361.81,361.81,35703394,333.58,310.62,327.46,345.19,332.01,13.182,10.302,2.88,76.34,364.47,333.58,302.7,0.1852,10.34,80.77,88.86,1249024041,-0.0084
2022-04-05,MSFT,364.32,365.53,358.17,359.54,359.54,36565156,335.87,312.15,327.59,347.4,334.05,13.351,10.912,2.439,73.46,367.33,335.87,304.41,0.1873,10.13,76.81,83.71,1212458885,-0.0063
2022-04-06,MSFT,362.31,362.58,356.62,359.36,359.36,38769654,337.99,313.83,327.69,349.24,335.92,13.316,11.393,1.923,73.22,369.77,337.99,306.21,0.1881,9.83,76.49,78.02,1173689231,-0.0005
2022-04-07,MSFT,361.08,361.37,360.13,361.04,361.04,25679660,340.1,315.6,327.8,351.05,337.78,13.271,11.768,1.503,74.06,372.13,340.1,308.06,0.1884,9.27,79.42,77.57,1199368891,0.0047
2022-04-08,MSFT,359.71,361.51,349.79,350.85,350.85,34072053,341.34,317.21,327.84,351.02,338.75,12.272,11.869,0.403,61.5,373.01,341.34,309.67,0.1856,9.45,59.86,71.93,1165296838,-0.0282
2022-04-11,MSFT,351.85,355.87,348.11,349.74,349.74,32837105,342.4,318.67,327.86,350.82,339.56,11.261,11.747,-0.487,60.3,373.71,342.4,311.1,0.1829,9.33,57.83,65.71,1132459733,-0.0032
2022-04-12,MSFT,350.58,365.06,346.96,361.79,361.79,40484579,344.01,320.39,327.93,352.51,341.21,11.301,11.658,-0.357,67.67,375.82,344.01,312.2,0.1849,9.95,79.84,65.84,1172944312,0.0345
2022-04-13,MSFT,359.6,372.32,357.17,368.93,368.93,46063851,346.13,322.16,328.03,355.04,343.26,11.774,11.681,0.093,71.1,378.64,346.13,313.62,0.1879,10.33,92.42,76.7,1219008163,0.0197
2022-04-14,MSFT,368.55,374.9,366.98,368.19,368.19,30330444,348.19,324.04,328.17,357.06,345.11,11.951,11.735,0.216,70.27,380.81,348.19,315.58,0.1873,10.15,81.08,84.45,1188677719,-0.002
2022-04-15,MSFT,368.56,369.7,361.64,361.94,361.94,38330809,350.14,325.73,328.29,357.81,346.36,11.455,11.679,-0.224,63.52,381.11,350.14,319.17,0.1769,10.0,61.57,78.36,1150346910,-0.017
2022-04-18,MSFT,362.35,369.75,361.83,366.41,366.41,34216987,352.48,327.56,328.48,359.13,347.84,11.292,11.602,-0.309,66.03,380.83,352.48,324.14,0.1608,9.86,69.61,70.75,1184563897,0.0124
2022-04-19,MSFT,364.75,373.75,364.24,369.44,369.44,35944583,354.95,329.41,328.67,360.72,349.44,11.278,11.537,-0.259,67.66,379.98,354.95,329.92,0.141,9.83,80.46,70.55,1220508480,0.0083
2022-04-20,MSFT,370.94,372.79,368.39,370.94,370.94,26843009,357.41,331.24,328.85,362.29,351.03,11.258,11.481,-0.223,68.46,378.19,357.41,336.64,0.1163,9.44,85.83,78.63,1247351489,0.0041
2022-04-21,MSFT,369.22,379.55,367.29,376.25,376.25,32386319,359.7,332.97,329.03,364.44,352.9,11.537,11.492,0.045,71.2,378.04,359.7,341.37,0.102,9.64,89.87,85.39,1279737808,0.0143
2022-04-22,MSFT,376.37,382.79,366.85,371.03,371.03,39435338,361.18,334.47,329.15,365.45,354.24,11.208,11.436,-0.227,65.21,378.13,361.18,344.23,0.0938,10.09,67.18,80.96,1240302470,-0.0139
2022-04-25,MSFT,371.65,372.82,366.76,367.4,367.4,37531398,362.36,335.9,329.31,365.75,355.22,10.533,11.255,-0.722,61.35,377.48,362.36,347.25,0.0834,9.81,57.05,71.37,1202771072,-0.0098
2022-04-26,MSFT,367.78,372.05,359.54,359.93,359.93,43171593,362.83,337.01,329.42,364.86,355.57,9.289,10.862,-1.573,54.23,377.01,362.83,348.66,0.0781,10.0,36.2,53.47,1159599479,-0.0203
2022-04-27,MSFT,360.25,360.34,353.84,357.18,357.18,24620207,363.17,338.14,329.51,363.68,355.69,7.988,10.287,-2.299,51.85,376.43,363.17,349.91,0.073,9.75,28.52,40.59,1134979272,-0.0076
2022-04-28,MSFT,354.13,364.62,349.2,363.99,363.99,44077896,363.53,339.32,329.63,363.72,356.3,7.422,9.714,-2.292,56.9,376.47,363.53,350.6,0.0712,10.15,47.53,37.42,1179057168,0.0191
2022-04-29,MSFT,365.06,365.93,359.75,360.34,360.34,28714662,363.3,340.27,329.76,363.2,356.6,6.602,9.092,-2.49,53.65,376.29,363.3,350.32,0.0715,9.87,37.34,37.8,1150342506,-0.01
2022-05-02,MSFT,360.11,363.44,349.68,357.31,357.31,28508788,363.08,341.22,329.9,362.3,356.65,5.643,8.402,-2.759,51.05,376.32,363.08,349.84,0.0729,10.15,24.14,36.34,1121833718,-0.0084
2022-05-03,MSFT,358.07,361.06,340.73,344.06,344.06,44686878,362.31,341.85,329.95,359.49,355.72,3.77,7.475,-3.706,41.54,377.89,362.31,346.73,0.086,10.88,7.92,23.13,1077146840,-0.0371
2022-05-04,MSFT,342.85,342.96,339.7,341.2,341.2,35712739,361.4,342.56,329.99,356.68,354.65,2.032,6.387,-4.355,39.82,379.48,361.4,343.32,0.1,10.41,3.48,11.85,1041434101,-0.0083
2022-05-05,MSFT,338.96,344.17,331.93,332.05,332.05,34515929,359.95,342.98,329.97,352.89,352.97,-0.084,5.093,-5.176,34.84,382.1,359.95,337.8,0.1231,10.54,0.24,3.88,1006918172,-0.0268
2022-05-06,MSFT,331.9,335.98,324.75,335.65,335.65,25727295,359.19,343.61,329.97,350.24,351.69,-1.452,3.784,-5.236,38.12,383.47,359.19,334.9,0.1352,10.59,18.78,7.5,1032645467,0.0108
2022-05-09,MSFT,337.8,344.75,333.99,341.9,341.9,27879376,358.8,344.2,329.99,348.95,350.96,-2.01,2.625,-4.635,43.44,383.92,358.8,333.67,0.14,10.6,29.55,16.19,1060524843,0.0186
2022-05-10,MSFT,344.25,345.62,342.14,343.01,343.01,26809415,357.86,344.93,330.0,348.04,350.37,-2.335,1.633,-3.968,44.35,383.85,357.86,331.86,0.1453,10.11,31.46,26.6,1087334258,0.0032
2022-05-11,MSFT,343.89,362.38,341.24,356.91,356.91,48254245,357.26,345.67,330.05,349.4,350.86,-1.455,1.015,-2.47,54.32,382.75,357.26,331.76,0.1427,10.9,55.41,38.81,1135588503,0.0405
2022-05-12,MSFT,358.54,360.15,355.15,359.47,359.47,19381855,356.82,346.49,330.09,350.95,351.5,-0.544,0.704,-1.247,55.89,381.84,356.82,331.8,0.1403,10.48,72.23,53.03,1154970358,0.0072
2022-05-13,MSFT,357.96,362.12,357.69,361.65,361.65,32092274,356.81,347.31,330.13,352.6,352.25,0.35,0.633,-0.283,57.23,381.82,356.81,331.79,0.1402,10.05,78.01,68.55,1187062632,0.0061
2022-05-16,MSFT,360.79,362.27,354.24,358.74,358.74,31200107,356.42,348.16,330.12,353.54,352.73,0.814,0.669,0.145,54.83,381.07,356.42,331.78,0.1383,9.9,82.54,77.59,1155862525,-0.008
2022-05-17,MSFT,362.09,364.66,349.82,352.59,352.59,35547397,355.58,348.93,330.08,353.4,352.72,0.677,0.671,0.007,50.05,379.53,355.58,331.63,0.1347,10.25,67.61,76.05,1120315128,-0.0171
2022-05-18,MSFT,350.18,357.04,345.1,354.43,354.43,25179397,354.75,349.68,330.09,353.56,352.85,0.71,0.679,0.031,51.41,377.64,354.75,331.87,0.129,10.37,72.07,74.07,1145494525,0.0052
2022-05-19,MSFT,353.52,357.04,347.28,350.57,350.57,36668535,353.47,350.32,330.06,353.1,352.68,0.419,0.627,-0.208,48.42,374.17,353.47,332.77,0.1171,10.33,64.7,68.13,1108825990,-0.0109
2022-05-20,MSFT,349.01,354.34,348.06,352.63,352.63,32042082,352.55,350.85,330.1,353.02,352.67,0.351,0.571,-0.221,50.09,371.62,352.55,333.49,0.1082,10.04,69.86,68.88,1140868072,0.0059
2022-05-23,MSFT,355.16,356.18,353.38,354.32,354.32,33649462,351.9,351.37,330.16,353.22,352.8,0.428,0.543,-0.115,51.48,369.74,351.9,334.06,0.1014,9.58,74.09,69.55,1174517534,0.0048
2022-05-24,MSFT,354.97,359.6,352.0,354.36,354.36,34780923,351.62,351.86,330.24,353.4,352.91,0.487,0.532,-0.045,51.51,369.12,351.62,334.12,0.0995,9.44,74.19,72.71,1209298457,0.0001
2022-05-25,MSFT,355.98,357.25,347.99,348.84,348.84,37467787,351.2,352.31,330.29,352.7,352.61,0.087,0.443,-0.355,46.61,368.55,351.2,333.85,0.0988,9.42,60.36,69.55,1171830670,-0.0156
2022-05-26,MSFT,346.92,357.06,343.73,356.84,356.84,36341801,350.84,352.9,330.35,353.33,352.92,0.411,0.436,-0.025,53.51,367.4,350.84,334.29,0.0944,9.7,74.5,69.69,1208172471,0.0229
2022-05-27,MSFT,356.0,360.69,351.54,353.84,353.84,20991564,350.52,353.52,330.45,353.41,352.99,0.421,0.433,-0.012,50.86,366.56,350.52,334.47,0.0915,9.66,53.8,62.89,1187180907,-0.0084
2022-05-30,MSFT,352.7,353.7,344.67,347.94,347.94,39406782,350.05,354.09,330.5,352.57,352.62,-0.047,0.337,-0.384,46.02,365.82,350.05,334.28,0.0901,9.63,28.61,52.3,1147774125,-0.0167
2022-05-31,MSFT,348.68,349.14,344.14,344.19,344.19,32795336,350.06,354.57,330.54,351.28,351.99,-0.712,0.128,-0.839,43.2,365.81,350.06,334.3,0.09,9.3,2.2,28.2,1114978789,-0.0108
2022-06-01,MSFT,342.98,344.06,338.63,339.55,339.55,29196027,349.97,354.93,330.54,349.48,351.07,-1.595,-0.217,-1.378,39.95,365.93,349.97,334.02,0.0912,9.03,3.53,11.45,1085782762,-0.0135
2022-06-02,MSFT,341.79,343.05,331.88,332.35,332.35,43256699,349.99,354.97,330.5,346.84,349.68,-2.843,-0.742,-2.101,35.48,365.88,349.99,334.1,0.0908,9.18,1.43,2.39,1042526063,-0.0212
2022-06-03,MSFT,333.07,335.47,332.79,333.23,333.23,19897008,349.87,354.8,330.45,344.75,348.47,-3.718,-1.337,-2.381,36.42,366.22,349.87,333.51,0.0935,8.75,4.12,3.03,1062423071,0.0026
2022-06-06,MSFT,332.06,341.48,331.39,336.23,336.23,36750669,349.58,354.65,330.38,343.44,347.56,-4.122,-1.894,-2.228,39.63,366.66,349.58,332.5,0.0977,8.85,16.52,7.36,1099173740,0.009
2022-06-07,MSFT,334.87,349.02,333.29,347.47,347.47,48498576,349.81,354.59,330.37,344.06,347.55,-3.495,-2.214,-1.281,49.86,366.65,349.81,332.96,0.0963,9.34,54.88,25.17,1147672316,0.0334
2022-06-08,MSFT,347.92,355.19,344.17,351.37,351.37,22736442,349.53,354.61,330.4,345.18,347.84,-2.653,-2.302,-0.351,52.85,366.08,349.53,332.98,0.0947,9.46,68.19,46.53,1170408758,0.0112
2022-06-09,MSFT,354.29,360.76,353.05,355.95,355.95,22588121,349.35,354.59,330.44,346.84,348.44,-1.597,-2.161,0.564,56.15,365.55,349.35,333.16,0.0927,9.45,83.62,68.9,1192996879,0.013
2022-06-10,MSFT,354.61,362.07,352.7,361.46,361.46,37261040,349.35,354.52,330.47,349.09,349.4,-0.313,-1.791,1.479,59.8,365.51,349.35,333.18,0.0925,9.45,98.01,83.28,1230257919,0.0155
2022-06-13,MSFT,360.79,365.86,353.96,365.86,365.86,26902996,349.7,354.61,330.51,351.67,350.62,1.048,-1.224,2.272,62.48,366.95,349.7,332.45,0.0987,9.62,100.0,93.88,1257160915,0.0122
2022-06-14,MSFT,365.38,375.99,359.26,373.79,373.79,34984125,350.76,354.89,330.59,355.07,352.34,2.735,-0.432,3.167,66.78,370.95,350.76,330.57,0.1151,10.13,95.07,97.69,1292145040,0.0217
2022-06-15,MSFT,373.65,381.6,370.74,380.79,380.79,34678176,352.08,355.32,330.74,359.03,354.44,4.584,0.571,4.013,70.05,376.13,352.08,328.03,0.1366,10.18,98.39,97.82,1326823216,0.0187
2022-06-16,MSFT,376.4,378.03,373.14,375.11,375.11,24776546,353.31,355.6,330.86,361.5,355.98,5.528,1.563,3.965,64.51,379.34,353.31,327.27,0.1474,10.0,87.07,93.51,1302046670,-0.0149
2022-06-17,MSFT,374.12,378.29,373.68,377.25,377.25,33719252,354.54,356.13,331.0,363.93,357.55,6.374,2.525,3.849,65.61,382.58,354.54,326.49,0.1582,9.62,91.34,92.27,1335765922,0.0057
2022-06-20,MSFT,375.04,376.87,369.79,372.77,372.77,23481765,355.46,356.59,331.08,365.29,358.68,6.608,3.342,3.266,61.31,384.61,355.46,326.31,0.164,9.46,82.41,86.94,1312284157,-0.0119
2022-06-21,MSFT,372.05,384.75,365.87,380.99,380.99,29832799,356.79,356.97,331.11,367.7,360.33,7.371,4.147,3.224,65.75,387.98,356.79,325.61,0.1748,10.13,92.95,88.9,1342116956,0.0221
2022-06-22,MSFT,379.63,388.57,377.99,383.15,383.15,38528472,358.51,357.26,331.17,370.08,362.02,8.057,4.929,3.128,66.82,391.48,358.51,325.54,0.1839,10.17,90.52,88.63,1380645428,0.0057
2022-06-23,MSFT,385.38,394.46,384.36,393.09,393.09,32880473,360.32,357.76,331.24,373.62,364.32,9.296,5.803,3.493,71.29,396.55,360.32,324.09,0.2011,10.25,97.83,93.77,1413525901,0.0259
2022-06-24,MSFT,392.5,392.88,382.36,385.42,385.42,26559098,361.9,358.22,331.28,375.43,365.89,9.549,6.552,2.997,64.12,399.58,361.9,324.21,0.2083,10.28,85.22,91.19,1386966803,-0.0195
2022-06-27,MSFT,384.11,387.1,378.5,384.9,384.9,25331335,363.75,358.59,331.39,376.89,367.29,9.597,7.161,2.436,63.65,402.13,363.75,325.36,0.2111,10.16,80.99,88.01,1361635468,-0.0013
2022-06-28,MSFT,385.46,390.4,383.15,387.72,387.72,31905876,365.92,358.96,331.52,378.56,368.81,9.75,7.679,2.071,65.13,404.56,365.92,327.28,0.2112,9.95,83.86,83.36,1393541344,0.0073
2022-06-29,MSFT,387.82,391.51,382.09,386.96,386.96,33682031,368.29,359.28,331.64,379.85,370.15,9.698,8.083,1.615,64.37,405.97,368.29,330.61,0.2046,9.92,82.04,82.3,1359859313,-0.002
2022-06-30,MSFT,386.54,388.85,375.09,375.79,375.79,43508628,370.47,359.27,331.71,379.22,370.57,8.656,8.197,0.459,54.29,404.43,370.47,336.5,0.1834,10.19,53.9,73.27,1316350685,-0.0289
2022-07-01,MSFT,374.53,379.1,372.84,377.06,377.06,21327410,372.66,359.39,331.83,378.89,371.05,7.842,8.126,-0.284,55.15,402.09,372.66,343.23,0.1579,9.91,50.57,62.17,1337678095,0.0034
2022-07-04,MSFT,379.12,380.04,372.6,375.99,375.99,30259224,374.64,359.56,331.97,378.45,371.42,7.029,7.907,-0.877,54.23,398.87,374.64,350.41,0.1293,9.73,35.4,46.62,1307418871,-0.0028
2022-07-05,MSFT,375.74,376.31,369.92,375.04,375.04,30001024,376.02,359.87,332.11,377.92,371.68,6.237,7.573,-1.336,53.37,396.8,376.02,355.24,0.1105,9.49,32.07,39.35,1277417847,-0.0025
2022-07-06,MSFT,374.38,375.11,371.19,372.55,372.55,24882905,377.08,360.17,332.17,377.1,371.75,5.347,7.128,-1.781,51.09,394.64,377.08,359.53,0.0931,9.1,23.36,30.28,1252534942,-0.0066
2022-07-07,MSFT,372.46,375.13,367.08,374.48,374.48,26812521,378.01,360.38,332.27,376.69,371.95,4.742,6.65,-1.909,52.78,392.73,378.01,363.28,0.0779,9.02,30.12,28.52,1279347463,0.0052
2022-07-08,MSFT,375.67,379.74,371.05,375.27,375.27,29209681,378.7,360.68,332.36,376.47,372.2,4.277,6.176,-1.899,53.48,391.41,378.7,365.99,0.0671,9.0,32.88,28.79,1308557144,0.0021
2022-07-11,MSFT,373.93,385.05,373.73,384.82,384.82,46375804,379.65,361.23,332.51,377.76,373.13,4.626,5.866,-1.24,61.05,391.16,379.65,368.13,0.0607,9.16,64.79,42.6,1354932948,0.0254
2022-07-12,MSFT,384.2,391.76,382.23,388.82,388.82,26767672,380.4,362.13,332.68,379.46,374.29,5.166,5.726,-0.56,63.72,392.24,380.4,368.56,0.0623,9.19,79.4,59.02,1381700620,0.0104
2022-07-13,MSFT,391.11,401.54,390.14,400.09,400.09,34049639,381.36,363.31,332.93,382.63,376.2,6.429,5.866,0.562,69.95,395.99,381.36,366.73,0.0767,9.44,95.79,80.0,1415750259,0.029
2022-07-14,MSFT,399.35,404.54,395.08,396.03,396.03,23172582,382.41,364.58,333.14,384.69,377.67,7.021,6.097,0.924,65.58,398.06,382.41,366.76,0.0818,9.44,77.28,84.16,1392577677,-0.0101
2022-07-15,MSFT,396.39,402.42,395.75,401.39,401.39,40124531,383.62,365.9,333.38,387.26,379.43,7.833,6.445,1.389,68.39,401.1,383.62,366.13,0.0912,9.25,91.59,88.22,1432702208,0.0135
2022-07-18,MSFT,399.15,407.37,399.06,403.89,403.89,28040232,385.17,367.14,333.64,389.82,381.24,8.579,6.872,1.708,69.63,404.01,385.17,366.34,0.0978,9.18,91.36,86.75,1460742440,0.0062
2022-07-19,MSFT,404.4,406.6,399.08,401.44,401.44,26166729,386.19,368.31,333.9,391.61,382.74,8.871,7.271,1.599,66.86,406.2,386.19,366.19,0.1036,9.06,85.28,89.41,1434575711,-0.0061
2022-07-20,MSFT,404.39,409.87,392.26,394.37,394.37,34005215,386.76,369.06,334.1,392.03,383.6,8.434,7.504,0.93,59.48,407.01,386.76,366.5,0.1047,9.67,63.78,80.14,1400570496,-0.0176
2022-07-21,MSFT,394.78,406.81,391.18,404.6,404.6,46208401,387.33,369.96,334.34,393.97,385.16,8.812,7.765,1.046,65.42,408.89,387.33,365.78,0.1113,10.1,87.68,78.91,1446778897,0.0259
2022-07-22,MSFT,406.16,407.23,394.46,398.99,398.99,40428433,388.01,370.71,334.54,394.74,386.18,8.56,7.924,0.635,60.21,410.13,388.01,365.89,0.114,10.29,74.57,75.34,1406350464,-0.0139
2022-07-25,MSFT,401.41,407.95,391.76,393.52,393.52,36406778,388.44,371.4,334.73,394.55,386.72,7.828,7.905,-0.077,55.56,410.64,388.44,366.25,0.1143,10.71,61.79,74.68,1369943686,-0.0137
2022-07-26,MSFT,396.89,401.93,394.29,397.06,397.06,22190453,388.91,372.29,334.96,394.94,387.49,7.448,7.814,-0.365,57.83,411.41,388.91,366.4,0.1157,10.54,70.06,68.81,1392134139,0.009
2022-07-27,MSFT,397.81,401.25,395.55,396.71,396.71,19728065,389.4,373.14,335.2,395.21,388.17,7.038,7.659,-0.621,57.51,412.13,389.4,366.66,0.1168,10.2,66.1,65.98,1372406074,-0.0009
2022-07-28,MSFT,396.38,400.2,388.71,391.77,391.77,34812896,390.19,373.96,335.42,394.68,388.44,6.242,7.375,-1.133,53.14,412.07,390.19,368.32,0.1121,10.29,49.92,62.03,1337593178,-0.0125
2022-07-29,MSFT,391.14,393.85,383.81,385.9,385.9,31917340,390.64,374.63,335.57,393.33,388.25,5.079,6.916,-1.837,48.43,411.78,390.64,369.5,0.1082,10.27,13.28,43.1,1305675838,-0.015
2022-08-01,MSFT,385.48,387.65,380.69,387.44,387.44,23249148,391.21,375.29,335.75,392.42,388.19,4.233,6.38,-2.146,49.69,411.33,391.21,371.09,0.1029,10.04,23.13,28.78,1328924986,0.004
2022-08-02,MSFT,386.13,399.38,380.85,397.74,397.74,42515795,392.34,376.16,335.99,393.24,388.9,4.344,5.972,-1.629,57.22,411.21,392.34,373.48,0.0962,10.64,58.43,31.61,1371440781,0.0266
2022-08-03,MSFT,399.04,407.38,397.0,405.31,405.31,28767719,393.98,377.29,336.26,395.1,390.11,4.985,5.775,-0.79,61.75,411.31,393.98,376.65,0.088,10.62,84.37,55.31,1400208500,0.019
2022-08-04,MSFT,408.54,413.24,402.39,402.8,402.8,29613264,395.4,378.2,336.53,396.28,391.05,5.23,5.666,-0.436,59.5,410.62,395.4,380.17,0.077,10.64,67.93,70.24,1370595236,-0.0062
2022-08-05,MSFT,403.81,408.01,393.55,394.67,394.67,32273018,396.37,379.02,336.78,396.04,391.32,4.714,5.475,-0.762,52.79,408.5,396.37,384.24,0.0612,10.91,42.95,65.08,1338322218,-0.0202
2022-08-08,MSFT,398.05,398.8,385.11,389.87,389.87,29487417,396.62,379.86,337.01,395.09,391.21,3.873,5.155,-1.282,49.26,407.96,396.62,385.28,0.0572,11.11,28.2,46.36,1308834801,-0.0122
2022-08-09,MSFT,390.06,397.92,387.41,396.58,396.58,39953655,397.01,380.91,337.28,395.32,391.61,3.705,4.865,-1.16,53.9,407.77,397.01,386.24,0.0542,11.07,48.82,39.99,1348788456,0.0172
2022-08-10,MSFT,394.15,399.35,388.62,392.71,392.71,24546035,396.64,381.97,337.54,394.92,391.69,3.223,4.536,-1.314,51.0,407.46,396.64,385.82,0.0546,11.04,36.93,37.98,1324242421,-0.0098
2022-08-11,MSFT,391.8,396.33,391.51,393.38,393.38,33528832,396.51,383.19,337.83,394.68,391.82,2.861,4.201,-1.34,51.49,407.42,396.51,385.59,0.0551,10.6,38.99,41.58,1357771253,0.0017
2022-08-12,MSFT,392.82,400.02,389.26,397.46,397.46,28636878,396.31,384.48,338.16,395.11,392.24,2.871,3.935,-1.064,54.46,407.01,396.31,385.62,0.054,10.61,51.52,42.48,1386408131,0.0104
2022-08-15,MSFT,395.51,402.92,392.99,397.86,397.86,31055820,396.01,385.71,338.48,395.53,392.65,2.878,3.724,-0.846,54.75,406.16,396.01,385.86,0.0513,10.56,52.75,47.75,1417463951,0.001
2022-08-16,MSFT,396.22,400.6,387.58,391.34,391.34,39061504,395.5,386.59,338.77,394.89,392.56,2.331,3.445,-1.115,49.21,405.53,395.5,385.48,0.0507,10.74,32.72,45.66,1378402447,-0.0164
2022-08-17,MSFT,393.64,396.08,390.08,390.18,390.18,38136098,395.29,387.36,339.0,394.16,392.38,1.783,3.113,-1.33,48.27,405.57,395.29,385.01,0.052,10.4,29.16,38.21,1340266349,-0.003
2022-08-18,MSFT,388.7,402.28,382.11,398.26,398.26,34356695,394.98,388.21,339.28,394.79,392.81,1.978,2.886,-0.908,54.73,404.45,394.98,385.51,0.048,11.1,53.98,38.62,1374623044,0.0207
2022-08-19,MSFT,399.75,404.54,386.34,390.5,390.5,42258373,394.55,388.79,339.49,394.13,392.64,1.489,2.606,-1.118,48.47,404.03,394.55,385.08,0.048,11.6,29.79,37.64,1332364671,-0.0195
2022-08-22,MSFT,388.57,390.49,376.88,379.1,379.1,35509879,393.83,389.05,339.65,391.82,391.64,0.179,2.121,-1.942,41.05,405.46,393.83,382.2,0.0591,11.75,6.11,29.96,1296854792,-0.0292
2022-08-23,MSFT,381.35,386.19,368.26,370.78,370.78,32524218,392.52,388.99,339.8,388.58,390.09,-1.512,1.394,-2.907,36.64,407.77,392.52,377.27,0.0777,12.19,5.6,13.83,1264330574,-0.0219
2022-08-24,MSFT,370.75,372.84,365.4,370.44,370.44,33383518,391.2,388.79,340.01,385.79,388.64,-2.848,0.546,-3.394,36.46,409.08,391.2,373.33,0.0914,11.85,11.83,7.85,1230947056,-0.0009
2022-08-25,MSFT,370.37,370.42,357.39,361.98,361.98,31922365,389.71,388.52,340.17,382.13,386.66,-4.536,-0.471,-4.066,32.38,411.66,389.71,367.77,0.1126,11.94,9.73,9.06,1199024691,-0.0228
2022-08-26,MSFT,363.16,375.25,360.25,373.1,373.1,37125235,389.07,388.44,340.39,380.74,385.66,-4.92,-1.36,-3.56,41.63,412.14,389.07,366.01,0.1186,12.16,33.32,18.29,1236149926,0.0307
2022-08-29,MSFT,372.95,379.71,369.44,378.04,378.04,27901779,388.61,388.55,340.64,380.32,385.1,-4.771,-2.043,-2.729,45.22,412.17,388.61,365.04,0.1213,12.02,43.8,28.95,1264051705,0.0132
2022-08-30,MSFT,380.59,380.69,375.76,377.54,377.54,28453941,387.6,388.48,340.89,379.9,384.54,-4.64,-2.562,-2.078,44.92,411.23,387.6,363.96,0.122,11.51,42.74,39.95,1235597764,-0.0013
2022-08-31,MSFT,373.62,380.53,369.0,374.73,374.73,21268999,386.07,388.31,341.13,379.1,383.81,-4.708,-2.991,-1.717,43.18,408.86,386.07,363.27,0.1181,11.52,36.78,41.1,1214328765,-0.0074
2022-09-01,MSFT,373.19,381.06,373.19,374.32,374.32,21435011,384.64,387.93,341.38,378.37,383.11,-4.741,-3.341,-1.4,42.92,406.63,384.64,362.66,0.1143,11.26,35.91,38.47,1192893754,-0.0011
2022-09-02,MSFT,374.49,380.58,368.63,380.2,380.2,37781955,383.92,387.83,341.67,378.65,382.89,-4.243,-3.522,-0.722,47.79,405.48,383.92,362.35,0.1123,11.3,48.38,40.35,1230675709,0.0157
2022-09-05,MSFT,380.8,382.25,378.93,381.3,381.3,22916994,383.49,387.76,341.96,379.06,382.77,-3.717,-3.561,-0.157,48.68,404.9,383.49,362.08,0.1117,10.73,50.71,45.0,1253592703,0.0029
2022-09-06,MSFT,379.36,383.5,379.27,381.01,381.01,25443987,382.71,387.62,342.23,379.36,382.64,-3.286,-3.506,0.22,48.44,403.28,382.71,362.14,0.1075,10.27,50.1,49.73,1228148716,-0.0008
2022-09-07,MSFT,378.27,382.36,368.98,373.25,373.25,24345475,381.74,387.35,342.43,378.42,381.95,-3.53,-3.511,-0.019,42.58,402.16,381.74,361.31,0.107,10.49,33.64,44.81,1203803241,-0.0204
2022-09-08,MSFT,372.1,374.13,356.46,357.79,357.79,41688009,379.96,386.99,342.6,375.24,380.16,-4.914,-3.791,-1.123,33.8,402.14,379.96,357.77,0.1168,11.0,3.91,29.21,1162115232,-0.0414
2022-09-09,MSFT,360.29,362.77,358.05,360.41,360.41,24268509,378.11,386.66,342.81,372.96,378.69,-5.733,-4.18,-1.553,36.2,400.32,378.11,355.89,0.1175,10.57,13.29,16.94,1186383741,0.0073
2022-09-12,MSFT,358.93,368.07,354.94,355.61,355.61,37454838,375.99,386.25,342.98,370.29,376.98,-6.693,-4.682,-2.01,33.78,398.33,375.99,353.66,0.1188,10.76,2.35,6.51,1148928903,-0.0133
2022-09-13,MSFT,353.72,365.13,351.51,362.87,362.87,35470894,374.57,386.01,343.26,369.15,375.94,-6.789,-5.104,-1.685,40.28,396.44,374.57,352.7,0.1168,10.96,35.51,17.05,1184399797,0.0204
2022-09-14,MSFT,362.23,366.19,360.88,365.14,365.14,26964021,373.32,385.86,343.59,368.53,375.14,-6.606,-5.404,-1.202,42.19,394.32,373.32,352.32,0.1125,10.56,42.61,26.82,1211363818,0.0063
2022-09-15,MSFT,365.06,368.96,360.35,366.81,366.81,32506591,371.75,385.7,343.95,368.27,374.52,-6.254,-5.574,-0.68,43.62,389.5,371.75,353.99,0.0955,10.42,47.83,41.98,1243870409,0.0046
2022-09-16,MSFT,364.78,368.82,355.8,357.72,357.72,33927738,370.11,385.35,344.28,366.65,373.28,-6.632,-5.786,-0.847,38.1,386.64,370.11,353.57,0.0893,10.6,19.41,36.62,1209942671,-0.0248
2022-09-19,MSFT,358.76,364.72,349.37,355.05,355.05,36646856,368.9,384.76,344.6,364.86,371.93,-7.066,-6.042,-1.024,36.63,386.13,368.9,351.68,0.0934,10.94,16.64,27.96,1173295815,-0.0075
2022-09-20,MSFT,354.84,355.52,346.66,349.07,349.07,30942056,367.82,383.96,344.86,362.43,370.23,-7.802,-6.394,-1.408,33.52,387.06,367.82,348.58,0.1046,10.79,6.54,14.2,1142353759,-0.0168
2022-09-21,MSFT,347.54,351.15,342.41,344.65,344.65,23056778,366.53,382.85,345.11,359.7,368.34,-8.643,-6.844,-1.799,31.4,388.19,366.53,344.86,0.1182,10.65,5.45,9.55,1119296981,-0.0127
2022-09-22,MSFT,346.73,348.42,340.77,341.08,341.08,28754332,365.48,381.75,345.37,356.83,366.32,-9.488,-7.372,-2.115,29.76,389.78,365.48,341.19,0.133,10.43,0.73,4.24,1090542649,-0.0104
2022-09-23,MSFT,340.59,341.96,329.02,331.79,331.79,45199641,363.42,380.36,345.56,352.98,363.76,-10.783,-8.054,-2.728,25.96,391.5,363.42,335.33,0.1546,10.61,5.08,3.75,1045343008,-0.0272
2022-09-26,MSFT,332.27,333.85,324.06,326.93,326.93,31219010,360.86,378.82,345.75,348.97,361.03,-12.062,-8.856,-3.206,24.22,392.27,360.86,329.46,0.174,10.55,4.92,3.58,1014123998,-0.0146
2022-09-27,MSFT,328.04,331.99,326.21,329.16,329.16,24778539,358.44,377.38,345.92,345.92,358.67,-12.749,-9.635,-3.114,26.65,391.73,358.44,325.15,0.1857,10.21,10.19,6.73,1038902537,0.0068
2022-09-28,MSFT,328.11,332.01,323.09,325.57,325.57,36175757,355.99,376.0,346.05,342.79,356.22,-13.428,-10.393,-3.035,25.25,391.3,355.99,320.67,0.1984,10.12,5.41,6.84,1002726780,-0.0109
2022-09-29,MSFT,325.33,328.84,318.54,320.6,320.6,38684799,353.3,374.32,346.13,339.38,353.58,-14.204,-11.155,-3.048,23.41,390.74,353.3,315.86,0.2119,10.13,4.09,6.56,964041981,-0.0153
2022-09-30,MSFT,320.02,322.33,311.06,316.19,316.19,33018959,350.1,372.67,346.21,335.81,350.81,-15.001,-11.925,-3.077,21.89,388.72,350.1,311.48,0.2206,10.21,8.86,6.12,931023022,-0.0138
2022-10-03,MSFT,318.4,321.34,309.87,313.98,313.98,26170962,346.73,371.07,346.27,332.45,348.08,-15.632,-12.666,-2.966,21.14,385.62,346.73,307.85,0.2243,10.3,6.96,6.63,904852060,-0.007
2022-10-04,MSFT,314.79,316.46,311.35,313.2,313.2,29734892,343.34,369.4,346.31,329.49,345.5,-16.01,-13.335,-2.675,20.87,381.5,343.34,305.18,0.2223,9.93,5.64,7.15,875117168,-0.0025
2022-10-05,MSFT,314.99,324.18,313.38,318.25,318.25,33283247,340.59,367.83,346.36,327.76,343.48,-15.72,-13.812,-1.909,27.33,377.65,340.59,303.54,0.2176,10.01,14.22,8.94,908400415,0.0161
2022-10-06,MSFT,317.5,321.04,315.59,317.79,317.79,18442027,338.59,366.35,346.39,326.23,341.58,-15.351,-14.12,-1.232,27.11,376.03,338.59,301.15,0.2212,9.68,14.44,11.43,889958388,-0.0014
2022-10-07,MSFT,319.65,320.68,317.26,317.41,317.41,35780836,336.44,364.98,346.42,324.87,339.79,-14.918,-14.279,-0.638,26.92,373.56,336.44,299.32,0.2207,9.24,16.52,15.06,854177552,-0.0012
2022-10-10,MSFT,316.74,322.43,313.66,322.15,322.15,29542826,334.77,363.67,346.48,324.45,338.48,-14.03,-14.229,0.2,33.21,371.3,334.77,298.25,0.2182,9.2,29.75,20.23,883720378,0.0149
2022-10-11,MSFT,321.44,323.02,316.61,320.74,320.74,24163654,332.66,362.13,346.55,323.88,337.17,-13.286,-14.041,0.754,32.32,367.27,332.66,298.06,0.2081,9.0,28.2,24.82,859556724,-0.0044
2022-10-12,MSFT,322.2,324.53,316.62,317.43,317.43,32492743,330.28,360.38,346.61,322.89,335.71,-12.817,-13.796,0.979,30.26,362.07,330.28,298.49,0.1925,8.92,23.56,27.17,827063981,-0.0103
2022-10-13,MSFT,316.9,318.43,309.13,315.43,315.43,29043807,327.71,358.63,346.66,321.74,334.2,-12.463,-13.529,1.067,29.06,355.3,327.71,300.12,0.1684,8.95,25.49,25.75,798020174,-0.0063
2022-10-14,MSFT,315.42,315.57,313.53,315.07,315.07,31932939,325.58,357.04,346.71,320.71,332.79,-12.072,-13.238,1.166,28.84,349.97,325.58,301.19,0.1498,8.46,25.96,25.0,766087235,-0.0011
2022-10-17,MSFT,316.61,317.45,309.49,309.88,309.88,45146605,323.32,355.44,346.74,319.05,331.09,-12.042,-12.999,0.957,25.78,344.53,323.32,302.1,0.1312,8.42,3.28,18.24,720940630,-0.0165
2022-10-18,MSFT,308.57,312.07,308.43,311.78,311.78,33049596,321.45,353.74,346.79,317.93,329.66,-11.729,-12.745,1.015,28.76,339.62,321.45,303.28,0.113,8.08,16.41,15.22,753990226,0.0061
2022-10-19,MSFT,311.8,314.37,310.6,313.29,313.29,30600404,319.89,352.15,346.9,317.22,328.45,-11.231,-12.442,1.211,31.12,334.92,319.89,304.85,0.094,7.77,30.19,16.63,784590630,0.0048
2022-10-20,MSFT,316.49,320.92,305.3,312.69,312.69,31166860,318.47,350.54,347.07,316.52,327.28,-10.76,-12.106,1.346,30.69,330.23,318.47,306.7,0.0739,8.33,38.43,28.34,753423770,-0.0019
2022-10-21,MSFT,309.78,314.14,306.03,311.45,311.45,23067905,317.45,348.82,347.25,315.74,326.11,-10.367,-11.758,1.391,29.76,327.87,317.45,307.02,0.0657,8.32,31.98,33.53,730355865,-0.004
2022-10-24,MSFT,309.26,312.15,306.17,306.23,306.23,26300661,316.41,346.99,347.41,314.28,324.63,-10.358,-11.478,1.12,26.18,326.98,316.41,305.85,0.0668,8.15,4.84,25.08,704055204,-0.0168
2022-10-25,MSFT,304.45,306.8,297.69,301.98,301.98,36097074,315.06,345.2,347.56,312.38,322.96,-10.572,-11.297,0.725,23.67,325.7,315.06,304.41,0.0676,8.22,15.98,17.6,667958130,-0.0139
2022-10-26,MSFT,301.84,307.15,291.73,295.02,295.02,42221891,313.53,343.3,347.7,309.71,320.89,-11.174,-11.272,0.098,20.26,326.26,313.53,300.79,0.0812,8.73,10.03,10.28,625736239,-0.023
2022-10-27,MSFT,296.18,301.3,295.73,298.77,298.77,32416599,312.44,341.31,347.85,308.03,319.25,-11.219,-11.261,0.042,26.42,326.26,312.44,298.62,0.0885,8.56,21.46,15.83,658152838,0.0127
2022-10-28,MSFT,299.61,308.58,299.38,303.19,303.19,26212884,311.79,339.56,347.98,307.29,318.06,-10.774,-11.164,0.39,32.99,326.06,311.79,297.52,0.0915,8.65,34.94,22.14,684365722,0.0148
2022-10-31,MSFT,305.68,308.19,294.62,299.81,299.81,36358962,311.08,337.97,348.06,306.14,316.71,-10.572,-11.046,0.473,30.73,326.22,311.08,295.93,0.0974,9.0,24.63,27.01,648006760,-0.0111
2022-11-01,MSFT,298.81,300.07,297.45,300.06,300.06,23527283,310.42,336.56,348.15,305.2,315.47,-10.274,-10.891,0.617,31.1,326.26,310.42,294.58,0.1021,8.54,28.54,29.37,671534043,0.0008
2022-11-02,MSFT,299.47,304.96,288.59,292.54,292.54,31335672,309.14,335.0,348.23,303.25,313.78,-10.523,-10.818,0.295,26.45,326.34,309.14,291.93,0.1113,9.1,12.22,21.8,640198371,-0.0251
2022-11-03,MSFT,293.11,293.95,286.04,288.68,288.68,39964033,307.68,333.54,348.31,301.01,311.92,-10.906,-10.835,-0.071,24.44,326.56,307.68,288.8,0.1227,9.02,7.57,16.11,600234338,-0.0132
2022-11-04,MSFT,289.12,290.93,287.14,289.86,289.86,25631721,306.3,331.87,348.41,299.3,310.28,-10.987,-10.866,-0.122,26.29,326.13,306.3,286.47,0.1295,8.64,10.95,10.25,625866059,0.0041
2022-11-07,MSFT,291.58,294.47,288.92,289.28,289.28,33367610,304.66,330.1,348.47,297.75,308.73,-10.972,-10.887,-0.085,25.95,324.41,304.66,284.91,0.1297,8.42,9.29,9.27,592498449,-0.002
2022-11-08,MSFT,289.79,294.46,289.42,290.99,290.99,32893082,303.17,328.36,348.55,296.71,307.41,-10.699,-10.849,0.15,28.84,322.33,303.17,284.01,0.1264,8.19,14.19,11.48,625391531,0.0059
2022-11-09,MSFT,291.44,292.08,288.3,291.67,291.67,31058707,301.88,326.7,348.61,295.94,306.25,-10.309,-10.741,0.432,30.02,320.49,301.88,283.28,0.1233,7.88,20.04,14.51,656450238,0.0023
2022-11-10,MSFT,292.48,294.68,282.2,288.06,288.06,25674734,300.51,324.98,348.68,294.73,304.9,-10.174,-10.628,0.454,27.43,318.96,300.51,282.07,0.1227,8.2,19.57,17.93,630775504,-0.0124
2022-11-11,MSFT,288.04,289.92,282.91,287.57,287.57,27413206,299.14,323.13,348.73,293.62,303.62,-9.991,-10.501,0.509,27.09,317.13,299.14,281.15,0.1203,8.12,20.36,19.99,603362298,-0.0017
2022-11-14,MSFT,288.42,296.26,288.09,291.94,291.94,31347699,298.24,321.34,348.81,293.37,302.75,-9.385,-10.278,0.892,34.86,315.79,298.24,280.7,0.1177,8.16,36.92,25.61,634709997,0.0152
2022-11-15,MSFT,290.6,291.68,285.43,286.14,286.14,32423345,296.96,319.44,348.86,292.25,301.52,-9.267,-10.075,0.809,30.25,314.1,296.96,279.82,0.1155,8.04,14.94,24.07,602286652,-0.0199
2022-11-16,MSFT,285.14,287.84,283.73,286.25,286.25,33101531,295.61,317.7,348.89,291.33,300.39,-9.059,-9.872,0.813,30.44,311.62,295.61,279.6,0.1083,7.76,15.35,22.4,635388183,0.0004
2022-11-17,MSFT,284.77,285.33,284.66,284.84,284.84,22733680,294.22,316.24,348.87,290.33,299.24,-8.906,-9.679,0.773,29.35,308.82,294.22,279.61,0.0993,7.32,10.16,13.48,612654503,-0.0049
2022-11-18,MSFT,282.25,288.84,278.18,285.57,285.57,40086138,292.92,314.74,348.82,289.6,298.23,-8.626,-9.468,0.842,30.73,305.66,292.92,280.19,0.0869,7.56,27.6,17.7,652740641,0.0026
2022-11-21,MSFT,282.31,283.95,279.45,280.58,280.58,28529395,291.64,313.24,348.74,288.21,296.92,-8.707,-9.316,0.609,26.86,303.91,291.64,279.37,0.0842,7.46,8.96,15.57,624211246,-0.0175
2022-11-22,MSFT,279.54,288.31,279.1,286.43,286.43,30802547,290.86,311.72,348.65,287.94,296.14,-8.204,-9.094,0.89,36.9,302.36,290.86,279.36,0.0791,7.58,45.63,27.4,655013793,0.0208
2022-11-23,MSFT,286.39,290.06,281.11,281.43,281.43,36466116,290.18,310.04,348.55,286.94,295.05,-8.115,-8.898,0.783,32.76,302.21,290.18,278.15,0.0829,7.68,17.98,24.19,618547677,-0.0175
2022-11-24,MSFT,282.2,284.1,280.36,283.06,283.06,36259676,289.4,308.37,348.44,286.34,294.16,-7.823,-8.683,0.86,35.31,301.13,289.4,277.66,0.0811,7.4,26.99,30.2,654807353,0.0058
2022-11-25,MSFT,282.03,288.43,281.74,285.13,285.13,31693794,288.49,306.91,348.3,286.15,293.49,-7.34,-8.414,1.074,38.5,298.5,288.49,278.49,0.0693,7.35,38.44,27.8,686501147,0.0073
2022-11-28,MSFT,284.94,284.96,270.32,273.59,273.59,38207404,287.18,305.29,348.12,284.22,292.02,-7.799,-8.291,0.492,29.71,297.76,287.18,276.6,0.0737,7.88,12.61,26.01,648293743,-0.0405
2022-11-29,MSFT,273.51,284.05,272.39,279.75,279.75,42136132,286.17,303.9,347.96,283.53,291.11,-7.578,-8.149,0.571,37.86,295.43,286.17,276.91,0.0647,8.15,36.35,29.13,690429875,0.0225
2022-11-30,MSFT,278.93,283.37,277.77,279.47,279.47,20160336,285.51,302.59,347.83,282.91,290.25,-7.341,-7.987,0.646,37.65,294.73,285.51,276.3,0.0645,7.97,35.27,28.08,670269539,-0.001
2022-12-01,MSFT,278.52,282.53,276.58,276.61,276.61,27828840,284.91,301.31,347.66,281.94,289.24,-7.299,-7.849,0.55,35.45,294.77,284.91,275.05,0.0692,7.82,24.25,31.96,642440699,-0.0102
2022-12-02,MSFT,274.2,280.76,273.49,280.0,280.0,35058230,284.42,300.27,347.53,281.64,288.55,-6.913,-7.662,0.749,39.93,294.23,284.42,274.61,0.069,7.78,45.32,34.95,677498929,0.0123
2022-12-05,MSFT,278.02,283.15,277.25,281.91,281.91,39745562,284.05,299.37,347.38,281.68,288.06,-6.38,-7.406,1.026,42.36,293.65,284.05,274.45,0.0676,7.65,58.71,42.76,717244491,0.0068
2022-12-06,MSFT,280.85,281.51,280.02,281.36,281.36,32712072,283.57,298.41,347.26,281.63,287.57,-5.933,-7.111,1.178,41.84,292.68,283.57,274.45,0.0643,7.24,55.93,53.32,684532419,-0.002
2022-12-07,MSFT,281.47,285.66,280.33,280.42,280.42,34488032,283.01,297.51,347.06,281.45,287.04,-5.59,-6.807,1.217,40.9,291.41,283.01,274.6,0.0594,7.1,51.17,55.27,650044387,-0.0033
2022-12-08,MSFT,281.35,283.87,277.37,277.82,277.82,35555565,282.49,296.65,346.86,280.89,286.35,-5.465,-6.539,1.073,38.36,290.85,282.49,274.13,0.0592,7.06,37.99,48.36,614488822,-0.0093
2022-12-09,MSFT,279.25,286.22,274.82,284.13,284.13,39950637,282.32,296.01,346.67,281.39,286.19,-4.802,-6.191,1.389,46.98,290.39,282.32,274.25,0.0572,7.37,69.96,53.04,654439459,0.0227
2022-12-12,MSFT,283.11,283.76,280.42,280.88,280.88,36544997,281.77,295.35,346.5,281.31,285.8,-4.487,-5.85,1.364,43.6,288.54,281.77,275.0,0.0481,7.11,53.5,53.82,617894462,-0.0114
2022-12-13,MSFT,282.87,284.5,280.03,282.15,282.15,26849120,281.57,294.73,346.34,281.44,285.53,-4.087,-5.498,1.411,45.26,288.04,281.57,275.1,0.046,6.92,65.32,62.93,644743582,0.0045
2022-12-14,MSFT,282.39,284.1,278.63,282.15,282.15,24163034,281.36,294.01,346.16,281.55,285.28,-3.728,-5.144,1.416,45.26,287.48,281.36,275.25,0.0435,6.82,65.32,61.38,644743582,0.0
2022-12-15,MSFT,282.37,284.3,274.88,278.03,278.03,26988098,281.02,293.21,345.96,281.01,284.74,-3.732,-4.861,1.129,40.75,287.09,281.02,274.96,0.0431,7.0,48.49,59.71,617755484,-0.0146
2022-12-16,MSFT,279.52,281.04,271.7,273.16,273.16,30354286,280.4,292.33,345.7,279.8,283.88,-4.082,-4.705,0.624,36.16,286.99,280.4,273.81,0.047,7.17,10.06,41.29,587401198,-0.0175
2022-12-19,MSFT,273.68,282.77,273.62,278.97,278.97,32519613,280.32,291.46,345.45,279.67,283.52,-3.845,-4.533,0.688,44.23,286.94,280.32,273.7,0.0472,7.34,50.07,36.2,619920811,0.0213
2022-12-20,MSFT,280.28,281.26,279.22,280.84,280.84,19842478,280.04,290.67,345.2,279.85,283.32,-3.467,-4.32,0.853,46.57,286.05,280.04,274.03,0.0429,6.98,62.95,41.02,639763289,0.0067
2022-12-21,MSFT,280.29,285.79,277.67,285.13,285.13,40704942,280.23,290.02,345.0,280.66,283.45,-2.79,-4.014,1.225,51.59,286.61,280.23,273.84,0.0456,7.06,92.49,68.5,680468231,0.0153
2022-12-22,MSFT,285.59,291.94,276.51,281.81,281.81,41305630,280.17,289.35,344.77,280.84,283.33,-2.491,-3.71,1.218,47.84,286.46,280.17,273.87,0.0449,7.66,49.95,68.46,639162601,-0.0116
2022-12-23,MSFT,282.12,290.72,281.39,289.37,289.37,40424328,280.38,288.83,344.6,282.15,283.78,-1.626,-3.293,1.667,55.72,287.55,280.38,273.2,0.0512,7.78,87.3,76.58,679586929,0.0268
2022-12-26,MSFT,289.97,292.6,279.37,280.47,280.47,48823839,280.72,288.25,344.41,281.89,283.53,-1.64,-2.962,1.322,46.76,287.19,280.72,274.26,0.0461,8.17,41.96,59.74,630763090,-0.0308
2022-12-27,MSFT,279.69,281.73,278.5,280.18,280.18,19470521,280.74,287.61,344.21,281.63,283.29,-1.655,-2.701,1.046,46.5,287.2,280.74,274.29,0.046,7.82,40.57,56.61,611292569,-0.001
2022-12-28,MSFT,279.68,283.39,278.34,278.92,278.92,26311998,280.72,286.93,343.99,281.21,282.96,-1.749,-2.511,0.762,45.31,287.2,280.72,274.23,0.0462,7.62,34.55,39.03,584980571,-0.0045
2022-12-29,MSFT,276.71,279.67,275.06,278.73,278.73,22339232,280.82,286.25,343.74,280.83,282.65,-1.817,-2.372,0.555,45.12,287.1,280.82,274.55,0.0447,7.4,33.64,36.25,562641339,-0.0007
2022-12-30,MSFT,278.61,282.68,272.27,274.07,274.07,27782725,280.53,285.5,343.4,279.79,282.01,-2.222,-2.342,0.12,40.68,287.45,280.53,273.6,0.0494,7.62,11.34,26.51,534858614,-0.0167
2023-01-02,MSFT,275.06,275.56,272.81,273.97,273.97,27347810,280.13,284.85,343.05,278.9,281.42,-2.522,-2.378,-0.144,40.59,287.58,280.13,272.67,0.0532,7.27,10.86,18.61,507510804,-0.0004
2023-01-03,MSFT,271.53,285.22,271.43,278.62,278.62,38203324,279.99,284.39,342.69,278.85,281.21,-2.357,-2.374,0.017,46.65,287.45,279.99,272.53,0.0533,7.74,33.96,18.72,545714128,0.017
2023-01-04,MSFT,281.13,284.27,278.51,280.29,280.29,26876660,279.98,284.09,342.34,279.07,281.14,-2.068,-2.313,0.245,48.68,287.44,279.98,272.53,0.0533,7.6,41.85,28.89,572590788,0.006
2023-01-05,MSFT,277.28,284.34,275.82,282.53,282.53,39277987,280.22,283.77,341.97,279.61,281.24,-1.639,-2.178,0.539,51.35,287.69,280.22,272.75,0.0533,7.66,52.43,42.75,611868775,0.008
2023-01-06,MSFT,284.73,287.71,276.77,277.43,277.43,35541534,279.88,283.25,341.53,279.27,280.96,-1.691,-2.08,0.389,45.54,287.22,279.88,272.55,0.0524,7.9,28.34,40.88,576327241,-0.0181
2023-01-09,MSFT,276.68,278.06,273.72,274.88,274.88,30893151,279.58,282.75,341.1,278.6,280.51,-1.916,-2.048,0.132,42.93,287.22,279.58,271.95,0.0546,7.64,16.3,32.36,545434090,-0.0092
2023-01-10,MSFT,275.63,276.56,272.18,272.42,272.42,28050814,279.1,282.2,340.66,277.65,279.91,-2.267,-2.091,-0.175,40.51,287.24,279.1,270.96,0.0583,7.41,4.68,16.44,517383276,-0.0089
2023-01-11,MSFT,269.92,273.67,267.8,273.14,273.14,39652571,278.65,281.81,340.23,276.95,279.41,-2.458,-2.165,-0.293,41.55,287.06,278.65,270.24,0.0604,7.3,21.53,14.17,557035847,0.0026
2023-01-12,MSFT,274.69,276.72,261.61,264.79,264.79,52765470,277.99,281.34,339.75,275.08,278.33,-3.246,-2.381,-0.865,34.12,288.34,277.99,267.63,0.0745,7.86,10.26,12.16,504270377,-0.0306
2023-01-13,MSFT,263.91,267.33,261.6,266.98,266.98,25640072,277.68,280.88,339.33,273.83,277.49,-3.652,-2.635,-1.017,37.28,288.92,277.68,266.43,0.081,7.7,20.61,17.47,529910449,0.0083
2023-01-16,MSFT,267.89,267.98,261.18,266.57,266.57,21320075,277.06,280.42,338.91,272.72,276.68,-3.961,-2.901,-1.061,36.93,289.27,277.06,264.84,0.0882,7.64,20.32,17.06,508590374,-0.0015
2023-01-17,MSFT,264.8,268.4,261.56,264.85,264.85,24086307,276.26,279.9,338.43,271.51,275.8,-4.295,-3.179,-1.116,35.39,289.44,276.26,263.08,0.0954,7.58,13.83,18.25,484504067,-0.0065
2023-01-18,MSFT,262.53,271.7,262.4,268.61,268.61,37504099,275.43,279.44,337.93,271.06,275.27,-4.208,-3.385,-0.823,41.15,288.35,275.43,262.51,0.0938,7.71,28.01,20.72,522008166,0.0142
2023-01-19,MSFT,268.01,269.09,265.24,266.43,266.43,29472699,274.66,279.01,337.42,270.35,274.61,-4.266,-3.561,-0.705,38.98,287.8,274.66,261.53,0.0957,7.43,19.79,20.54,492535467,-0.0081
2023-01-20,MSFT,266.59,266.69,261.47,262.5,262.5,26638626,273.32,278.51,336.92,269.14,273.72,-4.576,-3.764,-0.812,35.36,285.64,273.32,261.0,0.0901,7.27,4.98,17.59,465896841,-0.0148
2023-01-23,MSFT,262.38,266.05,253.77,255.9,255.9,40961544,272.09,277.79,336.37,267.1,272.4,-5.293,-4.07,-1.223,30.28,286.09,272.09,258.09,0.1029,7.63,6.28,10.35,424935297,-0.0251
2023-01-24,MSFT,255.31,255.85,254.33,255.62,255.62,32159032,270.86,277.17,335.8,265.34,271.15,-5.817,-4.42,-1.398,30.08,286.07,270.86,255.66,0.1123,7.2,5.45,5.57,392776265,-0.0011
2023-01-25,MSFT,256.66,258.44,256.17,258.35,258.35,33150008,269.83,276.62,335.24,264.26,270.21,-5.944,-4.724,-1.219,34.56,285.5,269.83,254.17,0.1161,6.88,13.49,8.41,425926273,0.0107
2023-01-26,MSFT,259.13,262.67,256.98,260.98,260.98,21345745,268.95,276.14,334.66,263.76,269.52,-5.765,-4.933,-0.833,38.65,284.5,268.95,253.39,0.1157,6.8,29.68,16.21,447272018,0.0102
2023-01-27,MSFT,261.08,266.33,258.98,263.32,263.32,34498215,268.41,275.69,334.12,263.69,269.06,-5.373,-5.021,-0.352,42.11,283.96,268.41,252.85,0.1159,6.84,41.61,28.26,481770233,0.009
2023-01-30,MSFT,265.54,274.77,263.23,270.87,270.87,43322265,268.25,275.5,333.64,264.79,269.2,-4.402,-4.897,0.495,51.59,283.65,268.25,252.86,0.1148,7.17,74.51,48.6,525092498,0.0287
2023-01-31,MSFT,269.42,274.71,267.97,271.49,271.49,25009228,267.9,275.2,333.2,265.82,269.37,-3.542,-4.626,1.084,52.29,282.63,267.9,253.17,0.11,7.14,77.21,64.44,550101726,0.0023
2023-02-01,MSFT,269.22,272.18,266.7,271.8,271.8,33941379,267.47,275.01,332.77,266.74,269.55,-2.803,-4.262,1.458,52.65,281.21,267.47,253.74,0.1027,7.02,85.86,79.19,584043105,0.0011
2023-02-02,MSFT,273.91,275.89,270.59,273.1,273.1,28823042,267.0,274.81,332.32,267.72,269.81,-2.089,-3.827,1.738,54.23,279.2,267.0,254.81,0.0913,6.9,87.39,83.49,612866147,0.0048
2023-02-03,MSFT,274.83,278.47,268.83,269.99,269.99,34523874,266.63,274.51,331.86,268.07,269.82,-1.753,-3.412,1.659,49.94,277.95,266.63,255.31,0.0849,7.1,65.67,79.64,578342273,-0.0114
2023-02-06,MSFT,267.29,273.71,266.86,270.25,270.25,39340818,266.4,274.44,331.43,268.41,269.86,-1.449,-3.02,1.57,50.29,277.21,266.4,255.58,0.0812,7.08,66.72,73.26,617683091,0.001
2023-02-07,MSFT,269.92,273.97,268.81,273.57,273.57,29151803,266.46,274.32,331.08,269.2,270.13,-0.93,-2.602,1.672,54.7,277.41,266.46,255.5,0.0822,6.94,80.16,70.85,646834894,0.0123
2023-02-08,MSFT,272.87,275.1,271.23,273.56,273.56,21490518,266.48,274.2,330.74,269.87,270.38,-0.513,-2.184,1.671,54.68,277.48,266.48,255.47,0.0826,6.72,80.12,75.67,625344376,-0.0
2023-02-09,MSFT,274.74,283.18,274.12,278.18,278.18,26733359,267.15,274.23,330.47,271.15,270.96,0.188,-1.71,1.897,60.35,279.24,267.15,255.06,0.0905,6.93,83.0,81.09,652077735,0.0169
2023-02-10,MSFT,277.71,278.21,275.3,276.47,276.47,27648347,267.62,274.16,330.17,271.97,271.37,0.598,-1.248,1.846,57.48,280.37,267.62,254.87,0.0953,6.64,76.74,79.95,624429388,-0.0061
2023-02-13,MSFT,274.35,282.42,273.46,280.83,280.83,43097822,268.33,274.14,329.87,273.33,272.07,1.261,-0.746,2.007,62.39,282.31,268.33,254.36,0.1042,6.81,91.3,83.68,667527210,0.0158
2023-02-14,MSFT,282.32,283.48,278.47,279.99,279.99,27751438,269.09,274.11,329.55,274.36,272.66,1.699,-0.257,1.956,60.93,283.85,269.09,254.33,0.1097,6.68,86.83,84.96,639775772,-0.003
2023-02-15,MSFT,278.37,279.37,276.53,276.76,276.76,30926515,269.5,274.04,329.15,274.73,272.96,1.764,0.147,1.617,55.55,284.62,269.5,254.37,0.1123,6.45,72.57,83.57,608849257,-0.0115
2023-02-16,MSFT,279.19,283.85,275.7,280.7,280.7,21245210,270.21,274.09,328.76,275.64,273.53,2.11,0.54,1.571,60.17,286.02,270.21,254.4,0.117,6.57,84.72,81.38,630094467,0.0142
2023-02-17,MSFT,280.92,287.3,275.93,281.66,281.66,25737718,271.17,274.05,328.36,276.57,274.14,2.434,0.919,1.515,61.23,287.31,271.17,255.02,0.1191,6.91,72.62,76.64,655832185,0.0034
2023-02-20,MSFT,279.13,295.88,277.66,291.47,291.47,53325939,272.95,274.26,328.02,278.86,275.42,3.442,1.423,2.019,69.99,289.79,272.95,256.1,0.1234,7.72,84.89,80.74,709158124,0.0348
2023-02-21,MSFT,290.69,293.58,284.37,290.37,290.37,23825181,274.69,274.42,327.71,280.63,276.53,4.105,1.96,2.146,68.13,291.19,274.69,258.18,0.1202,7.83,81.01,79.51,685332943,-0.0038
2023-02-22,MSFT,291.3,294.68,284.6,287.25,287.25,30743132,276.13,274.52,327.37,281.65,277.32,4.329,2.434,1.895,63.02,291.69,276.13,260.57,0.1127,7.99,70.26,78.72,654589811,-0.0107
2023-02-23,MSFT,286.94,289.61,284.11,285.31,285.31,28527951,277.35,274.67,327.05,282.21,277.91,4.3,2.807,1.493,60.0,291.74,277.35,262.95,0.1038,7.81,63.58,71.62,626061860,-0.0068
2023-02-24,MSFT,283.98,287.85,280.52,284.47,284.47,22211155,278.4,274.9,326.71,282.56,278.4,4.162,3.078,1.084,58.69,291.58,278.4,265.23,0.0946,7.78,57.85,63.9,603850705,-0.0029
2023-02-27,MSFT,282.36,285.07,280.74,283.26,283.26,32743651,279.02,274.98,326.35,282.67,278.76,3.909,3.244,0.665,56.77,291.88,279.02,266.16,0.0922,7.53,48.8,56.74,571107054,-0.0043
2023-02-28,MSFT,282.18,283.75,278.07,282.65,282.65,31077686,279.58,275.02,325.99,282.67,279.05,3.618,3.319,0.299,55.78,292.05,279.58,267.12,0.0892,7.4,40.99,49.21,540029368,-0.0022
2023-03-01,MSFT,283.75,287.53,280.58,285.74,285.74,31930778,280.28,275.03,325.68,283.14,279.54,3.595,3.374,0.221,59.63,292.48,280.28,268.07,0.0871,7.37,54.77,48.19,571960146,0.0109
2023-03-02,MSFT,286.24,288.33,277.14,282.71,282.71,28046062,280.76,275.05,325.31,283.07,279.78,3.295,3.358,-0.063,54.61,292.55,280.76,268.97,0.084,7.64,41.26,45.67,543914084,-0.0106
2023-03-03,MSFT,284.4,287.27,281.62,286.64,286.64,29067821,281.59,274.99,324.97,283.62,280.29,3.335,3.354,-0.018,59.38,292.54,281.59,270.64,0.0778,7.5,54.21,50.08,572981905,0.0139
2023-03-06,MSFT,286.9,290.71,282.73,288.93,288.93,29619021,282.53,275.16,324.68,284.44,280.93,3.512,3.385,0.126,61.9,292.6,282.53,272.46,0.0713,7.53,65.56,53.68,602600926,0.008
2023-03-07,MSFT,288.8,290.6,282.02,284.91,284.91,36350184,283.09,275.26,324.38,284.51,281.22,3.289,3.366,-0.077,55.41,292.32,283.09,273.86,0.0652,7.61,45.64,55.14,566250742,-0.0139
2023-03-08,MSFT,284.88,291.2,284.4,290.81,290.81,38697333,283.96,275.49,324.14,285.48,281.93,3.548,3.403,0.146,61.75,292.67,283.96,275.24,0.0614,7.55,74.59,61.93,604948075,0.0207
2023-03-09,MSFT,293.52,296.6,285.74,289.69,289.69,39644536,284.53,275.71,323.92,286.13,282.51,3.621,3.446,0.175,60.0,293.17,284.53,275.9,0.0607,7.79,64.49,61.57,565303539,-0.0039
2023-03-10,MSFT,287.99,290.03,276.92,281.2,281.2,44442271,284.77,275.86,323.66,285.37,282.41,2.96,3.349,-0.389,48.77,292.74,284.77,276.8,0.056,8.17,21.75,53.61,520861268,-0.0293
2023-03-13,MSFT,280.58,280.94,278.81,280.18,280.18,18713654,284.74,275.98,323.38,284.57,282.24,2.327,3.144,-0.818,47.61,292.78,284.74,276.69,0.0565,7.75,16.57,34.27,502147614,-0.0036
2023-03-14,MSFT,281.87,282.35,273.39,277.62,277.62,27697636,284.62,275.96,323.03,283.5,281.9,1.6,2.836,-1.236,44.75,293.0,284.62,276.24,0.0589,7.84,18.22,18.85,474449978,-0.0091
2023-03-15,MSFT,277.5,277.69,271.84,271.95,271.95,29089998,284.38,275.79,322.64,281.72,281.16,0.56,2.38,-1.821,39.14,293.85,284.38,274.9,0.0666,7.7,0.44,11.74,445359980,-0.0204
2023-03-16,MSFT,271.2,275.23,264.74,268.77,268.77,25935033,283.78,275.52,322.2,279.73,280.25,-0.515,1.801,-2.316,36.38,295.37,283.78,272.19,0.0817,7.9,12.65,10.44,419424947,-0.0117
2023-03-17,MSFT,268.1,275.06,266.35,273.04,273.04,30961475,283.35,275.43,321.76,278.7,279.71,-1.011,1.239,-2.25,42.26,295.83,283.35,270.87,0.0881,7.95,26.05,13.05,450386422,0.0159
2023-03-20,MSFT,273.65,274.04,266.82,267.4,267.4,36941634,282.14,275.28,321.27,276.96,278.8,-1.837,0.624,-2.461,37.35,295.84,282.14,268.45,0.0971,7.9,8.35,15.68,413444788,-0.0207
2023-03-21,MSFT,268.24,277.12,262.17,273.16,273.16,35163559,281.28,275.3,320.76,276.38,278.38,-2.005,0.098,-2.103,44.45,294.97,281.28,267.6,0.0973,8.41,31.92,22.11,448608347,0.0215
2023-03-22,MSFT,274.09,275.03,272.01,274.81,274.81,20663979,280.66,275.33,320.23,276.14,278.12,-1.981,-0.318,-1.663,46.33,294.34,280.66,266.99,0.0974,8.02,36.71,25.66,469272326,0.006
2023-03-23,MSFT,274.77,279.54,274.63,275.17,275.17,24324373,280.16,275.54,319.73,275.99,277.9,-1.912,-0.637,-1.275,46.75,293.86,280.16,266.46,0.0978,7.8,37.76,35.46,493596699,0.0013
2023-03-24,MSFT,274.67,274.76,271.09,272.48,272.48,34368565,279.56,275.65,319.21,275.45,277.5,-2.05,-0.919,-1.131,43.96,293.5,279.56,265.62,0.0997,7.53,29.94,34.8,459228134,-0.0098
2023-03-27,MSFT,272.73,280.58,271.15,279.05,279.05,42377522,279.35,275.9,318.74,276.0,277.61,-1.611,-1.058,-0.553,51.55,293.18,279.35,265.51,0.0991,7.67,49.03,38.91,501605656,0.0241
2023-03-28,MSFT,280.37,285.21,274.11,275.96,275.96,31291175,279.01,276.12,318.22,276.0,277.49,-1.495,-1.145,-0.35,48.24,292.83,279.01,265.19,0.0991,7.91,40.05,39.67,470314481,-0.0111
2023-03-29,MSFT,276.07,276.43,267.26,269.18,269.18,43551163,278.18,276.13,317.65,274.95,276.88,-1.928,-1.302,-0.626,41.89,292.28,278.18,264.09,0.1013,8.0,25.16,38.08,426763318,-0.0246
2023-03-30,MSFT,269.16,271.58,265.97,270.51,270.51,30722728,277.57,276.21,317.03,274.26,276.4,-2.139,-1.469,-0.67,43.46,291.88,277.57,263.26,0.1031,7.83,36.2,33.8,457486046,0.0049
2023-03-31,MSFT,271.39,276.45,270.08,275.93,275.93,28906140,277.04,276.48,316.49,274.52,276.37,-1.848,-1.545,-0.303,49.47,290.74,277.04,263.33,0.0989,7.73,59.72,40.36,486392186,0.02
2023-04-03,MSFT,276.34,283.81,275.71,281.65,281.65,31376262,276.67,277.0,315.97,275.62,276.76,-1.142,-1.464,0.322,54.91,289.45,276.67,263.9,0.0923,7.75,84.55,60.16,517768448,0.0207
2023-04-04,MSFT,282.87,283.82,279.31,281.57,281.57,25005639,276.51,277.51,315.44,276.53,277.12,-0.583,-1.288,0.705,54.82,288.93,276.51,264.08,0.0899,7.52,84.2,76.16,492762809,-0.0003
2023-04-05,MSFT,279.95,287.18,275.74,283.51,283.51,31651246,276.14,278.02,314.92,277.61,277.59,0.017,-1.027,1.044,56.65,287.22,276.14,265.07,0.0802,7.8,85.33,84.69,524414055,0.0069
2023-04-06,MSFT,282.42,290.74,279.42,288.36,288.36,35294848,276.07,278.57,314.48,279.26,278.39,0.874,-0.647,1.52,60.92,286.84,276.07,265.31,0.078,8.05,91.67,87.07,559708903,0.0171
2023-04-07,MSFT,288.51,293.21,287.79,291.81,291.81,35863511,276.61,279.13,314.06,281.19,279.38,1.81,-0.156,1.965,63.66,289.21,276.61,264.0,0.0912,7.87,95.49,90.83,595572414,0.012
2023-04-10,MSFT,293.26,294.76,290.58,290.61,290.61,29439169,277.13,279.53,313.63,282.64,280.21,2.427,0.361,2.066,62.03,291.07,277.13,263.18,0.1007,7.6,85.59,90.91,566133245,-0.0041
2023-04-11,MSFT,291.04,294.68,286.26,286.43,286.43,40999929,277.57,279.83,313.19,283.22,280.67,2.55,0.799,1.751,56.6,292.09,277.57,263.04,0.1047,7.66,71.07,84.05,525133316,-0.0144
2023-04-12,MSFT,286.77,288.7,285.88,287.34,287.34,26843419,278.34,280.14,312.76,283.86,281.17,2.689,1.177,1.512,57.47,293.22,278.34,263.46,0.1069,7.32,74.23,76.96,551976735,0.0032
2023-04-13,MSFT,286.06,287.53,277.67,279.12,279.12,40697292,278.85,280.26,312.28,283.13,281.02,2.112,1.364,0.748,48.06,293.07,278.85,264.64,0.102,7.5,45.68,63.66,511279443,-0.0286
2023-04-14,MSFT,278.7,279.73,272.7,274.32,274.32,25923483,278.92,280.35,311.78,281.77,280.52,1.253,1.342,-0.089,43.57,293.04,278.92,264.79,0.1013,7.46,29.0,49.64,485355960,-0.0172
2023-04-17,MSFT,272.25,278.55,267.97,277.8,277.8,30931035,279.44,280.5,311.24,281.16,280.32,0.843,1.242,-0.399,47.41,292.56,279.44,266.32,0.0939,7.69,41.09,38.59,516286995,0.0127
2023-04-18,MSFT,278.45,281.11,273.14,275.53,275.53,29308929,279.56,280.54,310.68,280.3,279.96,0.331,1.06,-0.728,45.25,292.49,279.56,266.62,0.0925,7.71,33.21,34.43,486978066,-0.0082
2023-04-19,MSFT,276.06,277.12,272.74,276.02,276.02,33913328,279.62,280.59,310.06,279.64,279.67,-0.034,0.841,-0.875,45.82,292.47,279.62,266.76,0.0919,7.47,30.05,34.78,520891394,0.0018
2023-04-20,MSFT,277.39,278.96,273.45,274.62,274.62,36440650,279.59,280.51,309.45,278.87,279.3,-0.432,0.586,-1.018,44.39,292.49,279.59,266.69,0.0922,7.33,24.82,29.36,484450744,-0.0051
2023-04-21,MSFT,275.38,275.84,272.53,274.06,274.06,34392418,279.67,280.47,308.81,278.13,278.91,-0.783,0.313,-1.096,43.8,292.41,279.67,266.93,0.0911,7.04,22.73,25.87,450058326,-0.002
2023-04-24,MSFT,274.3,277.64,270.65,276.91,276.91,38577514,279.56,280.39,308.18,277.94,278.76,-0.822,0.086,-0.908,47.61,292.36,279.56,266.77,0.0915,7.04,33.37,26.98,488635840,0.0104
2023-04-25,MSFT,276.26,284.51,275.9,283.28,283.28,46059790,279.93,280.45,307.59,278.76,279.1,-0.335,0.001,-0.337,54.97,292.71,279.93,267.15,0.0913,7.15,57.15,37.75,534695630,0.023
2023-04-26,MSFT,284.53,287.07,275.21,278.13,278.13,41642180,280.38,280.48,307.01,278.66,279.02,-0.361,-0.071,-0.29,48.98,292.21,280.38,268.54,0.0844,7.49,37.92,42.81,493053450,-0.0182
2023-04-27,MSFT,279.41,281.11,272.54,274.68,274.68,36596912,280.58,280.36,306.36,278.05,278.7,-0.652,-0.187,-0.465,45.41,291.85,280.58,269.32,0.0803,7.56,25.05,40.04,456456538,-0.0124
2023-04-28,MSFT,274.37,283.41,271.0,278.5,278.5,36931151,280.71,280.3,305.76,278.12,278.69,-0.568,-0.263,-0.304,49.77,291.82,280.71,269.61,0.0791,7.91,39.42,34.13,493387689,0.0139
2023-05-01,MSFT,277.52,286.8,276.49,280.06,280.06,33456751,280.63,280.07,305.19,278.42,278.79,-0.371,-0.285,-0.086,51.48,291.73,280.63,269.53,0.0791,8.08,58.32,40.93,526844440,0.0056
2023-05-02,MSFT,282.75,282.79,277.69,281.21,281.21,31215156,280.62,279.89,304.61,278.85,278.97,-0.121,-0.252,0.131,52.75,291.71,280.62,269.52,0.0791,7.87,67.69,55.14,558059596,0.0041
2023-05-03,MSFT,282.36,283.98,281.12,283.39,283.39,33606577,280.61,279.81,304.04,279.55,279.3,0.25,-0.152,0.402,55.16,291.7,280.61,269.52,0.079,7.51,80.73,68.91,591666173,0.0078
2023-05-04,MSFT,282.66,282.99,273.96,276.61,276.61,30488901,280.02,279.63,303.47,279.09,279.1,-0.002,-0.122,0.119,47.13,290.64,280.02,269.4,0.0759,7.65,45.24,64.55,561177272,-0.0239
2023-05-05,MSFT,277.93,280.26,269.06,270.42,270.42,35615437,278.95,279.35,302.89,277.76,278.45,-0.694,-0.236,-0.458,41.23,288.9,278.95,269.01,0.0713,7.9,7.55,44.51,525561835,-0.0224
2023-05-08,MSFT,272.52,276.81,270.64,272.64,272.64,26294531,278.05,279.14,302.32,276.97,278.02,-1.051,-0.399,-0.652,43.94,286.8,278.05,269.31,0.0629,7.79,19.88,24.22,551856366,0.0082
2023-05-09,MSFT,273.32,282.83,269.8,279.81,279.81,35553408,277.72,279.08,301.73,277.41,278.16,-0.747,-0.469,-0.278,51.69,285.63,277.72,269.81,0.057,8.17,59.69,29.04,587409774,0.0263
2023-05-10,MSFT,279.72,283.36,276.04,281.84,281.84,33446895,277.45,279.01,301.11,278.09,278.43,-0.338,-0.443,0.104,53.64,284.31,277.45,270.58,0.0495,8.11,70.96,50.18,620856669,0.0073
2023-05-11,MSFT,281.41,284.68,277.58,278.44,278.44,32934747,277.41,278.92,300.49,278.14,278.43,-0.285,-0.411,0.126,50.0,284.25,277.41,270.57,0.0493,8.04,52.08,60.91,587921922,-0.0121
2023-05-12,MSFT,279.42,282.26,272.49,274.17,274.17,28339066,277.41,278.67,299.88,277.53,278.11,-0.581,-0.445,-0.136,45.79,284.26,277.41,270.55,0.0494,8.16,28.37,50.47,559582856,-0.0153
2023-05-15,MSFT,274.5,287.0,270.76,281.7,281.7,40930275,277.6,278.53,299.34,278.17,278.38,-0.206,-0.397,0.192,53.26,284.71,277.6,270.5,0.0512,8.74,70.18,50.21,600513131,0.0275
2023-05-16,MSFT,279.38,288.33,276.18,284.57,284.57,35610765,278.05,278.52,298.78,279.16,278.84,0.32,-0.254,0.574,55.76,285.7,278.05,270.4,0.055,8.98,80.49,59.68,636123896,0.0102
2023-05-17,MSFT,285.78,286.73,280.41,284.54,284.54,29377214,278.48,278.39,298.24,279.99,279.26,0.725,-0.058,0.783,55.73,286.57,278.48,270.39,0.0581,8.79,80.33,77.0,606746682,-0.0001
2023-05-18,MSFT,284.47,286.16,279.53,281.32,281.32,27410317,278.81,278.23,297.68,280.19,279.41,0.778,0.109,0.669,52.1,286.79,278.81,270.84,0.0572,8.64,63.62,74.81,579336365,-0.0113
2023-05-19,MSFT,281.77,291.2,281.47,290.36,290.36,38093176,279.63,278.41,297.15,281.76,280.22,1.532,0.394,1.138,59.98,288.74,279.63,270.52,0.0652,8.72,96.21,80.05,617429541,0.0321
2023-05-22,MSFT,289.4,298.32,287.3,298.19,298.19,33082357,280.69,278.77,296.65,284.28,281.55,2.729,0.861,1.868,65.3,292.77,280.69,268.61,0.0861,8.89,99.56,86.46,650511898,0.027
2023-05-23,MSFT,296.19,298.54,292.84,295.85,295.85,25701920,281.32,279.14,296.17,286.06,282.61,3.45,1.379,2.071,62.62,295.07,281.32,267.57,0.0977,8.66,90.88,95.55,624809978,-0.0078
2023-05-24,MSFT,297.36,298.91,295.25,298.27,298.27,35790980,282.33,279.66,295.71,287.94,283.77,4.168,1.936,2.231,64.26,297.83,282.33,266.83,0.1098,8.3,97.86,96.1,660600958,0.0082
2023-05-25,MSFT,297.72,305.42,295.78,302.55,302.55,38840695,283.72,280.34,295.23,290.19,285.16,5.024,2.554,2.47,67.01,301.12,283.72,266.32,0.1226,8.4,91.94,93.56,699441653,0.0143
2023-05-26,MSFT,302.33,305.67,302.07,302.94,302.94,25541142,284.94,280.94,294.79,292.15,286.48,5.669,3.177,2.492,67.25,304.05,284.94,265.84,0.1341,8.06,92.39,94.06,724982795,0.0013
2023-05-29,MSFT,301.47,304.6,299.6,301.22,301.22,23696932,286.0,281.61,294.41,293.55,287.57,5.973,3.736,2.237,64.94,306.22,286.0,265.78,0.1414,7.84,87.25,90.53,701285863,-0.0057
2023-05-30,MSFT,303.3,311.05,300.62,301.57,301.57,27239475,287.02,282.18,294.06,294.78,288.61,6.171,4.223,1.948,65.2,308.2,287.02,265.84,0.1476,8.02,76.47,85.37,728525338,0.0012
2023-05-31,MSFT,303.16,309.11,295.97,298.34,298.34,34798033,287.77,282.65,293.7,295.33,289.33,5.998,4.578,1.42,60.7,309.43,287.77,266.1,0.1506,8.39,68.45,77.39,693727305,-0.0107
2023-06-01,MSFT,297.25,300.9,297.13,298.12,298.12,19199672,288.84,283.11,293.38,295.76,289.98,5.776,4.818,0.958,60.39,310.32,288.84,267.37,0.1487,8.06,67.91,70.94,674527633,-0.0007
2023-06-02,MSFT,296.81,297.07,290.98,291.76,291.76,32529492,289.91,283.5,292.97,295.14,290.11,5.029,4.86,0.169,52.2,309.67,289.91,270.15,0.1363,7.99,44.68,60.35,641998141,-0.0213
2023-06-05,MSFT,293.32,298.9,292.87,295.57,295.57,21797226,291.06,283.83,292.56,295.21,290.52,4.691,4.826,-0.135,56.05,309.28,291.06,272.84,0.1252,7.93,50.89,54.49,663795367,0.0131
2023-06-06,MSFT,298.26,298.93,294.04,295.15,295.15,25185369,291.82,284.21,292.15,295.2,290.86,4.339,4.729,-0.39,55.51,309.36,291.82,274.28,0.1202,7.71,49.56,48.37,638609998,-0.0014
2023-06-07,MSFT,296.52,300.88,295.67,300.59,300.59,33018458,292.76,284.84,291.78,296.03,291.58,4.447,4.672,-0.225,60.7,310.07,292.76,275.45,0.1182,7.57,64.64,55.03,671628456,0.0184
2023-06-08,MSFT,299.86,309.26,299.66,308.05,308.05,37985291,294.24,285.59,291.45,297.88,292.8,5.077,4.753,0.324,66.48,311.46,294.24,277.02,0.1171,7.72,87.37,67.19,709613747,0.0248
2023-06-09,MSFT,306.26,312.8,302.86,311.25,311.25,38204662,296.1,286.3,291.1,299.94,294.17,5.768,4.956,0.811,68.61,312.22,296.1,279.97,0.1089,7.88,92.9,81.63,747818409,0.0104
2023-06-12,MSFT,311.45,321.1,311.15,318.05,318.05,44697291,297.91,287.02,290.79,302.72,295.94,6.785,5.322,1.463,72.6,315.29,297.91,280.54,0.1166,8.02,89.87,90.05,792515700,0.0218
2023-06-13,MSFT,316.07,320.89,314.9,320.11,320.11,37409871,299.69,287.79,290.48,305.4,297.73,7.67,5.792,1.878,73.69,318.46,299.69,280.92,0.1252,7.88,96.71,93.16,829925571,0.0065
2023-06-14,MSFT,319.58,320.97,316.36,317.21,317.21,26080940,301.32,288.47,290.2,307.21,299.17,8.044,6.242,1.802,69.49,320.22,301.32,282.43,0.1254,7.65,87.08,91.22,803844631,-0.0091
2023-06-15,MSFT,317.97,321.25,310.53,313.46,313.46,29703874,302.93,288.97,289.98,308.18,300.23,7.946,6.583,1.363,64.39,320.14,302.93,285.72,0.1136,7.87,74.26,86.02,774140757,-0.0118
2023-06-16,MSFT,312.5,314.46,312.12,312.93,312.93,30743863,304.06,289.39,289.74,308.91,301.17,7.737,6.814,0.923,63.68,320.77,304.06,287.34,0.1099,7.47,72.51,77.95,743396894,-0.0017
2023-06-19,MSFT,312.71,315.78,302.77,307.84,307.84,36414605,304.54,289.74,289.5,308.74,301.66,7.079,6.867,0.212,57.15,321.11,304.54,287.98,0.1088,7.87,55.7,67.49,706982289,-0.0163
2023-06-20,MSFT,309.03,310.67,303.43,305.02,305.02,39799111,305.0,290.11,289.21,308.17,301.91,6.257,6.745,-0.487,53.86,321.08,305.0,288.92,0.1054,7.82,46.38,58.2,667183178,-0.0092
2023-06-21,MSFT,305.91,308.1,301.3,302.96,302.96,35052212,305.23,290.42,288.9,307.37,301.99,5.378,6.472,-1.093,51.52,321.05,305.23,289.42,0.1036,7.75,39.58,47.22,632130966,-0.0068
2023-06-22,MSFT,305.56,308.2,302.78,307.89,307.89,32749321,305.5,291.0,288.61,307.45,302.43,5.022,6.182,-1.16,56.4,321.3,305.5,289.7,0.1035,7.58,52.92,46.29,664880287,0.0163
2023-06-23,MSFT,306.08,318.15,304.1,317.28,317.28,46522346,306.22,291.86,288.41,308.96,303.53,5.434,6.032,-0.598,63.85,322.78,306.22,289.66,0.1081,8.04,85.41,59.3,711402633,0.0305
2023-06-26,MSFT,316.5,321.28,312.07,312.55,312.55,39752390,306.79,292.55,288.19,309.51,304.2,5.318,5.889,-0.572,58.43,323.39,306.79,290.18,0.1083,8.13,65.91,68.08,671650243,-0.0149
2023-06-27,MSFT,312.8,315.19,309.96,312.75,312.75,17790008,307.34,293.29,288.01,310.01,304.83,5.182,5.748,-0.566,58.59,323.97,307.34,290.72,0.1082,7.92,60.55,70.62,689440251,0.0006
2023-06-28,MSFT,312.69,316.56,310.28,314.76,314.76,23186789,308.17,294.07,287.86,310.74,305.56,5.177,5.634,-0.457,60.25,324.55,308.17,291.78,0.1063,7.8,67.37,64.61,712627040,0.0064
2023-06-29,MSFT,313.9,320.4,312.73,318.03,318.03,27667673,309.16,294.94,287.75,311.86,306.49,5.375,5.582,-0.207,62.85,325.4,309.16,292.92,0.1051,7.79,83.73,70.55,740294713,0.0104
2023-06-30,MSFT,316.06,316.39,314.03,314.55,314.55,34932433,310.3,295.75,287.66,312.28,307.09,5.191,5.504,-0.313,58.46,324.57,310.3,296.03,0.092,7.52,66.32,72.47,705362280,-0.0109
2023-07-03,MSFT,316.86,326.05,316.59,325.13,325.13,34216415,311.78,296.71,287.65,314.25,308.42,5.832,5.569,0.263,66.19,325.76,311.78,297.79,0.0897,7.81,96.28,82.11,739578695,0.0336
2023-07-04,MSFT,328.4,336.06,321.09,323.79,323.79,38604380,313.21,297.52,287.62,315.72,309.56,6.161,5.688,0.473,64.55,325.9,313.21,300.52,0.081,8.32,64.7,75.77,700974315,-0.0041
2023-07-05,MSFT,325.37,328.66,324.62,327.4,327.4,23441181,314.55,298.51,287.63,317.52,310.88,6.636,5.877,0.759,66.93,327.29,314.55,301.81,0.081,8.07,75.09,78.69,724415496,0.0111
2023-07-06,MSFT,326.88,329.51,326.7,328.37,328.37,24700979,315.57,299.58,287.67,319.19,312.18,7.01,6.104,0.906,67.56,329.27,315.57,301.86,0.0869,7.7,77.88,72.55,749116475,0.003
2023-07-07,MSFT,328.93,341.31,326.49,338.82,338.82,46626541,316.94,300.79,287.79,322.21,314.15,8.057,6.494,1.563,73.42,333.82,316.94,300.07,0.1065,8.21,93.78,82.25,795743016,0.0318
2023-07-10,MSFT,337.82,346.79,330.35,335.88,335.88,34608394,317.84,301.9,287.9,324.31,315.76,8.551,6.906,1.645,69.61,336.62,317.84,299.05,0.1182,8.79,76.02,82.56,761134622,-0.0087
2023-07-11,MSFT,336.97,339.75,330.0,330.07,330.07,43336853,318.33,302.88,287.98,325.2,316.82,8.377,7.2,1.177,62.68,337.85,318.33,298.82,0.1226,8.86,62.01,77.27,717797769,-0.0173
2023-07-12,MSFT,331.12,338.35,327.12,334.66,334.66,27140124,319.21,303.91,288.06,326.65,318.14,8.511,7.462,1.049,65.6,339.96,319.21,298.45,0.1301,9.03,71.59,69.87,744937893,0.0139
2023-07-13,MSFT,333.38,336.12,326.7,326.83,326.83,30372910,319.88,304.91,288.11,326.68,318.79,7.895,7.549,0.346,57.37,340.71,319.88,299.04,0.1303,9.06,45.81,59.8,714564983,-0.0234
2023-07-14,MSFT,325.79,327.64,318.0,318.79,318.79,43121487,320.17,305.88,288.11,325.47,318.79,6.681,7.375,-0.694,50.38,340.77,320.17,299.57,0.1287,9.1,23.98,47.12,671443496,-0.0246
2023-07-17,MSFT,317.53,323.39,314.07,322.44,322.44,34558004,320.9,306.87,288.12,325.0,319.06,5.944,7.089,-1.145,53.17,340.72,320.9,301.08,0.1235,9.12,33.31,34.36,706001500,0.0114
2023-07-18,MSFT,321.83,322.78,311.3,313.82,313.82,33763949,321.34,307.55,288.08,323.28,318.67,4.612,6.594,-1.981,46.52,340.09,321.34,302.59,0.1167,9.28,7.1,21.46,672237551,-0.0267
2023-07-19,MSFT,313.16,316.65,310.41,313.98,313.98,32666180,321.89,308.2,288.06,321.85,318.32,3.529,5.981,-2.452,46.65,339.03,321.89,304.75,0.1065,9.07,9.81,16.74,704903731,0.0005
2023-07-20,MSFT,313.37,314.32,310.11,310.29,310.29,34832429,322.01,308.83,288.04,320.07,317.73,2.345,5.253,-2.908,43.93,338.78,322.01,305.24,0.1042,8.72,0.49,5.8,670071302,-0.0118
2023-07-21,MSFT,309.77,313.08,296.99,300.92,300.92,35005864,321.19,309.37,287.97,317.12,316.48,0.644,4.331,-3.688,37.89,340.25,321.19,302.14,0.1187,9.25,7.89,6.07,635065438,-0.0302
2023-07-24,MSFT,301.39,304.95,292.87,304.84,304.84,36550318,320.81,309.83,287.94,315.23,315.62,-0.384,3.388,-3.772,41.51,340.83,320.81,300.78,0.1249,9.45,22.2,10.19,671615756,0.013
2023-07-25,MSFT,306.0,309.29,303.44,308.7,308.7,35093088,320.6,310.32,287.93,314.23,315.11,-0.877,2.535,-3.412,44.92,341.03,320.6,300.18,0.1274,9.19,29.36,19.82,706708844,0.0127
2023-07-26,MSFT,307.56,315.67,307.31,310.18,310.18,28235488,320.37,310.83,287.91,313.61,314.74,-1.135,1.801,-2.936,46.22,341.16,320.37,299.59,0.1297,9.13,32.1,27.89,734944332,0.0048
2023-07-27,MSFT,310.11,311.21,302.55,303.99,303.99,36616595,319.67,311.28,287.87,312.13,313.95,-1.818,1.077,-2.895,41.79,341.64,319.67,297.71,0.1374,9.1,20.62,27.36,698327737,-0.02
2023-07-28,MSFT,301.57,306.56,300.03,303.97,303.97,38296823,319.14,311.55,287.83,310.87,313.21,-2.334,0.395,-2.729,41.78,342.07,319.14,296.22,0.1437,8.92,23.68,25.47,660030914,-0.0001
2023-07-31,MSFT,303.58,310.96,303.29,308.82,308.82,27028632,318.33,311.77,287.84,310.56,312.88,-2.325,-0.149,-2.176,46.44,341.5,318.33,295.15,0.1456,8.83,35.07,26.46,687059546,0.016
2023-08-01,MSFT,310.31,314.95,302.78,303.14,303.14,36266365,317.3,311.91,287.85,309.42,312.16,-2.744,-0.668,-2.076,42.18,341.23,317.3,293.36,0.1509,9.07,23.75,27.5,650793181,-0.0184
2023-08-02,MSFT,303.2,316.2,300.55,312.4,312.4,36097052,316.55,312.19,287.94,309.87,312.18,-2.303,-0.995,-1.308,50.19,340.1,316.55,292.99,0.1489,9.54,56.17,38.33,686890233,0.0305
2023-08-03,MSFT,313.61,321.11,312.3,317.1,317.1,23737112,315.98,312.49,288.03,310.99,312.54,-1.556,-1.107,-0.449,53.7,338.91,315.98,293.05,0.1451,9.48,79.39,53.1,710627345,0.015
2023-08-04,MSFT,316.73,322.81,314.84,320.95,320.95,25006928,315.09,312.85,288.12,312.52,313.17,-0.646,-1.015,0.369,56.41,335.66,315.09,294.51,0.1306,9.38,93.79,76.45,735634273,0.0121
2023-08-07,MSFT,321.66,321.78,319.8,320.67,320.67,27836993,314.33,313.23,288.22,313.77,313.72,0.052,-0.802,0.854,56.15,332.79,314.33,295.87,0.1175,8.85,92.85,88.68,707797280,-0.0009
2023-08-08,MSFT,320.72,324.23,313.75,314.75,314.75,42262868,313.56,313.5,288.29,313.92,313.8,0.126,-0.616,0.742,50.87,330.56,313.56,296.57,0.1084,8.96,69.77,85.47,665534412,-0.0185
2023-08-09,MSFT,311.88,317.3,311.04,316.2,316.2,41695413,312.64,313.86,288.41,314.27,313.98,0.298,-0.433,0.732,52.06,326.7,312.64,298.57,0.09,8.77,74.39,79.01,707229825,0.0046
2023-08-10,MSFT,314.74,317.9,308.35,316.62,316.62,24988242,312.13,314.23,288.55,314.63,314.17,0.464,-0.254,0.717,52.42,324.76,312.13,299.49,0.081,8.83,75.73,73.3,732218067,0.0013
2023-08-11,MSFT,317.87,317.89,315.35,315.47,315.47,23298959,311.96,314.7,288.68,314.76,314.27,0.496,-0.104,0.6,51.29,324.33,311.96,299.6,0.0793,8.38,63.8,71.31,708919108,-0.0036
2023-08-14,MSFT,317.16,318.24,316.58,317.0,317.0,23823883,311.69,315.13,288.82,315.11,314.47,0.638,0.044,0.593,52.75,323.34,311.69,300.04,0.0748,7.98,70.12,69.89,732742991,0.0048
2023-08-15,MSFT,318.36,320.94,310.33,315.83,315.83,25026603,311.79,315.54,288.94,315.22,314.57,0.648,0.165,0.483,51.48,323.55,311.79,300.03,0.0754,8.17,65.29,66.4,707716388,-0.0037
2023-08-16,MSFT,313.77,315.68,303.39,304.63,304.63,45895354,311.32,315.62,289.01,313.59,313.83,-0.245,0.083,-0.328,41.21,323.43,311.32,299.21,0.0778,8.47,19.01,51.47,661821034,-0.0355
2023-08-17,MSFT,304.04,309.51,303.06,306.78,306.78,25047767,311.15,315.6,289.1,312.54,313.31,-0.77,-0.087,-0.682,43.54,323.41,311.15,298.88,0.0788,8.33,26.31,36.87,686868801,0.0071
2023-08-18,MSFT,306.91,310.31,304.51,308.67,308.67,27956386,311.54,315.55,289.21,311.95,312.97,-1.022,-0.274,-0.747,45.58,322.94,311.54,300.13,0.0732,8.15,34.29,26.54,714825187,0.0062
2023-08-21,MSFT,306.95,310.89,302.14,303.4,303.4,38756367,311.46,315.25,289.26,310.63,312.26,-1.628,-0.545,-1.083,41.12,323.06,311.46,299.87,0.0744,8.19,12.04,24.21,676068820,-0.0171
2023-08-22,MSFT,305.03,305.9,294.5,294.86,294.86,35085344,310.77,314.75,289.31,308.21,310.97,-2.765,-0.989,-1.776,35.12,324.41,310.77,297.13,0.0878,8.42,1.21,15.85,640983476,-0.0281
2023-08-23,MSFT,293.69,296.61,292.85,295.62,295.62,27858482,310.04,314.32,289.35,306.27,309.83,-3.564,-1.504,-2.06,36.02,325.2,310.04,294.88,0.0978,8.09,8.83,7.36,668841958,0.0026
2023-08-24,MSFT,293.86,298.58,293.26,298.21,298.21,37315951,309.75,314.01,289.42,305.03,308.97,-3.943,-1.992,-1.951,39.1,325.57,309.75,293.94,0.1021,7.89,17.08,9.04,706157909,0.0088
2023-08-25,MSFT,299.1,301.66,288.84,293.37,293.37,37207422,309.22,313.62,289.46,303.24,307.82,-4.581,-2.51,-2.071,35.64,326.43,309.22,292.02,0.1113,8.24,12.8,12.9,668950487,-0.0162
2023-08-28,MSFT,295.82,302.64,295.3,300.46,300.46,42321601,308.81,313.47,289.56,302.81,307.27,-4.463,-2.9,-1.563,43.52,326.43,308.81,291.18,0.1142,8.31,36.2,22.03,711272088,0.0242
2023-08-29,MSFT,300.42,304.85,295.62,297.18,297.18,24293549,308.51,313.32,289.61,301.94,306.52,-4.582,-3.237,-1.345,41.02,326.7,308.51,290.32,0.1179,8.38,25.98,24.99,686978539,-0.0109
2023-08-30,MSFT,297.09,299.33,296.04,298.21,298.21,36335699,307.8,313.22,289.7,301.37,305.91,-4.54,-3.497,-1.043,42.14,326.43,307.8,289.17,0.1211,8.02,29.19,30.46,723314238,0.0035
2023-08-31,MSFT,296.69,297.47,294.7,297.14,297.14,31661561,306.8,313.01,289.77,300.72,305.26,-4.541,-3.706,-0.835,41.26,325.47,306.8,288.13,0.1217,7.69,25.86,27.01,691652677,-0.0036
2023-09-01,MSFT,297.42,302.78,285.47,288.81,288.81,42414699,305.19,312.44,289.79,298.89,304.04,-5.154,-3.996,-1.159,35.12,324.24,305.19,286.14,0.1248,8.38,9.42,21.49,649237978,-0.028
2023-09-04,MSFT,287.48,295.31,283.94,293.11,293.11,38419231,303.82,312.05,289.88,298.0,303.23,-5.233,-4.243,-0.99,40.08,322.16,303.82,285.47,0.1208,8.59,28.89,21.39,687657209,0.0149
2023-09-05,MSFT,294.42,294.57,291.5,293.33,293.33,30994847,302.75,311.66,289.95,297.28,302.5,-5.218,-4.438,-0.78,40.33,320.91,302.75,284.58,0.12,8.2,34.84,24.38,718652056,0.0008
2023-09-06,MSFT,292.67,298.91,291.69,294.23,294.23,21460305,301.65,311.25,290.03,296.81,301.88,-5.075,-4.566,-0.509,41.41,319.07,301.65,284.22,0.1155,8.13,38.18,33.97,740112361,0.0031
2023-09-07,MSFT,293.69,298.04,292.89,296.31,296.31,29994978,300.63,310.81,290.12,296.73,301.47,-4.739,-4.6,-0.139,43.94,316.76,300.63,284.5,0.1073,7.92,45.9,39.64,770107339,0.0071
2023-09-08,MSFT,294.38,294.8,282.39,283.28,283.28,46416298,299.02,310.19,290.14,294.66,300.12,-5.461,-4.772,-0.689,34.02,315.33,299.02,282.71,0.1091,8.35,3.79,29.29,723691041,-0.044
2023-09-11,MSFT,283.89,286.31,280.21,285.5,285.5,37186152,297.45,309.4,290.16,293.25,299.04,-5.787,-4.975,-0.812,36.65,312.55,297.45,282.34,0.1016,8.19,21.47,23.72,760877193,0.0078
2023-09-12,MSFT,284.4,296.67,283.9,291.53,291.53,32208681,296.23,308.75,290.21,292.99,298.48,-5.496,-5.08,-0.417,43.25,308.94,296.23,283.52,0.0858,8.51,45.94,23.73,793085874,0.0211
2023-09-13,MSFT,292.22,298.54,287.04,297.55,297.55,43873811,295.88,308.15,290.29,293.69,298.42,-4.725,-5.009,0.283,48.97,308.02,295.88,283.74,0.0821,8.73,70.37,45.93,836959685,0.0206
2023-09-14,MSFT,298.44,298.74,287.75,294.89,294.89,38429884,295.28,307.48,290.38,293.87,298.15,-4.279,-4.863,0.583,46.73,306.34,295.28,284.22,0.0749,8.89,59.58,58.63,798529801,-0.0089
2023-09-15,MSFT,294.34,297.02,293.72,293.81,293.81,30851889,294.54,306.58,290.43,293.86,297.83,-3.968,-4.684,0.716,45.81,303.75,294.54,285.33,0.0625,8.49,55.19,61.72,767677912,-0.0037
2023-09-18,MSFT,293.28,295.92,289.19,289.3,289.3,37543245,293.84,305.65,290.47,293.16,297.2,-4.038,-4.555,0.517,42.1,302.35,293.84,285.32,0.058,8.36,40.27,51.68,730134667,-0.0154
2023-09-19,MSFT,285.68,293.04,284.55,290.7,290.7,27823977,293.63,304.86,290.51,292.78,296.72,-3.935,-4.431,0.495,43.63,302.24,293.63,285.02,0.0586,8.37,46.48,47.32,757958644,0.0048
2023-09-20,MSFT,289.17,293.8,284.79,293.61,293.61,40849843,293.53,304.04,290.57,292.91,296.49,-3.578,-4.26,0.682,46.77,302.09,293.53,284.97,0.0583,8.42,59.37,48.71,798808487,0.01
2023-09-21,MSFT,293.05,296.12,285.1,286.64,286.64,41282739,292.95,303.24,290.61,291.95,295.76,-3.813,-4.171,0.358,40.89,301.73,292.95,284.17,0.0599,8.6,34.39,46.74,757525748,-0.0237
2023-09-22,MSFT,285.63,291.48,285.1,289.6,289.6,31216257,292.76,302.66,290.7,291.59,295.3,-3.718,-4.08,0.362,44.1,301.65,292.76,283.86,0.0608,8.44,50.21,47.99,788742005,0.0103
2023-09-25,MSFT,290.81,291.0,280.57,281.7,281.7,43206105,291.82,301.84,290.71,290.06,294.3,-4.231,-4.11,-0.121,38.14,301.21,291.82,282.43,0.0644,8.59,7.97,30.86,745535900,-0.0273
2023-09-26,MSFT,282.0,284.38,277.97,278.65,278.65,26716765,290.89,301.14,290.7,288.31,293.14,-4.828,-4.254,-0.574,36.11,301.56,290.89,280.23,0.0733,8.43,3.27,20.49,718819135,-0.0108
2023-09-27,MSFT,277.97,279.72,272.54,275.23,275.23,26476698,289.75,300.36,290.65,286.3,291.81,-5.514,-4.506,-1.008,33.93,301.86,289.75,277.63,0.0836,8.34,10.27,7.17,692342437,-0.0123
2023-09-28,MSFT,274.36,274.97,268.58,268.84,268.84,38555440,288.33,299.53,290.58,283.61,290.11,-6.498,-4.904,-1.594,30.26,303.0,288.33,273.66,0.1018,8.22,0.86,4.8,653786997,-0.0232
2023-09-29,MSFT,267.91,268.97,264.18,267.1,267.1,35968248,287.25,298.86,290.47,281.07,288.4,-7.334,-5.39,-1.943,29.32,304.59,287.25,269.91,0.1207,7.98,8.45,6.53,617818749,-0.0065
2023-10-02,MSFT,268.12,270.35,265.04,267.96,267.96,19235291,285.99,298.12,290.41,279.05,286.89,-7.836,-5.879,-1.957,30.46,305.01,285.99,266.97,0.133,7.79,10.94,6.75,637054040,0.0032
2023-10-03,MSFT,267.75,270.58,258.62,259.89,259.89,34898656,284.32,297.14,290.31,276.11,284.89,-8.784,-6.46,-2.324,26.2,306.14,284.32,262.5,0.1535,8.08,3.17,7.52,602155384,-0.0301
2023-10-04,MSFT,259.48,261.91,255.56,257.13,257.13,34281951,282.46,296.08,290.2,273.19,282.83,-9.647,-7.098,-2.55,24.91,306.76,282.46,258.16,0.1721,7.96,3.79,5.96,567873433,-0.0106
2023-10-05,MSFT,258.63,267.4,256.69,263.29,263.29,27293420,280.81,295.27,290.12,271.66,281.39,-9.722,-7.623,-2.1,32.83,305.6,280.81,256.02,0.1766,8.16,19.06,8.67,595166853,0.024
2023-10-06,MSFT,263.52,265.18,259.88,260.66,260.66,32331511,279.68,294.4,290.06,269.97,279.85,-9.88,-8.074,-1.806,31.31,305.94,279.68,253.42,0.1878,7.95,12.57,11.81,562835342,-0.01
2023-10-09,MSFT,261.73,262.01,255.59,258.16,258.16,28185083,278.31,293.39,289.98,268.15,278.24,-10.09,-8.477,-1.613,29.9,306.02,278.31,250.6,0.1991,7.84,6.41,12.68,534650259,-0.0096
2023-10-10,MSFT,258.31,261.19,257.88,260.86,260.86,29044228,276.78,292.54,289.89,267.03,276.96,-9.925,-8.767,-1.158,33.4,304.79,276.78,248.77,0.2024,7.52,13.07,10.68,563694487,0.0105
2023-10-11,MSFT,261.74,263.33,260.92,262.54,262.54,32416949,275.03,291.55,289.8,266.34,275.89,-9.548,-8.923,-0.625,35.56,301.98,275.03,248.07,0.196,7.16,19.43,12.97,596111436,0.0064
2023-10-12,MSFT,261.53,269.91,260.7,267.83,267.83,34952744,273.67,290.56,289.73,266.57,275.29,-8.722,-8.883,0.161,41.94,299.18,273.67,248.17,0.1864,7.3,34.62,22.37,631064180,0.0201
2023-10-13,MSFT,268.6,271.71,265.47,271.11,271.11,36607467,272.54,289.56,289.69,267.27,274.98,-7.713,-8.649,0.935,45.54,296.33,272.54,248.75,0.1745,7.23,53.96,36.0,667671647,0.0122
2023-10-16,MSFT,270.95,274.17,270.27,273.57,273.57,25541033,271.75,288.62,289.69,268.24,274.88,-6.639,-8.247,1.608,48.13,294.28,271.75,249.23,0.1658,6.99,74.54,54.37,693212680,0.0091
2023-10-17,MSFT,271.43,273.16,270.28,272.29,272.29,33573185,270.83,287.77,289.69,268.86,274.69,-5.824,-7.762,1.938,46.88,291.62,270.83,250.04,0.1535,6.73,86.19,71.56,659639495,-0.0047
2023-10-18,MSFT,273.08,274.94,267.95,271.11,271.11,27322743,269.71,286.87,289.68,269.21,274.42,-5.213,-7.253,2.039,45.7,287.69,269.71,251.72,0.1334,6.75,80.24,80.32,632316752,-0.0043
2023-10-19,MSFT,269.75,274.38,266.72,267.83,267.83,32683284,268.77,285.9,289.69,269.0,273.93,-4.937,-6.79,1.852,42.5,284.99,268.77,252.54,0.1207,6.81,63.31,76.58,599633468,-0.0121
2023-10-20,MSFT,266.7,270.03,264.7,268.15,268.15,35764788,267.69,284.95,289.7,268.87,273.5,-4.639,-6.359,1.721,42.92,280.81,267.69,254.58,0.098,6.71,64.96,69.5,635398256,0.0012
2023-10-23,MSFT,265.51,266.02,259.0,261.49,261.49,33486603,266.68,283.84,289.67,267.73,272.61,-4.884,-6.064,1.181,36.87,278.36,266.68,255.01,0.0876,6.88,30.6,52.96,601911653,-0.0248
2023-10-24,MSFT,261.73,264.33,258.38,258.42,258.42,30965474,265.67,282.69,289.64,266.3,271.56,-5.265,-5.904,0.64,34.46,276.5,265.67,254.85,0.0815,6.81,14.63,36.73,570946179,-0.0117
2023-10-25,MSFT,256.64,259.74,255.81,257.01,257.01,29617958,264.76,281.74,289.58,264.87,270.48,-5.616,-5.847,0.231,33.38,275.28,264.76,254.24,0.0795,6.61,7.34,17.52,541328221,-0.0055
2023-10-26,MSFT,258.04,258.43,248.1,250.93,250.93,46216439,263.87,280.62,289.5,262.72,269.04,-6.312,-5.94,-0.372,29.15,275.8,263.87,251.93,0.0904,6.87,10.54,10.84,495111782,-0.0237
2023-10-27,MSFT,251.51,255.36,251.5,255.25,255.25,40083093,263.27,279.55,289.47,261.57,268.02,-6.44,-6.04,-0.401,35.42,275.67,263.27,250.88,0.0942,6.7,26.64,14.84,535194875,0.0172
2023-10-30,MSFT,256.75,257.42,244.19,249.62,249.62,36578679,262.36,278.48,289.44,259.74,266.65,-6.917,-6.215,-0.702,31.51,275.89,262.36,248.82,0.1032,7.17,17.66,18.28,498616196,-0.0221
2023-10-31,MSFT,250.09,255.12,245.68,252.67,252.67,23605651,262.0,277.63,289.42,258.65,265.62,-6.968,-6.366,-0.602,35.65,276.15,262.0,247.84,0.108,7.33,27.58,23.96,522221847,0.0122
2023-11-01,MSFT,252.07,252.29,244.19,248.92,248.92,24363882,261.59,276.7,289.38,257.15,264.38,-7.228,-6.538,-0.69,33.01,276.72,261.59,246.45,0.1157,7.41,15.38,20.21,497857965,-0.0148
2023-11-02,MSFT,247.51,251.18,245.1,248.04,248.04,25726489,260.82,275.7,289.31,255.75,263.17,-7.42,-6.714,-0.705,32.4,277.04,260.82,244.61,0.1243,7.32,12.52,18.49,472131476,-0.0035
2023-11-03,MSFT,248.25,250.83,246.64,247.23,247.23,31738611,260.15,274.77,289.23,254.44,261.99,-7.55,-6.881,-0.668,31.82,277.41,260.15,242.89,0.1327,7.09,9.89,12.6,440392865,-0.0033
2023-11-06,MSFT,245.03,249.63,242.28,248.66,248.66,32496783,259.68,273.74,289.12,253.55,261.0,-7.451,-6.995,-0.456,34.07,277.64,259.68,241.71,0.1384,7.11,19.53,13.98,472889648,0.0058
2023-11-07,MSFT,247.65,249.47,246.79,248.4,248.4,25965652,259.05,272.76,289.0,252.76,260.07,-7.31,-7.058,-0.252,33.85,277.66,259.05,240.44,0.1437,6.79,19.07,16.16,446923996,-0.001
2023-11-08,MSFT,246.91,255.85,242.01,251.62,251.62,33003087,258.51,271.83,288.9,252.58,259.44,-6.86,-7.019,0.159,39.06,277.32,258.51,239.7,0.1455,7.3,34.3,24.3,479927083,0.013
2023-11-09,MSFT,251.25,257.98,248.64,255.86,255.86,29104321,257.91,271.0,288.82,253.09,259.18,-6.09,-6.833,0.743,45.18,276.25,257.91,239.57,0.1422,7.44,57.68,37.02,509031404,0.0169
2023-11-10,MSFT,254.83,257.81,253.46,257.3,257.3,33081818,257.22,270.37,288.75,253.74,259.04,-5.303,-6.527,1.224,47.13,274.53,257.22,239.91,0.1346,7.22,68.5,53.49,542113222,0.0056
2023-11-13,MSFT,256.15,269.64,252.2,264.73,264.73,42688993,256.78,269.81,288.73,255.43,259.46,-4.033,-6.028,1.995,55.83,272.8,256.78,240.76,0.1248,7.95,82.23,69.47,584802215,0.0289
2023-11-14,MSFT,265.11,270.55,261.95,268.71,268.71,34126033,256.6,269.31,288.7,257.47,260.14,-2.675,-5.357,2.683,59.66,271.99,256.6,241.21,0.12,8.0,93.55,81.43,618928248,0.015
2023-11-15,MSFT,267.95,277.72,267.22,274.33,274.33,32303514,256.76,268.92,288.7,260.06,261.2,-1.131,-4.512,3.381,64.36,272.81,256.76,240.71,0.125,8.18,90.51,88.76,651231762,0.0209
2023-11-16,MSFT,276.26,277.98,270.02,273.77,273.77,32773698,257.06,268.47,288.68,262.17,262.13,0.046,-3.601,3.646,63.56,274.1,257.06,240.01,0.1326,8.16,88.3,90.79,618458064,-0.002
2023-11-17,MSFT,272.46,277.21,265.95,268.47,268.47,31594083,257.07,268.17,288.64,263.14,262.6,0.545,-2.772,3.316,56.46,274.16,257.07,239.98,0.1329,8.38,73.56,84.12,586863981,-0.0194
2023-11-20,MSFT,267.65,275.85,267.07,273.39,273.39,33739617,257.67,267.93,288.61,264.72,263.4,1.322,-1.953,3.275,60.84,276.1,257.67,239.23,0.1431,8.41,87.24,83.03,620603598,0.0183
2023-11-21,MSFT,273.67,276.05,271.68,272.12,272.12,32435647,258.35,267.54,288.57,265.86,264.04,1.814,-1.199,3.014,59.18,277.84,258.35,238.86,0.1509,8.12,83.71,81.5,588167951,-0.0046
2023-11-22,MSFT,272.68,277.53,268.82,269.03,269.03,30446045,258.95,266.97,288.53,266.35,264.41,1.933,-0.573,2.506,55.25,278.97,258.95,238.93,0.1546,8.16,75.12,82.02,557721906,-0.0114
2023-11-23,MSFT,268.41,271.59,264.65,264.72,264.72,35335486,259.64,266.36,288.45,266.1,264.43,1.66,-0.126,1.787,50.23,279.46,259.64,239.83,0.1526,8.08,63.14,73.99,522386420,-0.016
2023-11-24,MSFT,266.83,267.77,262.16,262.21,262.21,33699634,259.99,265.73,288.35,265.5,264.27,1.227,0.144,1.083,47.52,279.73,259.99,240.25,0.1518,7.9,56.16,64.8,488686786,-0.0095
2023-11-27,MSFT,262.65,267.33,260.86,266.73,266.73,25413042,260.85,265.28,288.23,265.69,264.45,1.235,0.363,0.872,52.49,280.19,260.85,241.5,0.1483,7.8,68.72,62.67,514099828,0.0172
2023-11-28,MSFT,267.52,270.47,257.37,261.58,261.58,37259629,261.29,264.7,288.08,265.06,264.24,0.816,0.453,0.363,47.03,280.27,261.29,242.31,0.1453,8.18,44.1,56.33,476840199,-0.0193
2023-11-29,MSFT,259.33,265.78,257.54,264.55,264.55,42999488,262.07,264.12,287.97,264.98,264.26,0.715,0.506,0.209,50.24,280.22,262.07,243.93,0.1385,8.18,47.91,53.58,519839687,0.0114
2023-11-30,MSFT,264.31,267.2,261.9,263.09,263.09,23958736,262.83,263.65,287.86,264.69,264.18,0.511,0.507,0.005,48.68,279.79,262.83,245.86,0.1291,7.98,42.24,44.75,495880951,-0.0055
2023-12-01,MSFT,261.61,270.37,261.31,265.85,265.85,28319099,263.76,263.17,287.77,264.87,264.3,0.566,0.519,0.048,51.74,279.17,263.76,248.34,0.1169,8.05,41.15,43.76,524200050,0.0105
2023-12-04,MSFT,264.38,275.74,264.07,269.17,269.17,33620255,264.78,262.92,287.69,265.53,264.66,0.868,0.588,0.279,55.2,278.7,264.78,250.87,0.1051,8.31,57.25,46.88,557820305,0.0125
2023-12-05,MSFT,267.62,270.59,264.7,270.26,270.26,30556429,265.87,262.75,287.63,266.26,265.08,1.181,0.707,0.474,56.3,277.76,265.87,253.99,0.0894,8.14,62.54,53.65,588376734,0.004
2023-12-06,MSFT,269.06,273.59,266.35,273.16,273.16,31875225,266.95,262.71,287.57,267.32,265.67,1.644,0.894,0.75,59.19,277.27,266.95,256.63,0.0773,8.07,78.32,66.04,620251959,0.0107
2023-12-07,MSFT,271.28,276.81,269.42,276.15,276.15,34756845,267.97,262.86,287.54,268.68,266.45,2.227,1.161,1.066,61.98,277.7,267.97,258.23,0.0726,8.03,93.15,78.01,655008804,0.0109
2023-12-08,MSFT,275.05,277.94,273.23,276.88,276.88,23447194,268.95,263.05,287.49,269.94,267.22,2.716,1.472,1.244,62.65,278.11,268.95,259.78,0.0682,7.79,94.85,88.78,678455998,0.0026
2023-12-11,MSFT,276.9,278.13,275.6,275.66,275.66,27146455,269.49,263.21,287.42,270.82,267.85,2.972,1.772,1.2,60.72,278.89,269.49,260.09,0.0697,7.41,88.1,92.03,651309543,-0.0044
2023-12-12,MSFT,277.71,282.29,271.74,271.82,271.82,28603516,269.65,263.45,287.36,270.97,268.14,2.831,1.984,0.847,54.98,279.09,269.65,260.2,0.07,7.64,57.99,80.31,622706027,-0.0139
2023-12-13,MSFT,271.15,275.11,270.74,273.84,273.84,28469736,269.62,263.78,287.27,271.41,268.56,2.85,2.157,0.693,57.27,279.02,269.62,260.23,0.0697,7.4,66.09,70.73,651175763,0.0074
2023-12-14,MSFT,273.56,276.78,271.07,274.58,274.58,30743031,269.66,264.01,287.2,271.9,269.01,2.892,2.304,0.588,58.11,279.14,269.66,260.19,0.0703,7.28,69.06,64.38,681918794,0.0027
2023-12-15,MSFT,272.69,285.33,270.49,285.25,285.25,43893856,270.5,264.5,287.22,273.95,270.21,3.742,2.592,1.151,67.91,282.13,270.5,258.87,0.086,7.82,99.71,78.29,725812650,0.0389
2023-12-18,MSFT,285.08,289.87,284.32,289.45,289.45,27521823,271.3,265.12,287.26,276.34,271.64,4.701,3.014,1.688,70.81,285.55,271.3,257.06,0.105,7.66,98.7,89.16,753334473,0.0147
2023-12-19,MSFT,288.25,290.98,283.35,290.67,290.67,32373848,272.23,265.72,287.33,278.54,273.05,5.496,3.51,1.986,71.61,288.79,272.23,255.67,0.1217,7.66,98.96,99.12,785708321,0.0042
2023-12-20,MSFT,292.17,292.53,289.7,292.4,292.4,33459544,273.4,266.32,287.43,280.68,274.48,6.194,4.047,2.147,72.75,292.06,273.4,254.74,0.1365,7.31,99.58,99.08,819167865,0.006
2023-12-21,MSFT,291.39,293.64,286.63,286.77,286.77,39520629,274.5,266.7,287.52,281.61,275.39,6.222,4.482,1.74,63.76,293.58,274.5,255.43,0.139,7.29,76.77,91.77,779647236,-0.0193
2023-12-22,MSFT,286.92,289.56,286.03,286.25,286.25,27748481,275.71,267.0,287.59,282.33,276.2,6.131,4.812,1.319,62.99,294.56,275.71,256.85,0.1368,7.02,74.46,83.61,751898755,-0.0018
2023-12-25,MSFT,286.08,295.45,283.46,293.17,293.17,40427669,277.03,267.39,287.72,283.99,277.45,6.542,5.158,1.384,68.47,296.86,277.03,257.19,0.1432,7.38,92.16,81.13,792326424,0.0242
2023-12-26,MSFT,293.33,293.53,291.22,291.54,291.54,29708750,278.53,267.78,287.81,285.16,278.5,6.659,5.458,1.201,65.99,297.99,278.53,259.06,0.1398,7.02,84.98,83.87,762617674,-0.0056
2023-12-27,MSFT,289.91,290.28,284.92,286.37,286.37,25622591,279.62,268.08,287.86,285.34,279.08,6.263,5.619,0.644,58.72,298.25,279.62,260.98,0.1333,6.99,63.62,80.26,736995083,-0.0177
2023-12-28,MSFT,288.03,289.19,276.86,281.4,281.4,36533971,280.53,268.35,287.9,284.74,279.25,5.484,5.592,-0.108,52.71,297.56,280.53,263.5,0.1214,7.37,43.71,64.1,700461112,-0.0174
2023-12-29,MSFT,280.47,284.72,278.76,282.59,282.59,27858346,281.37,268.64,287.95,284.41,279.5,4.907,5.455,-0.548,53.93,297.02,281.37,265.72,0.1112,7.27,48.48,51.94,728319458,0.0042
2024-01-01,MSFT,282.18,284.29,278.0,279.9,279.9,29628285,281.91,269.01,287.95,283.71,279.53,4.184,5.201,-1.017,50.75,296.55,281.91,267.26,0.1039,7.2,37.7,43.3,698691173,-0.0095
2024-01-02,MSFT,278.58,284.67,275.76,284.32,284.32,39250793,282.61,269.53,287.99,283.81,279.88,3.922,4.945,-1.023,55.4,296.26,282.61,268.95,0.0966,7.32,55.41,47.2,737941966,0.0158
2024-01-03,MSFT,284.52,289.19,282.77,288.03,288.03,29391789,283.35,270.15,288.09,284.46,280.49,3.969,4.75,-0.781,58.91,296.48,283.35,270.23,0.0926,7.26,70.27,54.46,767333755,0.013
2024-01-04,MSFT,286.32,288.34,279.16,281.75,281.75,28730218,283.63,270.76,288.14,284.04,280.58,3.459,4.492,-1.033,51.52,296.36,283.63,270.9,0.0898,7.39,30.42,52.03,738603537,-0.0218
2024-01-05,MSFT,280.17,285.75,277.48,284.48,284.48,29596157,284.01,271.35,288.19,284.11,280.87,3.238,4.241,-1.003,54.21,296.36,284.01,271.66,0.087,7.46,44.29,48.33,768199694,0.0097
