Date,Ticker,Open,High,Low,Close,AdjClose,Volume,SMA_20,SMA_50,SMA_200,EMA_12,EMA_26,MACD,MACD_Signal,MACD_Hist,RSI_14,BB_Upper,BB_Middle,BB_Lower,BB_Width,ATR_14,Stoch_K,Stoch_D,OBV,Daily_Return
2021-01-01,SPY,373.23,377.08,372.34,375.7,375.7,58770101,,,,,,,,,,,,,,,,,0,0.0
2021-01-04,SPY,375.44,380.59,374.9,380.19,380.19,59498424,,,,,,,,,,,,,,,,,59498424,0.012
2021-01-05,SPY,381.59,385.67,378.4,381.87,381.87,48648126,,,,,,,,,,,,,,,,,108146550,0.0044
2021-01-06,SPY,381.05,386.61,379.02,384.64,384.64,62513526,,,,,,,,,,,,,,,,,170660076,0.0073
2021-01-07,SPY,384.31,384.6,382.36,384.58,384.58,46999449,,,,,,,,,,,,,,,,,123660627,-0.0002
2021-01-08,SPY,383.81,392.24,382.27,387.0,387.0,66368911,,,,,,,,,,,,,,,,,190029538,0.0063
2021-01-11,SPY,386.65,387.55,385.06,387.44,387.44,62170595,,,,,,,,,,,,,,,,,252200133,0.0011
2021-01-12,SPY,387.91,390.15,383.46,389.31,389.31,40981440,,,,,,,,,,,,,,,,,293181573,0.0048
2021-01-13,SPY,389.2,394.27,387.84,393.27,393.27,50124210,,,,,,,,,,,,,,,,,343305783,0.0102
2021-01-14,SPY,389.9,403.66,387.52,403.54,403.54,64789553,,,,,,,,,,,,,,,,,408095336,0.0261
2021-01-15,SPY,404.78,408.83,404.31,405.37,405.37,43829271,,,,,,,,,,,,,,,,,451924607,0.0045
2021-01-18,SPY,406.8,410.28,404.79,408.84,408.84,66674540,,,,390.15,,,,,,,,,,,,,518599147,0.0086
2021-01-19,SPY,408.72,415.59,406.65,408.55,408.55,44149191,,,,392.98,,,,,,,,,,,,,474449956,-0.0007
2021-01-20,SPY,408.47,412.48,407.67,411.04,411.04,64382805,,,,395.76,,,,,,,,,,6.7,89.48,,538832761,0.0061
2021-01-21,SPY,407.97,409.24,402.72,406.42,406.42,64545042,,,,397.4,,,,,87.78,,,,,6.82,77.46,,474287719,-0.0112
2021-01-22,SPY,407.04,410.16,406.54,408.8,408.8,37109484,,,,399.15,,,,,88.5,,,,,6.6,81.74,82.9,511397203,0.0059
2021-01-25,SPY,408.92,415.17,406.48,413.37,413.37,60324050,,,,401.34,,,,,89.76,,,,,6.75,93.93,84.38,571721253,0.0112
2021-01-26,SPY,413.48,417.37,412.84,415.9,415.9,37176922,,,,403.58,,,,,90.38,,,,,6.59,95.81,90.49,608898175,0.0061
2021-01-27,SPY,416.65,425.68,415.85,422.52,422.52,44373427,,,,406.49,,,,,91.8,,,,,6.82,92.72,94.15,653271602,0.0159
2021-01-28,SPY,424.5,425.9,422.67,425.39,425.39,48114526,399.69,,,409.4,,,,,92.32,428.97,399.69,370.41,0.1465,6.57,98.8,95.78,701386128,0.0068
2021-01-29,SPY,425.79,431.7,422.49,431.57,431.57,68460400,402.48,,,412.81,,,,,93.32,432.72,402.48,372.24,0.1503,6.76,99.73,97.08,769846528,0.0145
2021-02-01,SPY,433.67,437.5,432.09,432.8,432.8,35602194,405.11,,,415.89,,,,,93.5,436.27,405.11,373.95,0.1538,6.7,90.6,96.38,805448722,0.0029
2021-02-02,SPY,433.37,433.73,423.43,427.0,427.0,45350044,407.37,,,417.6,,,,,82.21,438.0,407.37,376.73,0.1504,6.96,78.99,89.77,760098678,-0.0134
2021-02-03,SPY,428.65,430.68,415.2,417.82,417.82,81691580,409.03,,,417.63,,,,,68.19,438.11,409.03,379.94,0.1422,7.57,43.42,71.0,678407098,-0.0215
2021-02-04,SPY,416.27,420.41,412.33,416.46,416.46,49671558,410.62,,,417.45,,,,,66.38,437.59,410.62,383.65,0.1314,7.61,39.51,53.97,628735540,-0.0033
2021-02-05,SPY,416.56,417.58,411.16,412.61,412.61,59023085,411.9,,,416.71,405.08,11.629,,,61.42,436.6,411.9,387.2,0.1199,7.52,28.44,37.12,569712455,-0.0092
2021-02-08,SPY,412.06,414.6,404.73,405.56,405.56,63197120,412.81,,,414.99,405.11,9.878,,,53.53,435.06,412.81,390.56,0.1078,7.69,8.17,25.37,506515335,-0.0171
2021-02-09,SPY,408.97,410.48,404.33,406.03,406.03,53456834,413.64,,,413.61,405.18,8.432,,,53.95,433.42,413.64,393.87,0.0956,7.58,9.52,15.37,559972169,0.0012
2021-02-10,SPY,403.26,414.26,398.08,412.53,412.53,77591269,414.61,,,413.45,405.73,7.721,,,59.47,432.06,414.61,397.15,0.0842,8.19,36.66,18.11,637563438,0.016
2021-02-11,SPY,413.58,414.45,409.76,409.95,409.95,58023410,414.93,,,412.91,406.04,6.87,,,56.57,431.78,414.93,398.07,0.0812,7.94,30.11,25.43,579540028,-0.0063
2021-02-12,SPY,409.18,413.16,396.86,403.04,403.04,68277768,414.81,,,411.39,405.82,5.574,,,49.6,431.96,414.81,397.66,0.0827,8.54,15.21,27.32,511262260,-0.0169
2021-02-15,SPY,402.59,406.28,399.23,400.85,400.85,55352989,414.41,,,409.77,405.45,4.32,,,47.6,432.44,414.41,396.38,0.087,8.43,9.82,18.38,455909271,-0.0054
2021-02-16,SPY,401.68,404.45,396.08,402.48,402.48,47255157,414.11,,,408.65,405.23,3.419,,,49.24,432.72,414.11,395.49,0.0899,8.43,15.45,13.49,503164428,0.0041
2021-02-17,SPY,400.54,401.89,398.52,401.06,401.06,39021080,413.61,,,407.48,404.92,2.56,6.711,-4.151,47.84,433.04,413.61,394.18,0.094,8.11,12.02,12.43,464143348,-0.0035
2021-02-18,SPY,400.89,406.73,400.88,404.05,404.05,39274048,413.49,,,406.95,404.86,2.097,5.789,-3.691,51.01,433.12,413.49,393.86,0.095,7.95,19.24,15.57,503417396,0.0075
2021-02-19,SPY,406.21,407.43,401.49,402.3,402.3,42592510,413.16,,,406.24,404.67,1.571,4.945,-3.374,49.13,433.31,413.16,393.02,0.0975,7.8,16.52,15.93,460824886,-0.0043
2021-02-22,SPY,402.83,411.17,399.86,408.45,408.45,48016731,412.92,,,406.58,404.95,1.631,4.282,-2.651,55.36,433.16,412.92,392.67,0.0981,8.06,35.75,23.84,508841617,0.0153
2021-02-23,SPY,410.12,412.03,404.23,407.91,407.91,44566668,412.52,,,406.78,405.17,1.616,3.749,-2.133,54.73,432.83,412.52,392.21,0.0985,8.04,48.62,33.63,464274949,-0.0013
2021-02-24,SPY,405.92,412.21,403.74,408.62,408.62,48399127,411.82,,,407.06,405.42,1.643,3.328,-1.685,55.45,431.66,411.82,391.98,0.0963,8.07,58.33,47.57,512674076,0.0017
2021-02-25,SPY,407.56,416.98,402.45,415.8,415.8,69459798,411.34,,,408.41,406.19,2.218,3.106,-0.888,62.05,430.29,411.34,392.4,0.0921,8.53,94.35,67.1,582133874,0.0176
2021-02-26,SPY,414.17,424.22,412.41,421.23,421.23,57695866,410.83,,,410.38,407.3,3.077,3.1,-0.023,66.14,428.02,410.83,393.63,0.0837,8.76,89.37,80.68,639829740,0.0131
2021-03-01,SPY,418.07,425.34,417.39,420.98,420.98,56827506,410.24,,,412.01,408.32,3.694,3.219,0.475,65.78,425.01,410.24,395.46,0.072,8.71,85.1,89.61,583002234,-0.0006
2021-03-02,SPY,421.79,423.0,419.02,420.19,420.19,49010582,409.9,,,413.27,409.2,4.073,3.39,0.683,64.62,423.37,409.9,396.42,0.0657,8.37,82.4,85.62,533991652,-0.0019
2021-03-03,SPY,418.84,428.23,415.91,421.64,421.64,56108422,410.09,,,414.56,410.12,4.439,3.6,0.839,65.82,424.1,410.09,396.07,0.0683,8.65,79.5,82.33,590100074,0.0035
2021-03-04,SPY,421.41,421.43,416.79,419.45,419.45,58255530,410.24,,,415.31,410.81,4.501,3.78,0.721,62.38,424.58,410.24,395.89,0.0699,8.38,72.69,78.2,531844544,-0.0052
2021-03-05,SPY,418.7,429.72,412.45,428.54,428.54,73618230,411.03,,,417.35,412.12,5.223,4.068,1.154,69.5,427.44,411.03,394.63,0.0798,9.01,96.49,82.9,605462774,0.0217
2021-03-08,SPY,428.92,430.01,425.16,429.96,429.96,48959744,412.25,,,419.29,413.44,5.842,4.423,1.419,70.44,430.38,412.25,394.12,0.088,8.72,99.84,89.67,654422518,0.0033
2021-03-09,SPY,430.05,447.36,427.86,442.27,442.27,72702950,414.06,,,422.82,415.58,7.243,4.987,2.256,77.05,436.16,414.06,391.97,0.1067,9.49,89.28,95.21,727125468,0.0286
2021-03-10,SPY,439.73,446.73,437.07,445.77,445.77,60193781,415.73,,,426.35,417.82,8.537,5.697,2.84,78.52,441.76,415.73,389.7,0.1252,9.5,96.65,95.26,787319249,0.0079
2021-03-11,SPY,446.87,450.48,446.48,447.69,447.69,61550568,417.61,410.37,,429.64,420.03,9.607,6.479,3.128,79.31,446.96,417.61,388.27,0.1405,9.16,94.49,93.48,848869817,0.0043
2021-03-12,SPY,447.17,449.93,444.53,448.19,448.19,50015391,419.87,411.82,,432.49,422.11,10.375,7.258,3.117,79.52,451.26,419.87,388.48,0.1495,8.89,95.23,95.46,898885208,0.0011
2021-03-15,SPY,448.01,449.41,435.74,439.65,439.65,68687816,421.81,413.01,,433.59,423.41,10.178,7.842,2.336,67.03,453.05,421.81,390.57,0.1481,9.23,77.45,89.06,830197392,-0.0191
2021-03-16,SPY,439.74,446.23,437.02,443.24,443.24,65715010,423.85,414.23,,435.08,424.88,10.194,8.312,1.881,69.22,455.1,423.85,392.6,0.1474,9.23,84.93,85.87,895912402,0.0082
2021-03-17,SPY,441.36,454.89,440.15,450.94,450.94,71944798,426.34,415.56,,437.52,426.81,10.704,8.791,1.913,73.31,457.88,426.34,394.81,0.1479,9.62,90.7,84.36,967857200,0.0174
2021-03-18,SPY,452.58,454.35,448.09,450.09,450.09,47974760,428.65,416.87,,439.45,428.54,10.914,9.215,1.699,72.17,460.06,428.65,397.23,0.1466,9.38,88.69,88.11,919882440,-0.0019
2021-03-19,SPY,449.81,455.27,449.74,454.22,454.22,42234241,431.24,418.21,,441.72,430.44,11.284,9.629,1.655,74.26,462.09,431.24,400.39,0.1431,9.11,97.55,92.31,962116681,0.0092
2021-03-22,SPY,454.01,462.84,447.11,448.45,448.45,57516955,433.24,419.43,,442.76,431.77,10.985,9.9,1.084,66.71,463.09,433.24,403.39,0.1378,9.58,71.44,85.89,904599726,-0.0127
2021-03-23,SPY,446.3,449.79,438.62,442.23,442.23,43880256,434.96,420.49,,442.68,432.55,10.129,9.946,0.183,59.66,462.65,434.96,407.26,0.1273,9.69,59.1,76.03,860719470,-0.0139
2021-03-24,SPY,440.55,450.24,434.91,449.11,449.11,50376407,436.98,421.61,,443.67,433.77,9.892,9.935,-0.043,64.17,462.52,436.98,411.45,0.1169,10.1,72.75,67.76,911095877,0.0156
2021-03-25,SPY,449.88,460.47,447.27,454.42,454.42,46131705,438.91,422.63,,445.32,435.3,10.017,9.951,0.065,67.22,463.57,438.91,414.25,0.1124,10.32,77.65,69.84,957227582,0.0118
2021-03-26,SPY,456.81,461.47,452.43,456.2,456.2,43794688,440.66,423.64,,446.99,436.85,10.143,9.99,0.153,68.19,465.02,440.66,416.31,0.1105,10.23,81.02,77.14,1001022270,0.0039
2021-03-29,SPY,455.56,457.63,446.77,447.77,447.77,58881870,442.0,424.42,,447.11,437.66,9.453,9.882,-0.429,59.2,464.77,442.0,419.23,0.103,10.27,46.04,68.24,942140400,-0.0185
2021-03-30,SPY,446.59,449.35,445.64,447.57,447.57,52038449,443.37,425.2,,447.18,438.39,8.789,9.664,-0.874,59.0,463.92,443.37,422.82,0.0927,9.8,45.33,57.46,890101951,-0.0004
2021-03-31,SPY,448.61,452.4,442.09,442.23,442.23,74046967,444.4,425.83,,446.42,438.68,7.743,9.28,-1.537,53.81,462.39,444.4,426.41,0.081,9.84,26.21,39.19,816054984,-0.0119
2021-04-01,SPY,443.3,443.55,441.67,443.32,443.32,47608985,445.59,426.56,,445.94,439.02,6.922,8.808,-1.886,54.69,459.51,445.59,431.67,0.0625,9.27,30.11,33.88,863663969,0.0025
2021-04-02,SPY,443.8,446.32,437.11,441.68,441.68,55703574,446.25,427.22,,445.29,439.22,6.069,8.26,-2.191,53.05,457.95,446.25,434.55,0.0524,9.27,24.24,26.85,807960395,-0.0037
2021-04-05,SPY,443.63,445.35,442.52,442.57,442.57,56624315,446.88,427.81,,444.87,439.47,5.403,7.689,-2.286,53.86,456.1,446.88,437.66,0.0413,8.87,27.43,27.26,864584710,0.002
2021-04-06,SPY,443.41,448.74,440.75,445.94,445.94,57272691,447.06,428.41,,445.03,439.95,5.088,7.169,-2.081,56.87,456.05,447.06,438.08,0.0402,8.8,39.49,30.39,921857401,0.0076
2021-04-07,SPY,444.02,446.78,442.89,445.25,445.25,42332070,447.04,428.86,,445.07,440.34,4.728,6.681,-1.952,56.07,456.04,447.04,438.03,0.0403,8.45,37.02,34.65,879525331,-0.0015
2021-04-08,SPY,448.37,460.27,445.2,455.39,455.39,57692330,447.42,429.46,,446.66,441.45,5.201,6.385,-1.183,64.13,457.14,447.42,437.71,0.0434,8.93,73.33,49.95,937217661,0.0228
2021-04-09,SPY,454.13,464.27,452.39,459.63,459.63,66792509,447.99,430.02,,448.65,442.8,5.851,6.278,-0.427,66.87,459.07,447.99,436.92,0.0495,9.14,84.2,64.85,1004010170,0.0093
2021-04-12,SPY,460.32,471.9,459.56,467.75,467.75,58294173,449.4,430.72,,451.59,444.65,6.941,6.411,0.531,71.37,462.78,449.4,436.02,0.0595,9.37,88.78,82.1,1062304343,0.0177
2021-04-13,SPY,469.14,473.47,465.89,472.17,472.17,56756216,450.85,431.62,,454.76,446.69,8.069,6.742,1.326,73.49,467.18,450.85,434.51,0.0724,9.24,96.42,89.8,1119060559,0.0094
2021-04-14,SPY,473.34,483.56,470.11,477.44,477.44,68844210,452.17,432.82,,458.25,448.97,9.28,7.25,2.031,75.78,472.2,452.17,432.14,0.0886,9.54,86.82,90.68,1187904769,0.0112
2021-04-15,SPY,478.92,481.59,476.95,477.68,477.68,63629910,453.55,434.04,,461.24,451.09,10.143,7.829,2.315,75.88,476.42,453.55,430.69,0.1008,9.19,87.34,90.2,1251534679,0.0005
2021-04-16,SPY,476.93,483.66,471.67,480.71,480.71,65881054,454.88,435.4,,464.23,453.29,10.945,8.452,2.494,77.2,480.63,454.88,429.12,0.1132,9.39,93.66,89.28,1317415733,0.0063
2021-04-19,SPY,480.85,481.52,478.87,480.79,480.79,54259288,456.49,436.91,,466.78,455.32,11.456,9.053,2.403,77.23,484.4,456.49,428.59,0.1223,8.91,93.83,91.61,1371675021,0.0002
2021-04-20,SPY,482.15,490.41,479.8,486.83,486.83,47611125,458.72,438.52,,469.86,457.66,12.206,9.683,2.523,79.77,488.76,458.72,428.68,0.131,9.03,93.28,93.59,1419286146,0.0126
2021-04-21,SPY,487.96,497.51,483.31,497.45,497.45,59965117,461.14,440.22,,474.11,460.61,13.503,10.447,3.056,83.3,495.2,461.14,427.07,0.1477,9.4,99.9,95.67,1479251263,0.0218
2021-04-22,SPY,498.67,499.46,487.71,492.58,492.58,45863205,463.05,441.88,,476.95,462.97,13.976,11.153,2.823,76.69,499.58,463.05,426.52,0.1578,9.57,88.28,93.82,1433388058,-0.0098
2021-04-23,SPY,493.75,500.33,493.57,495.93,495.93,57836294,465.03,443.73,,479.87,465.41,14.455,11.813,2.642,77.99,504.09,465.03,425.97,0.168,9.44,92.61,93.6,1491224352,0.0068
2021-04-26,SPY,495.15,497.87,488.75,491.67,491.67,53147875,467.23,445.55,,481.69,467.36,14.326,12.316,2.01,72.48,507.09,467.23,427.37,0.1706,9.41,84.92,88.61,1438076477,-0.0086
2021-04-27,SPY,494.29,499.92,492.45,494.33,494.33,52545089,469.57,447.39,,483.63,469.36,14.273,12.707,1.566,73.73,510.02,469.57,429.11,0.1723,9.33,89.12,88.89,1490621566,0.0054
2021-04-28,SPY,494.29,510.86,493.88,505.78,505.78,64665835,472.74,449.48,,487.04,472.06,14.983,13.162,1.82,78.29,514.08,472.74,431.41,0.1749,9.88,91.31,88.45,1555287401,0.0232
2021-04-29,SPY,509.44,513.73,499.63,502.79,502.79,43498517,475.72,451.46,,489.46,474.33,15.129,13.556,1.574,74.64,516.72,475.72,434.72,0.1724,10.18,79.8,86.74,1511788884,-0.0059
2021-04-30,SPY,504.57,516.02,500.33,512.46,512.46,64712072,479.26,453.66,,493.0,477.16,15.843,14.013,1.83,78.18,520.11,479.26,438.4,0.1705,10.57,92.9,88.0,1576500956,0.0192
2021-05-03,SPY,514.1,521.37,513.67,516.95,516.95,67495135,482.98,455.83,,496.68,480.1,16.58,14.527,2.054,79.61,523.33,482.98,442.62,0.1671,10.45,91.38,88.03,1643996091,0.0088
2021-05-04,SPY,517.82,518.71,508.2,509.49,509.49,76495269,486.15,457.86,,498.65,482.28,16.374,14.896,1.478,71.29,524.29,486.15,448.02,0.1569,10.46,76.1,86.79,1567500822,-0.0144
2021-05-05,SPY,511.66,513.64,496.13,498.11,498.11,74182772,488.8,459.65,,498.57,483.45,15.117,14.94,0.177,60.84,522.27,488.8,455.32,0.137,10.96,53.2,73.56,1493318050,-0.0223
2021-05-06,SPY,495.98,496.22,491.95,494.06,494.06,41411205,490.73,461.22,,497.88,484.24,13.638,14.68,-1.042,57.61,520.53,490.73,460.93,0.1214,10.62,35.74,55.01,1451906845,-0.0081
2021-05-07,SPY,497.17,501.35,483.58,485.81,485.81,83366064,492.04,462.51,,496.02,484.36,11.665,14.077,-2.412,51.59,518.35,492.04,465.72,0.107,11.13,14.46,34.47,1368540781,-0.0167
2021-05-10,SPY,487.16,492.4,486.16,489.5,489.5,60123513,493.13,463.88,,495.02,484.74,10.281,13.318,-3.037,53.91,517.02,493.13,469.23,0.0969,10.81,16.26,22.15,1428664294,0.0076
2021-05-11,SPY,485.09,495.43,483.36,492.92,492.92,73662418,494.16,465.33,,494.69,485.34,9.352,12.525,-3.173,56.01,516.05,494.16,472.28,0.0886,10.9,25.15,18.62,1502326712,0.007
2021-05-12,SPY,493.83,494.15,489.8,491.98,491.98,55808818,494.89,466.74,,494.28,485.83,8.443,11.708,-3.266,55.27,515.43,494.89,474.35,0.083,10.43,22.68,21.36,1446517894,-0.0019
2021-05-13,SPY,489.36,496.58,486.77,495.98,495.98,61801382,495.81,468.27,,494.54,486.59,7.953,10.957,-3.004,57.84,514.77,495.81,476.85,0.0765,10.38,33.2,27.01,1508319276,0.0081
2021-05-14,SPY,495.23,496.3,486.34,493.17,493.17,64449461,496.43,469.56,,494.33,487.07,7.255,10.217,-2.962,55.43,514.14,496.43,478.72,0.0714,10.35,25.81,27.23,1443869815,-0.0057
2021-05-17,SPY,492.95,496.98,484.55,485.48,485.48,58347916,496.66,470.67,,492.97,486.96,6.012,9.376,-3.364,49.36,513.65,496.66,479.68,0.0684,10.5,5.58,21.53,1385521899,-0.0156
2021-05-18,SPY,486.02,493.11,477.11,485.48,485.48,49681192,496.6,471.54,,491.82,486.85,4.969,8.494,-3.525,49.36,513.75,496.6,479.44,0.0691,10.89,18.91,16.77,1385521899,0.0
2021-05-19,SPY,482.21,492.7,481.28,489.7,489.7,62468685,496.21,472.42,,491.49,487.06,4.432,7.682,-3.25,52.66,513.61,496.21,478.8,0.0702,10.93,28.45,17.64,1447990584,0.0087
2021-05-20,SPY,489.07,491.92,487.25,488.06,488.06,35117977,495.98,473.22,,490.96,487.13,3.83,6.912,-3.081,51.26,513.69,495.98,478.28,0.0714,10.48,24.74,24.03,1412872607,-0.0033
2021-05-21,SPY,485.33,492.09,483.94,487.51,487.51,60719334,495.56,474.01,,490.43,487.16,3.271,6.183,-2.912,50.77,513.65,495.56,477.48,0.073,10.32,25.0,26.06,1352153273,-0.0011
2021-05-24,SPY,486.55,487.48,484.34,486.23,486.23,48294765,495.29,474.94,,489.78,487.09,2.694,5.486,-2.792,49.59,513.76,495.29,476.82,0.0746,9.81,24.97,24.9,1303858508,-0.0026
2021-05-25,SPY,484.3,490.41,484.05,489.14,489.14,61626174,495.03,475.86,,489.69,487.24,2.443,4.877,-2.434,52.31,513.69,495.03,476.37,0.0754,9.56,49.63,33.2,1365484682,0.006
2021-05-26,SPY,487.74,488.01,482.2,484.32,484.32,59989749,493.96,476.53,,488.86,487.03,1.834,4.268,-2.435,47.72,512.49,493.96,475.42,0.075,9.37,29.74,34.78,1305494933,-0.0099
2021-05-27,SPY,486.03,486.18,483.6,485.06,485.06,57665789,493.07,477.23,,488.28,486.88,1.395,3.694,-2.299,48.47,511.53,493.07,474.62,0.0749,8.89,40.01,39.79,1363160722,0.0015
2021-05-28,SPY,488.16,489.34,482.01,487.1,487.1,62434175,491.8,477.88,,488.09,486.9,1.198,3.194,-1.997,50.57,508.11,491.8,475.49,0.0663,8.78,50.28,40.01,1425594897,0.0042
2021-05-31,SPY,486.2,499.48,480.81,497.07,497.07,55170614,490.81,478.86,,489.48,487.65,1.825,2.921,-1.096,59.28,502.69,490.81,478.93,0.0484,9.48,89.23,59.84,1480765511,0.0205
2021-06-01,SPY,500.04,505.62,496.13,501.43,501.43,41285842,490.41,480.04,,491.31,488.67,2.643,2.865,-0.222,62.4,500.07,490.41,480.75,0.0394,9.48,85.3,74.94,1522051353,0.0088
2021-06-02,SPY,501.78,508.26,497.38,503.29,503.29,64340322,490.66,481.12,,493.16,489.75,3.403,2.973,0.43,63.68,501.36,490.66,479.97,0.0436,9.58,84.04,86.19,1586391675,0.0037
2021-06-03,SPY,503.2,504.59,493.17,494.42,494.42,54997132,490.68,481.92,,493.35,490.1,3.252,3.028,0.223,54.21,501.4,490.68,479.96,0.0437,9.72,55.57,74.97,1531394543,-0.0176
2021-06-04,SPY,493.76,497.32,487.36,488.76,488.76,52005531,490.83,482.57,,492.64,490.0,2.645,2.952,-0.307,49.18,501.36,490.83,480.3,0.0429,9.73,37.4,59.0,1479389012,-0.0114
2021-06-07,SPY,488.84,497.2,481.44,491.03,491.03,59000177,490.91,483.44,,492.4,490.08,2.32,2.825,-0.506,51.14,501.42,490.91,480.4,0.0428,10.16,37.23,43.4,1538389189,0.0046
2021-06-08,SPY,493.09,496.73,488.0,488.9,488.9,40877393,490.71,484.27,,491.86,489.99,1.869,2.634,-0.765,49.22,501.21,490.71,480.2,0.0428,10.06,29.47,34.7,1497511796,-0.0043
2021-06-09,SPY,486.68,495.68,481.43,492.84,492.84,73281306,490.75,485.28,,492.01,490.2,1.809,2.469,-0.66,52.75,501.28,490.75,480.22,0.0429,10.36,43.83,36.84,1570793102,0.0081
2021-06-10,SPY,491.63,496.25,491.18,493.91,493.91,49147492,490.65,486.29,,492.3,490.48,1.826,2.341,-0.514,53.69,501.0,490.65,480.29,0.0422,9.98,47.72,40.34,1619940594,0.0022
2021-06-11,SPY,495.72,496.31,488.39,493.1,493.1,44272578,490.64,487.32,,492.42,490.67,1.755,2.223,-0.469,52.83,501.0,490.64,480.29,0.0422,9.83,44.77,45.44,1575668016,-0.0016
2021-06-14,SPY,493.25,499.86,486.83,491.13,491.13,60866552,490.92,488.29,,492.23,490.7,1.522,2.083,-0.561,50.71,501.01,490.92,480.84,0.0411,10.06,37.6,43.36,1514801464,-0.004
2021-06-15,SPY,493.75,495.46,482.47,485.52,485.52,74510400,490.93,489.08,,491.19,490.32,0.874,1.841,-0.967,45.15,501.0,490.93,480.85,0.0411,10.27,17.16,33.18,1440291064,-0.0114
2021-06-16,SPY,486.11,489.66,483.88,487.88,487.88,40420862,490.83,489.93,,490.68,490.14,0.545,1.582,-1.037,47.75,500.99,490.83,480.68,0.0414,9.95,25.76,26.84,1480711926,0.0049
2021-06-17,SPY,486.47,489.84,484.48,487.67,487.67,44090883,490.82,490.58,,490.22,489.96,0.264,1.318,-1.054,47.53,500.99,490.82,480.64,0.0415,9.62,24.99,22.64,1436621043,-0.0004
2021-06-18,SPY,487.1,491.03,484.25,485.65,485.65,42855926,490.72,491.1,,489.52,489.64,-0.12,1.031,-1.151,45.41,501.05,490.72,480.39,0.0421,9.42,15.73,22.16,1393765117,-0.0041
2021-06-21,SPY,486.77,489.44,474.29,474.91,474.91,60176018,490.16,491.24,,487.27,488.55,-1.276,0.569,-1.846,36.16,502.46,490.16,477.85,0.0502,9.83,1.83,14.18,1333589099,-0.0221
2021-06-22,SPY,472.62,476.48,463.37,463.96,463.96,49585294,488.9,491.08,,483.68,486.73,-3.041,-0.153,-2.889,29.55,505.69,488.9,472.1,0.0687,10.06,1.43,6.33,1284003805,-0.0231
2021-06-23,SPY,463.28,464.65,459.2,463.28,463.28,49056088,487.85,490.8,,480.54,484.99,-4.444,-1.011,-3.433,29.2,507.96,487.85,467.73,0.0825,9.73,10.03,4.43,1234947717,-0.0015
2021-06-24,SPY,464.12,472.13,460.76,466.0,466.0,65906238,486.89,490.56,,478.31,483.58,-5.275,-1.864,-3.411,32.7,509.14,486.89,464.64,0.0914,9.85,16.72,9.4,1300853955,0.0059
2021-06-25,SPY,466.9,473.43,455.35,458.51,458.51,48162115,485.46,490.12,,475.26,481.72,-6.463,-2.784,-3.68,28.52,510.92,485.46,460.01,0.1049,10.44,7.1,11.29,1252691840,-0.0161
2021-06-28,SPY,460.9,463.61,458.76,462.16,462.16,35884751,483.72,489.75,,473.25,480.28,-7.03,-3.633,-3.397,33.01,510.5,483.72,456.93,0.1107,10.06,15.3,13.04,1288576591,0.008
2021-06-29,SPY,463.87,464.63,458.96,459.45,459.45,50219089,481.62,489.2,,471.12,478.73,-7.61,-4.428,-3.181,31.43,509.09,481.62,454.15,0.1141,9.74,9.21,10.54,1238357502,-0.0059
2021-06-30,SPY,460.21,463.66,455.66,460.94,460.94,43478781,479.5,488.47,,469.56,477.41,-7.858,-5.114,-2.744,33.32,506.49,479.5,452.51,0.1126,9.62,12.56,12.36,1281836283,0.0032
2021-07-01,SPY,463.34,472.97,463.01,470.48,470.48,75763768,478.3,488.03,,469.7,476.9,-7.202,-5.532,-1.671,43.97,504.66,478.3,451.95,0.1102,9.79,33.99,18.59,1357600051,0.0207
2021-07-02,SPY,470.96,472.12,464.66,467.28,467.28,57630090,477.23,487.45,,469.33,476.19,-6.862,-5.798,-1.064,41.57,503.54,477.23,450.92,0.1103,9.63,29.74,25.43,1299969961,-0.0068
2021-07-05,SPY,468.7,469.07,461.39,466.32,466.32,56054919,475.99,486.95,,468.86,475.46,-6.593,-5.957,-0.636,40.85,501.92,475.99,450.07,0.1089,9.49,30.75,31.49,1243915042,-0.0021
2021-07-06,SPY,465.04,465.69,463.53,465.51,465.51,41949544,474.82,486.37,,468.35,474.72,-6.373,-6.04,-0.332,40.22,500.42,474.82,449.23,0.1078,9.01,28.48,29.65,1201965498,-0.0017
2021-07-07,SPY,465.2,468.09,462.37,463.24,463.24,47336210,473.34,485.52,,467.56,473.87,-6.308,-6.094,-0.214,38.42,498.01,473.34,448.68,0.1042,8.77,22.11,27.11,1154629288,-0.0049
2021-07-08,SPY,464.66,466.22,451.55,456.04,456.04,61873427,471.45,484.58,,465.79,472.55,-6.76,-6.227,-0.533,33.34,495.31,471.45,447.59,0.1012,9.19,11.85,20.81,1092755861,-0.0155
2021-07-09,SPY,459.98,462.92,452.01,453.96,453.96,65665551,469.49,483.41,,463.97,471.17,-7.203,-6.422,-0.781,32.02,492.33,469.49,446.66,0.0973,9.32,9.67,14.54,1027090310,-0.0046
2021-07-12,SPY,455.53,461.42,455.11,458.7,458.7,50867806,467.87,482.25,,463.16,470.25,-7.09,-6.556,-0.534,38.03,488.86,467.87,446.88,0.0897,9.18,32.68,18.07,1077958116,0.0104
2021-07-13,SPY,459.04,460.49,455.94,457.09,457.09,57093607,466.45,481.2,,462.23,469.27,-7.049,-6.654,-0.394,36.84,486.29,466.45,446.62,0.085,8.85,25.32,22.56,1020864509,-0.0035
2021-07-14,SPY,458.56,466.82,456.87,465.08,465.08,57741834,465.31,480.54,,462.66,468.96,-6.299,-6.583,0.284,45.9,482.54,465.31,448.08,0.074,8.93,61.84,39.95,1078606343,0.0175
2021-07-15,SPY,465.03,467.15,464.05,464.57,464.57,43567046,464.16,479.95,,462.96,468.64,-5.68,-6.403,0.722,45.46,478.0,464.16,450.32,0.0596,8.52,60.78,49.31,1035039297,-0.0011
2021-07-16,SPY,464.38,467.11,463.26,466.25,466.25,60805914,463.19,479.56,,463.46,468.46,-4.997,-6.121,1.125,47.28,473.0,463.19,453.37,0.0424,8.18,68.63,63.75,1095845211,0.0036
2021-07-19,SPY,466.51,466.8,455.46,461.22,461.22,71176343,462.5,478.99,,463.12,467.92,-4.806,-5.858,1.053,42.67,470.73,462.5,454.27,0.0356,8.41,45.14,58.19,1024668868,-0.0108
2021-07-20,SPY,460.72,467.03,460.53,463.27,463.27,58828788,462.47,478.4,,463.14,467.58,-4.438,-5.574,1.136,45.03,470.68,462.47,454.26,0.0355,8.27,54.72,56.16,1083497656,0.0044
2021-07-21,SPY,464.12,470.23,461.88,462.46,462.46,65590290,462.43,477.81,,463.04,467.2,-4.163,-5.292,1.129,44.25,470.63,462.43,454.23,0.0355,8.28,53.04,50.97,1017907366,-0.0017
2021-07-22,SPY,462.16,463.55,459.01,461.97,461.97,57348832,462.22,477.13,,462.87,466.81,-3.94,-5.022,1.082,43.76,470.26,462.22,454.19,0.0348,8.01,55.78,54.51,960558534,-0.0011
2021-07-23,SPY,461.04,469.74,456.04,467.37,467.37,75112075,462.67,476.61,,463.56,466.85,-3.29,-4.675,1.386,50.29,470.81,462.67,454.52,0.0352,8.42,84.69,64.5,1035670609,0.0117
2021-07-26,SPY,467.06,476.26,462.23,472.05,472.05,70845958,463.16,476.35,,464.87,467.24,-2.369,-4.214,1.845,55.14,472.27,463.16,454.06,0.0393,8.82,82.96,74.48,1106516567,0.01
2021-07-27,SPY,475.46,476.6,466.24,466.64,466.64,74360607,463.52,475.97,,465.14,467.19,-2.052,-3.782,1.729,49.16,472.58,463.52,454.46,0.0391,8.93,60.24,75.96,1032155960,-0.0115
2021-07-28,SPY,464.12,469.52,463.27,467.18,467.18,43040412,463.83,475.52,,465.46,467.19,-1.738,-3.373,1.635,49.75,472.94,463.83,454.72,0.0393,8.74,61.69,68.3,1075196372,0.0012
2021-07-29,SPY,468.08,469.68,463.12,464.44,464.44,60664895,463.53,475.05,,465.3,466.99,-1.69,-3.036,1.346,46.8,472.13,463.53,454.94,0.0371,8.58,43.42,55.12,1014531477,-0.0059
2021-07-30,SPY,462.85,469.04,462.8,468.3,468.3,42255493,463.58,474.66,,465.76,467.09,-1.326,-2.694,1.369,51.19,472.28,463.58,454.89,0.0375,8.41,60.74,55.28,1056786970,0.0083
2021-08-02,SPY,470.94,474.53,468.37,472.55,472.55,60648040,463.89,474.39,,466.81,467.49,-0.686,-2.292,1.607,55.54,473.37,463.89,454.42,0.0409,8.26,80.84,61.67,1117435010,0.0091
2021-08-03,SPY,468.63,478.17,462.75,476.05,476.05,57350996,464.42,474.13,,468.23,468.13,0.102,-1.813,1.916,58.79,475.27,464.42,453.57,0.0467,8.77,90.66,77.41,1174786006,0.0074
2021-08-04,SPY,478.48,486.69,478.32,486.46,486.46,59995140,465.58,474.17,,471.03,469.48,1.549,-1.141,2.69,66.62,480.05,465.58,451.12,0.0621,8.9,99.26,90.26,1234781146,0.0219
2021-08-05,SPY,483.53,498.36,483.02,495.98,495.98,61269781,467.58,474.39,,474.87,471.45,3.425,-0.228,3.652,71.88,486.55,467.58,448.61,0.0811,9.36,94.45,94.79,1296050927,0.0196
2021-08-06,SPY,494.31,498.77,490.91,497.36,497.36,45783155,469.75,474.59,,478.33,473.37,4.965,0.811,4.154,72.55,491.69,469.75,447.81,0.0934,9.26,96.7,96.81,1341834082,0.0028
2021-08-09,SPY,495.29,513.79,494.26,508.97,508.97,79139259,472.26,474.83,,483.04,476.0,7.041,2.057,4.984,77.45,499.45,472.26,445.07,0.1151,9.99,91.65,94.27,1420973341,0.0233
2021-08-10,SPY,511.32,511.47,504.09,506.05,506.05,65727219,474.71,474.92,,486.58,478.23,8.355,3.316,5.038,73.88,504.67,474.71,444.75,0.1262,9.8,86.6,91.65,1355246122,-0.0057
2021-08-11,SPY,507.41,507.91,498.57,501.8,501.8,46707859,476.55,474.89,,488.92,479.97,8.95,4.443,4.507,68.9,508.36,476.55,444.73,0.1335,9.77,79.24,85.83,1308538263,-0.0084
2021-08-12,SPY,500.79,504.08,498.59,499.33,499.33,46401397,478.28,474.99,,490.53,481.41,9.117,5.378,3.739,66.1,511.08,478.28,445.49,0.1371,9.46,71.96,79.26,1262136866,-0.0049
2021-08-13,SPY,502.46,506.07,494.17,495.69,495.69,48037921,479.76,475.13,,491.32,482.47,8.854,6.073,2.781,62.11,512.9,479.76,446.62,0.1382,9.64,64.54,71.91,1214098945,-0.0073
2021-08-16,SPY,498.88,501.26,488.59,492.21,492.21,51916653,481.31,475.15,,491.46,483.19,8.269,6.512,1.757,58.47,513.72,481.31,448.89,0.1347,9.85,57.72,64.74,1162182292,-0.007
2021-08-17,SPY,494.15,496.84,492.12,493.1,493.1,53563577,482.8,475.24,,491.71,483.92,7.787,6.767,1.02,59.13,514.5,482.8,451.1,0.1313,9.49,59.46,60.57,1215745869,0.0018
2021-08-18,SPY,493.53,495.4,484.31,491.92,491.92,43950326,484.27,475.22,,491.74,484.51,7.227,6.859,0.368,57.82,514.77,484.27,453.77,0.1259,9.6,57.15,58.11,1171795543,-0.0024
2021-08-19,SPY,493.37,499.49,487.17,487.42,487.42,56826074,485.54,475.09,,491.08,484.73,6.347,6.757,-0.41,53.0,514.28,485.54,456.8,0.1184,9.8,48.33,54.98,1114969469,-0.0091
2021-08-20,SPY,490.53,491.18,484.08,486.45,486.45,40216461,486.5,474.96,,490.37,484.86,5.508,6.507,-0.999,51.99,514.0,486.5,458.99,0.1131,9.6,46.43,50.64,1074753008,-0.002
2021-08-23,SPY,486.62,491.11,482.53,483.94,483.94,49398440,487.09,474.81,,489.38,484.79,4.587,6.123,-1.536,49.38,513.83,487.09,460.36,0.1098,9.53,15.84,36.87,1025354568,-0.0052
2021-08-24,SPY,484.13,486.86,482.07,484.25,484.25,40269120,487.97,474.79,,488.59,484.75,3.839,5.666,-1.828,49.71,513.06,487.97,462.88,0.1028,9.19,6.87,23.05,1065623688,0.0006
2021-08-25,SPY,486.28,489.59,474.49,477.1,477.1,72134695,488.47,474.57,,486.82,484.18,2.638,5.061,-2.423,42.67,512.25,488.47,464.68,0.0974,9.61,6.64,9.79,993488993,-0.0148
2021-08-26,SPY,477.84,478.9,477.57,477.89,477.89,50079535,489.14,474.38,,485.45,483.72,1.73,4.394,-2.664,43.62,510.84,489.14,467.44,0.0887,9.06,8.65,7.39,1043568528,0.0017
2021-08-27,SPY,478.04,479.3,470.13,470.13,470.13,62877930,489.23,474.07,,483.09,482.71,0.38,3.592,-3.212,37.12,510.59,489.23,467.87,0.0873,9.06,0.0,5.1,980690598,-0.0162
2021-08-30,SPY,469.62,470.32,465.44,467.16,467.16,58796794,488.96,473.91,,480.64,481.56,-0.919,2.689,-3.608,34.97,511.27,488.96,466.65,0.0913,8.77,4.05,4.23,921893804,-0.0063
2021-08-31,SPY,468.95,470.17,456.29,458.84,458.84,66524859,488.1,473.81,,477.29,479.88,-2.59,1.634,-4.223,29.77,513.46,488.1,462.75,0.1039,9.13,5.12,3.06,855368945,-0.0178
2021-09-01,SPY,458.27,461.03,453.83,455.0,455.0,59645270,486.53,473.64,,473.86,478.03,-4.176,0.472,-4.647,27.72,515.71,486.53,457.35,0.12,8.99,2.24,3.8,795723675,-0.0084
2021-09-02,SPY,457.62,463.28,451.49,460.18,460.18,46266712,484.74,473.53,,471.75,476.71,-4.958,-0.614,-4.343,34.29,515.72,484.74,453.76,0.1278,9.19,17.46,8.27,841990387,0.0114
2021-09-03,SPY,459.4,460.37,451.08,457.64,457.64,66425893,482.75,473.51,,469.58,475.3,-5.716,-1.635,-4.082,32.72,515.3,482.75,450.21,0.1348,9.2,13.55,11.08,775564494,-0.0055
2021-09-06,SPY,457.57,458.49,451.32,455.54,455.54,38798919,480.08,473.38,,467.42,473.83,-6.413,-2.59,-3.823,31.44,512.35,480.08,447.82,0.1344,9.05,9.21,13.41,736765575,-0.0046
2021-09-07,SPY,456.64,467.37,456.54,464.33,464.33,54781926,478.0,473.47,,466.95,473.13,-6.184,-3.309,-2.875,41.73,508.63,478.0,447.36,0.1282,9.25,27.37,16.71,791547501,0.0193
2021-09-08,SPY,464.65,468.05,463.55,464.71,464.71,62734121,476.14,473.55,,466.6,472.51,-5.905,-3.828,-2.077,42.13,505.24,476.14,447.04,0.1222,8.91,33.99,23.52,854281622,0.0008
2021-09-09,SPY,461.44,468.97,460.2,466.47,466.47,49706656,474.5,473.47,,466.58,472.06,-5.478,-4.158,-1.32,44.07,501.83,474.5,447.17,0.1152,8.9,38.45,33.27,903988278,0.0038
2021-09-10,SPY,466.81,475.13,466.64,474.48,474.48,48847728,473.44,473.61,,467.8,472.24,-4.442,-4.215,-0.227,51.95,498.99,473.44,447.89,0.1079,8.89,60.76,44.4,952836006,0.0172
2021-09-13,SPY,476.75,481.34,471.19,475.95,475.95,52358615,472.62,473.81,,469.05,472.51,-3.463,-4.064,0.602,53.25,496.73,472.62,448.52,0.102,8.98,64.58,54.6,1005194621,0.0031
2021-09-14,SPY,475.06,478.57,468.37,468.64,468.64,51936725,471.4,473.87,,468.99,472.23,-3.239,-3.899,0.66,46.51,493.63,471.4,449.17,0.0943,9.06,58.03,61.12,953257896,-0.0154
2021-09-15,SPY,466.49,469.69,461.98,463.15,463.15,50259843,469.96,473.87,,468.09,471.55,-3.465,-3.812,0.348,42.18,490.34,469.96,449.58,0.0867,8.97,39.89,54.17,902998053,-0.0117
2021-09-16,SPY,461.63,473.52,455.7,470.16,470.16,73875009,469.1,474.15,,468.41,471.45,-3.043,-3.658,0.616,48.73,487.85,469.1,450.35,0.0799,9.6,63.05,53.66,976873062,0.0151
2021-09-17,SPY,472.03,473.12,466.4,469.14,469.14,54775834,468.23,474.45,,468.52,471.28,-2.759,-3.479,0.72,47.88,485.21,468.23,451.26,0.0725,9.39,59.68,54.21,922097228,-0.0022
2021-09-20,SPY,469.42,472.88,464.44,465.99,465.99,38145844,467.34,474.6,,468.13,470.89,-2.757,-3.334,0.578,45.26,482.72,467.34,451.95,0.0658,9.33,49.27,57.34,883951384,-0.0067
2021-09-21,SPY,465.17,468.93,462.24,468.03,468.03,39541130,466.53,474.82,,468.12,470.68,-2.56,-3.179,0.619,47.28,479.83,466.53,453.22,0.057,9.14,56.01,54.99,923492514,0.0044
2021-09-22,SPY,466.96,477.19,466.24,472.81,472.81,71416222,466.31,474.97,,468.84,470.83,-1.996,-2.943,0.946,51.76,479.05,466.31,453.57,0.0546,9.27,71.81,59.03,994908736,0.0102
2021-09-23,SPY,474.0,478.85,471.69,474.07,474.07,33821478,466.12,475.16,,469.64,471.07,-1.431,-2.64,1.209,52.9,478.26,466.12,453.98,0.0521,9.12,75.78,67.87,1028730214,0.0027
2021-09-24,SPY,475.31,479.57,468.69,469.22,469.22,55971956,466.08,475.22,,469.58,470.94,-1.359,-2.384,1.025,48.19,478.16,466.08,453.99,0.0519,9.24,52.73,66.77,972758258,-0.0102
2021-09-27,SPY,468.75,472.4,460.75,466.83,466.83,48843181,466.06,475.33,,469.16,470.63,-1.477,-2.203,0.725,46.01,478.14,466.06,453.98,0.0518,9.41,43.41,57.31,923915077,-0.0051
2021-09-28,SPY,468.36,477.1,467.58,474.3,474.3,67028975,466.83,475.55,,469.95,470.9,-0.958,-1.954,0.996,53.13,478.95,466.83,454.72,0.0519,9.48,72.54,56.23,990944052,0.016
2021-09-29,SPY,473.72,477.41,468.41,470.46,470.46,37809412,467.6,475.71,,470.03,470.87,-0.846,-1.732,0.886,49.52,478.51,467.6,456.7,0.0467,9.44,57.57,57.84,953134640,-0.0081
2021-09-30,SPY,471.8,475.78,468.33,471.18,471.18,51376093,468.15,475.9,,470.2,470.89,-0.691,-1.524,0.833,50.2,478.61,468.15,457.7,0.0447,9.3,60.37,63.49,1004510733,0.0015
2021-10-01,SPY,471.76,477.28,469.35,474.92,474.92,51512243,469.02,476.05,,470.93,471.19,-0.263,-1.272,1.008,53.71,478.68,469.02,459.36,0.0412,9.2,80.52,66.15,1056022976,0.0079
2021-10-04,SPY,473.12,475.1,468.93,472.25,472.25,50322674,469.85,476.05,,471.13,471.27,-0.139,-1.045,0.907,50.95,477.36,469.85,462.35,0.0319,8.98,69.33,70.08,1005700302,-0.0056
2021-10-05,SPY,473.35,487.87,472.47,485.14,485.14,70756727,470.89,476.42,,473.29,472.3,0.989,-0.638,1.627,61.29,480.52,470.89,461.27,0.0409,9.46,91.51,80.46,1076457029,0.0273
2021-10-06,SPY,484.29,484.56,478.95,484.13,484.13,33225642,471.87,476.76,,474.96,473.17,1.781,-0.154,1.935,60.22,482.65,471.87,461.08,0.0457,9.23,86.21,82.35,1043231387,-0.0021
2021-10-07,SPY,482.65,484.01,479.38,482.72,482.72,50890680,472.68,477.13,458.94,476.15,473.88,2.268,0.33,1.938,58.68,484.14,472.68,461.22,0.0485,8.91,81.01,86.24,992340707,-0.0029
2021-10-08,SPY,483.14,485.15,467.37,470.27,470.27,78084526,472.47,477.17,459.41,475.25,473.61,1.631,0.59,1.041,47.19,483.94,472.47,460.99,0.0486,9.54,35.1,67.44,914256181,-0.0258
2021-10-11,SPY,471.12,482.36,466.9,480.09,480.09,58655563,472.68,477.32,459.91,475.99,474.09,1.897,0.852,1.045,54.72,484.54,472.68,460.81,0.0502,9.96,71.31,62.48,972911744,0.0209
2021-10-12,SPY,482.15,482.34,471.42,474.9,474.9,61529346,472.99,477.3,460.38,475.82,474.15,1.669,1.015,0.654,50.61,484.74,472.99,461.24,0.0497,10.03,52.18,52.86,911382398,-0.0108
2021-10-13,SPY,476.07,477.63,465.81,466.21,466.21,77919035,473.14,476.89,460.79,474.34,473.57,0.779,0.968,-0.189,44.58,484.44,473.14,461.84,0.0478,10.16,20.13,47.87,833463363,-0.0183
2021-10-14,SPY,464.72,470.07,461.71,468.24,468.24,44229966,473.04,476.34,461.2,473.4,473.17,0.234,0.821,-0.587,46.19,484.48,473.04,461.61,0.0483,10.03,27.62,33.31,877693329,0.0044
2021-10-15,SPY,468.34,469.5,461.95,462.95,462.95,70072652,472.74,475.65,461.58,471.8,472.41,-0.617,0.534,-1.151,42.7,484.89,472.74,460.58,0.0514,9.85,4.74,17.5,807620677,-0.0113
2021-10-18,SPY,463.69,467.8,461.07,465.18,465.18,40997927,472.7,474.77,461.97,470.78,471.88,-1.099,0.207,-1.306,44.6,484.94,472.7,460.45,0.0518,9.63,15.34,15.9,848618604,0.0048
2021-10-19,SPY,465.81,467.69,461.4,464.68,464.68,53484779,472.53,473.94,462.35,469.84,471.34,-1.504,-0.135,-1.369,44.25,485.11,472.53,459.94,0.0533,9.39,13.47,11.18,795133825,-0.0011
2021-10-20,SPY,465.13,465.87,455.91,460.89,460.89,44562865,471.93,473.13,462.69,468.46,470.57,-2.107,-0.53,-1.577,41.55,485.5,471.93,458.37,0.0575,9.43,15.58,14.8,750570960,-0.0082
2021-10-21,SPY,460.94,463.31,458.37,462.6,462.6,46530856,471.36,472.39,462.98,467.56,469.98,-2.418,-0.907,-1.511,43.23,485.47,471.36,457.24,0.0599,9.11,20.93,16.66,797101816,0.0037
2021-10-22,SPY,463.88,466.97,460.29,465.8,465.8,43970757,471.19,471.79,463.29,467.29,469.67,-2.38,-1.202,-1.178,46.34,485.48,471.19,456.89,0.0607,8.94,30.94,22.49,841072573,0.0069
2021-10-25,SPY,465.04,470.9,462.7,466.98,466.98,35970013,471.19,471.29,463.58,467.24,469.47,-2.228,-1.407,-0.821,47.48,485.48,471.19,456.91,0.0606,8.88,37.86,29.91,877042586,0.0025
2021-10-26,SPY,466.92,468.3,461.84,465.37,465.37,51712409,470.75,470.73,463.86,466.95,469.17,-2.213,-1.568,-0.644,46.04,485.18,470.75,456.32,0.0613,8.71,32.35,33.72,825330177,-0.0034
2021-10-27,SPY,464.62,469.38,456.5,457.07,457.07,55210610,470.08,470.04,464.09,465.43,468.27,-2.837,-1.822,-1.015,39.41,485.69,470.08,454.46,0.0664,9.01,3.97,24.73,770119567,-0.0178
2021-10-28,SPY,456.73,460.38,453.15,453.58,453.58,63011493,469.2,469.36,464.33,463.61,467.18,-3.573,-2.172,-1.401,37.0,486.37,469.2,452.03,0.0732,8.88,1.47,12.6,707108074,-0.0076
2021-10-29,SPY,452.08,462.18,449.67,457.02,457.02,49625345,468.3,468.77,464.57,462.6,466.43,-3.834,-2.504,-1.329,40.84,486.05,468.3,450.56,0.0758,9.14,22.5,9.31,756733419,0.0076
2021-11-01,SPY,456.45,460.62,451.38,452.14,452.14,57464879,467.3,468.14,464.76,460.99,465.37,-4.384,-2.88,-1.504,37.36,486.27,467.3,448.33,0.0812,9.15,8.83,10.93,699268540,-0.0107
2021-11-02,SPY,449.3,458.1,446.2,454.16,454.16,71852097,465.75,467.53,464.95,459.94,464.54,-4.604,-3.225,-1.379,39.65,483.67,465.75,447.83,0.077,9.34,32.23,21.19,771120637,0.0045
2021-11-03,SPY,453.58,454.03,450.85,451.55,451.55,50639434,464.12,467.02,465.1,458.65,463.58,-4.932,-3.566,-1.365,37.73,480.95,464.12,447.29,0.0725,8.91,21.66,20.91,720481203,-0.0057
2021-11-04,SPY,451.34,461.45,450.38,458.84,458.84,56403637,462.93,466.64,465.26,458.68,463.23,-4.551,-3.763,-0.788,45.66,477.55,462.93,448.3,0.0632,9.07,51.17,35.02,776884840,0.0161
2021-11-05,SPY,458.74,464.41,452.43,461.94,461.94,48142918,462.51,466.48,465.42,459.18,463.13,-3.954,-3.801,-0.152,48.65,476.75,462.51,448.27,0.0616,9.28,63.72,45.52,825027758,0.0068
2021-11-08,SPY,460.96,465.81,455.76,463.93,463.93,58609660,461.7,466.41,465.57,459.91,463.19,-3.282,-3.697,0.416,50.53,473.48,461.7,449.93,0.051,9.33,71.78,62.23,883637418,0.0043
2021-11-09,SPY,467.51,471.38,461.27,462.32,462.32,49191406,461.07,466.48,465.75,460.28,463.13,-2.846,-3.527,0.681,48.97,471.19,461.07,450.96,0.0439,9.39,64.02,66.51,834446012,-0.0035
2021-11-10,SPY,463.41,475.76,461.74,469.53,469.53,45286353,461.24,466.77,466.01,461.7,463.6,-1.898,-3.201,1.304,55.6,471.78,461.24,450.69,0.0457,9.72,78.92,71.57,879732365,0.0156
2021-11-11,SPY,466.93,477.02,466.68,475.2,475.2,56763603,461.59,467.07,466.3,463.78,464.46,-0.68,-2.697,2.017,60.0,473.42,461.59,449.76,0.0513,9.76,94.09,79.01,936495968,0.0121
2021-11-12,SPY,475.19,482.1,473.09,473.37,473.37,42808752,462.11,467.39,466.6,465.26,465.12,0.135,-2.131,2.266,58.0,475.0,462.11,449.21,0.0558,9.71,75.68,82.9,893687216,-0.0039
2021-11-15,SPY,473.55,488.69,469.14,485.83,485.83,78470728,463.14,467.99,467.01,468.42,466.65,1.766,-1.351,3.118,66.25,479.65,463.14,446.63,0.0713,10.41,93.27,87.68,972157944,0.0263
2021-11-16,SPY,486.14,488.62,476.6,479.24,479.24,58466452,463.87,468.29,467.37,470.09,467.59,2.498,-0.581,3.08,59.59,481.81,463.87,445.93,0.0774,10.53,77.76,82.24,913691492,-0.0136
2021-11-17,SPY,479.2,483.06,476.27,482.76,482.76,46764243,464.96,468.65,467.72,472.04,468.71,3.325,0.2,3.125,61.8,484.63,464.96,445.3,0.0846,10.26,86.04,85.69,960455735,0.0073
2021-11-18,SPY,484.03,485.71,477.27,478.99,478.99,51476381,465.78,468.9,468.07,473.11,469.47,3.633,0.886,2.747,58.13,486.33,465.78,445.23,0.0882,10.13,77.17,80.32,908979354,-0.0078
2021-11-19,SPY,478.77,481.91,472.57,474.28,474.28,46034007,466.2,468.9,468.42,473.29,469.83,3.458,1.401,2.057,53.83,487.09,466.2,445.32,0.0896,10.07,66.09,76.43,862945347,-0.0098
2021-11-22,SPY,473.37,480.3,469.69,476.72,476.72,68442062,466.69,468.92,468.8,473.81,470.34,3.476,1.816,1.66,55.66,488.07,466.69,445.31,0.0916,10.11,68.75,70.67,931387409,0.0051
2021-11-23,SPY,477.31,481.02,474.0,478.34,478.34,58149571,467.34,469.11,469.18,474.51,470.93,3.579,2.168,1.411,56.88,489.3,467.34,445.38,0.094,9.89,72.98,69.27,989536980,0.0034
2021-11-24,SPY,478.47,485.65,473.31,484.85,484.85,60176235,468.73,469.54,469.6,476.1,471.96,4.139,2.562,1.576,61.47,491.42,468.73,446.04,0.0968,10.07,89.41,77.05,1049713215,0.0136
2021-11-25,SPY,484.61,486.56,483.54,485.14,485.14,60113908,470.31,469.84,470.01,477.49,472.94,4.553,2.961,1.593,61.67,492.95,470.31,447.67,0.0963,9.56,89.22,83.87,1109827123,0.0006
2021-11-26,SPY,484.6,484.77,467.8,478.32,478.32,68076427,471.37,470.03,470.39,477.62,473.34,4.282,3.225,1.057,54.64,493.41,471.37,449.34,0.0935,10.12,62.18,80.27,1041750696,-0.0141
2021-11-29,SPY,481.32,485.87,478.06,479.5,479.5,48460387,472.74,470.3,470.74,477.91,473.79,4.115,3.403,0.712,55.58,493.17,472.74,452.31,0.0864,9.95,65.9,72.43,1090211083,0.0025
2021-11-30,SPY,478.64,480.27,476.42,478.02,478.02,44077368,473.93,470.5,471.09,477.93,474.11,3.819,3.486,0.333,54.06,492.59,473.93,455.27,0.0787,9.52,51.52,59.87,1046133715,-0.0031
2021-12-01,SPY,476.99,478.96,472.12,474.4,474.4,66489565,475.08,470.53,471.42,477.38,474.13,3.255,3.44,-0.185,50.43,490.66,475.08,459.49,0.0656,9.33,31.59,49.67,979644150,-0.0076
2021-12-02,SPY,475.0,485.42,473.41,484.73,484.73,81085106,476.37,470.74,471.77,478.51,474.91,3.6,3.472,0.128,58.91,490.58,476.37,462.16,0.0597,9.52,81.04,54.72,1060729256,0.0218
2021-12-03,SPY,487.04,488.68,478.38,485.58,485.58,43635653,477.55,471.07,472.09,479.6,475.7,3.897,3.557,0.34,59.53,490.66,477.55,464.45,0.0549,9.57,85.15,65.93,1104364909,0.0018
2021-12-06,SPY,486.89,487.16,483.91,487.09,487.09,56754162,478.71,471.47,472.42,480.75,476.55,4.206,3.687,0.519,60.65,490.86,478.71,466.57,0.0507,9.12,92.39,86.19,1161119071,0.0031
2021-12-07,SPY,488.39,492.19,479.2,480.55,480.55,72352684,479.62,471.6,472.72,480.72,476.84,3.878,3.725,0.153,53.69,489.17,479.62,470.08,0.0398,9.4,52.28,76.6,1088766387,-0.0134
2021-12-08,SPY,479.17,486.25,472.49,483.32,483.32,67403913,480.31,471.86,473.03,481.12,477.32,3.798,3.739,0.058,55.99,488.77,480.31,471.85,0.0352,9.71,63.63,69.43,1156170300,0.0058
2021-12-09,SPY,484.91,487.57,481.02,482.3,482.3,57245397,480.67,472.08,473.34,481.3,477.69,3.611,3.714,-0.103,54.91,488.83,480.67,472.5,0.034,9.48,59.45,58.45,1098924903,-0.0021
2021-12-10,SPY,481.72,483.49,474.8,480.86,480.86,55775716,481.04,472.2,473.61,481.23,477.93,3.308,3.633,-0.325,53.34,488.49,481.04,473.6,0.031,9.43,53.55,58.88,1043149187,-0.003
2021-12-13,SPY,481.61,487.61,476.13,484.92,484.92,43270161,481.0,472.45,473.88,481.8,478.44,3.357,3.577,-0.221,57.07,488.33,481.0,473.66,0.0305,9.57,70.19,61.06,1086419348,0.0084
2021-12-14,SPY,484.89,487.64,483.84,485.0,485.0,41786380,481.28,472.45,474.09,482.29,478.93,3.363,3.535,-0.171,57.14,488.77,481.28,473.79,0.0311,9.16,70.52,64.75,1128205728,0.0002
2021-12-15,SPY,486.16,494.25,484.73,490.4,490.4,62087000,481.67,472.57,474.32,483.54,479.78,3.761,3.58,0.181,61.83,490.13,481.67,473.2,0.0352,9.19,85.44,75.39,1190292728,0.0111
2021-12-16,SPY,491.7,493.31,480.91,482.52,482.52,55377677,481.84,472.57,474.49,483.38,479.98,3.401,3.544,-0.143,52.76,490.23,481.84,473.46,0.0348,9.42,47.0,67.65,1134915051,-0.0161
2021-12-17,SPY,483.0,491.36,481.89,490.95,490.95,54517195,482.68,472.98,474.71,484.55,480.8,3.752,3.586,0.167,59.59,491.2,482.68,474.15,0.0353,9.42,85.09,72.51,1189432246,0.0175
2021-12-20,SPY,489.14,495.45,485.9,490.56,490.56,34929769,483.37,473.19,474.96,485.47,481.52,3.954,3.659,0.295,59.16,492.09,483.37,474.64,0.0361,9.43,79.04,70.37,1154502477,-0.0008
2021-12-21,SPY,491.38,497.81,485.61,497.34,497.34,68884702,484.32,473.64,475.23,487.3,482.69,4.608,3.849,0.759,63.99,494.64,484.32,474.0,0.0426,9.63,98.14,87.42,1223387179,0.0138
2021-12-22,SPY,495.91,500.98,493.97,495.56,495.56,35203665,484.85,474.23,475.45,488.57,483.64,4.926,4.064,0.861,61.92,496.28,484.85,473.43,0.0471,9.44,80.98,86.05,1188183514,-0.0036
2021-12-23,SPY,493.39,504.15,487.39,499.35,499.35,69653318,485.56,474.85,475.7,490.23,484.81,5.421,4.336,1.085,64.55,498.62,485.56,472.5,0.0538,9.96,84.84,87.99,1257836832,0.0076
2021-12-24,SPY,497.17,506.84,492.42,503.82,503.82,71973640,486.84,475.67,475.95,492.32,486.22,6.103,4.689,1.414,67.4,501.68,486.84,472.0,0.061,10.28,91.21,85.67,1329810472,0.009
2021-12-27,SPY,504.52,507.92,496.1,501.94,501.94,46132530,487.96,476.4,476.22,493.8,487.38,6.419,5.035,1.384,65.03,503.77,487.96,472.15,0.0648,10.39,83.12,86.39,1283677942,-0.0037
2021-12-28,SPY,498.08,513.29,495.34,511.61,511.61,59755415,489.64,477.34,476.56,496.54,489.18,7.364,5.501,1.863,70.74,507.83,489.64,471.45,0.0743,10.93,95.64,89.99,1343433357,0.0193
2021-12-29,SPY,511.34,511.83,507.23,508.24,508.24,57173704,491.33,478.29,476.86,498.34,490.59,7.752,5.951,1.801,66.65,509.83,491.33,472.84,0.0753,10.48,86.88,88.55,1286259653,-0.0066
2021-12-30,SPY,512.34,513.69,506.06,509.69,509.69,46067832,492.58,479.23,477.13,500.09,492.0,8.083,6.378,1.706,67.52,512.44,492.58,472.72,0.0807,10.28,89.35,90.62,1332327485,0.0029
2021-12-31,SPY,508.11,510.28,506.35,507.96,507.96,37864638,493.7,480.07,477.39,501.3,493.18,8.113,6.725,1.388,65.34,514.37,493.7,473.03,0.0837,9.82,82.52,86.25,1294462847,-0.0034
2022-01-03,SPY,504.44,508.26,499.73,501.69,501.69,40310643,494.43,480.77,477.66,501.36,493.81,7.543,6.888,0.655,58.0,515.14,494.43,473.72,0.0838,9.73,63.39,78.42,1254152204,-0.0123
2022-01-04,SPY,498.86,499.54,490.54,493.47,493.47,63127246,495.07,481.33,477.89,500.14,493.79,6.355,6.782,-0.427,50.07,514.8,495.07,475.35,0.0797,9.83,38.32,61.41,1191024958,-0.0164
2022-01-05,SPY,492.13,505.82,490.75,505.1,505.1,80787943,496.16,482.29,478.21,500.91,494.63,6.28,6.681,-0.402,58.68,515.57,496.16,476.76,0.0782,10.21,72.99,58.23,1271812901,0.0236
2022-01-06,SPY,506.7,508.6,502.53,503.0,503.0,44888253,497.2,483.28,478.5,501.23,495.25,5.982,6.541,-0.56,56.78,515.73,497.2,478.67,0.0745,9.91,61.93,57.74,1226924648,-0.0042
2022-01-07,SPY,505.88,506.68,488.53,494.54,494.54,61207495,497.88,484.03,478.77,500.2,495.19,5.005,6.234,-1.229,49.77,514.9,497.88,480.87,0.0683,10.5,31.8,55.57,1165717153,-0.0168
2022-01-10,SPY,495.18,500.88,492.1,498.5,498.5,55769084,498.56,484.96,479.05,499.94,495.44,4.499,5.887,-1.388,52.71,514.5,498.56,482.62,0.0639,10.38,42.24,45.33,1221486237,0.008
2022-01-11,SPY,496.69,499.87,493.88,495.05,495.05,52352011,499.06,485.77,479.29,499.19,495.41,3.775,5.465,-1.689,49.97,513.86,499.06,484.27,0.0593,10.06,29.13,34.39,1169134226,-0.0069
2022-01-12,SPY,496.71,500.12,494.66,496.06,496.06,35073149,499.35,486.66,479.55,498.71,495.46,3.246,5.021,-1.775,50.78,513.67,499.35,485.02,0.0574,9.73,29.93,33.77,1204207375,0.002
2022-01-13,SPY,495.15,496.41,489.91,494.02,494.02,42267838,499.92,487.37,479.74,497.98,495.35,2.632,4.543,-1.911,49.05,512.29,499.92,487.56,0.0495,9.5,21.82,26.96,1161939537,-0.0041
2022-01-14,SPY,493.56,509.77,493.06,508.6,508.6,66256321,500.81,488.3,479.99,499.62,496.33,3.284,4.291,-1.007,59.61,513.0,500.81,488.61,0.0487,10.02,79.77,43.84,1228195858,0.0295
2022-01-17,SPY,510.76,516.0,496.71,505.11,505.11,54241395,501.53,489.12,480.17,500.46,496.98,3.479,4.129,-0.65,56.58,512.91,501.53,490.16,0.0454,10.68,60.36,53.98,1173954463,-0.0069
2022-01-18,SPY,506.98,511.11,503.35,507.21,507.21,53558226,502.03,490.02,480.35,501.5,497.74,3.759,4.055,-0.296,57.97,513.49,502.03,490.57,0.0457,10.47,68.0,69.38,1227512689,0.0042
2022-01-19,SPY,509.54,511.05,502.99,503.51,503.51,71341136,502.42,490.7,480.48,501.81,498.17,3.641,3.972,-0.331,54.67,513.5,502.42,491.34,0.0441,10.3,54.53,60.96,1156171553,-0.0073
2022-01-20,SPY,505.32,505.66,495.48,501.72,501.72,53068876,502.54,491.23,480.6,501.8,498.43,3.364,3.851,-0.486,53.09,513.54,502.54,491.54,0.0438,10.29,48.02,56.85,1103102677,-0.0036
2022-01-21,SPY,503.16,506.36,490.75,498.89,498.89,56555034,502.3,491.74,480.69,501.35,498.47,2.883,3.657,-0.774,50.61,513.39,502.3,491.2,0.0442,10.67,37.71,46.75,1046547643,-0.0056
2022-01-24,SPY,495.92,497.55,492.5,495.91,495.91,57643374,501.99,491.94,480.77,500.51,498.28,2.236,3.373,-1.137,48.06,513.43,501.99,490.56,0.0456,10.36,26.87,37.53,988904269,-0.006
2022-01-25,SPY,493.2,499.08,488.51,498.77,498.77,67935912,501.35,492.34,480.83,500.24,498.31,1.931,3.085,-1.153,50.63,511.97,501.35,490.73,0.0424,10.38,37.32,33.97,1056840181,0.0058
2022-01-26,SPY,498.74,510.28,492.6,507.36,507.36,65152317,501.31,492.83,480.87,501.34,498.98,2.356,2.939,-0.583,57.44,511.82,501.31,490.8,0.0419,10.9,68.57,44.25,1121992498,0.0172
2022-01-27,SPY,508.02,513.75,503.11,509.34,509.34,60271347,501.29,493.43,480.96,502.57,499.75,2.82,2.915,-0.095,58.85,511.75,501.29,490.83,0.0417,10.88,75.77,60.56,1182263845,0.0039
2022-01-28,SPY,507.86,513.9,503.78,511.42,511.42,56856372,501.46,494.18,481.04,503.93,500.61,3.317,2.995,0.321,60.33,512.46,501.46,490.47,0.0438,10.83,83.34,75.89,1239120217,0.0041
2022-01-31,SPY,511.99,520.69,507.81,508.62,508.62,61652972,501.81,494.81,481.12,504.65,501.21,3.445,3.085,0.36,57.33,513.24,501.81,490.38,0.0455,10.97,62.49,73.87,1177467245,-0.0055
2022-02-01,SPY,508.99,510.9,500.36,503.5,503.5,64531822,502.31,495.32,481.17,504.48,501.38,3.098,3.088,0.01,52.22,513.09,502.31,491.53,0.0429,10.94,46.58,64.14,1112935423,-0.0101
2022-02-02,SPY,502.12,504.01,495.33,503.64,503.64,60206952,502.24,495.69,481.16,504.35,501.54,2.802,3.031,-0.229,52.35,512.96,502.24,491.51,0.0427,10.78,47.02,52.03,1173142375,0.0003
2022-02-03,SPY,502.67,512.52,502.21,508.09,508.09,46480211,502.49,496.15,481.18,504.92,502.03,2.893,3.003,-0.11,56.27,513.52,502.49,491.47,0.0439,10.75,60.85,51.48,1219622586,0.0088
2022-02-04,SPY,506.55,508.38,498.28,499.65,499.65,49606979,502.75,496.58,481.12,504.11,501.85,2.258,2.854,-0.596,48.17,513.25,502.75,492.25,0.0418,10.7,34.62,47.49,1170015607,-0.0166
2022-02-07,SPY,497.18,499.88,483.49,489.14,489.14,61412632,502.28,496.77,480.98,501.81,500.91,0.896,2.463,-1.566,40.38,514.23,502.28,490.33,0.0476,11.11,15.19,36.88,1108602975,-0.021
2022-02-08,SPY,490.38,491.62,485.53,487.16,487.16,46566478,501.89,496.96,480.87,499.55,499.89,-0.338,1.902,-2.241,39.1,515.2,501.89,488.57,0.0531,10.75,9.87,19.89,1062036497,-0.004
2022-02-09,SPY,487.94,496.68,485.94,490.61,490.61,39192601,501.61,497.28,480.83,498.18,499.21,-1.027,1.317,-2.343,42.52,515.6,501.61,487.62,0.0558,10.75,19.14,14.73,1101229098,0.0071
2022-02-10,SPY,487.56,491.89,480.16,482.0,482.0,50186677,501.01,497.22,480.77,495.69,497.93,-2.241,0.605,-2.846,36.94,517.13,501.01,484.9,0.0643,10.82,4.54,11.18,1051042421,-0.0175
2022-02-11,SPY,482.85,488.85,476.29,485.86,485.86,62907695,499.88,497.23,480.77,494.18,497.04,-2.86,-0.088,-2.772,40.7,516.87,499.88,482.88,0.068,10.94,21.55,15.08,1113950116,0.008
2022-02-14,SPY,483.9,503.02,483.45,494.39,494.39,74402837,499.34,497.38,480.79,494.21,496.84,-2.631,-0.597,-2.034,48.07,516.32,499.34,482.36,0.068,11.56,40.77,22.29,1188352953,0.0176
2022-02-15,SPY,491.18,510.63,487.2,502.86,502.86,59356332,499.12,497.82,480.84,495.54,497.29,-1.746,-0.826,-0.919,54.16,515.8,499.12,482.44,0.0668,12.41,59.84,40.72,1247709285,0.0171
2022-02-16,SPY,500.63,504.48,500.41,504.47,504.47,67065932,499.17,498.25,480.91,496.91,497.82,-0.904,-0.842,-0.062,55.24,515.91,499.17,482.43,0.0671,11.81,63.47,54.69,1314775217,0.0032
2022-02-17,SPY,505.34,509.69,497.23,500.9,500.9,65409996,499.13,498.62,480.93,497.53,498.05,-0.519,-0.777,0.258,52.31,515.84,499.13,482.41,0.067,11.86,55.43,59.58,1249365221,-0.0071
2022-02-18,SPY,501.93,501.96,494.43,496.98,496.98,68605699,499.03,498.94,480.95,497.44,497.97,-0.525,-0.727,0.202,49.22,515.77,499.03,482.29,0.0671,11.55,57.11,58.67,1180759522,-0.0078
2022-02-21,SPY,495.76,501.01,493.67,498.33,498.33,61859686,499.15,499.21,481.01,497.58,497.99,-0.415,-0.664,0.25,50.31,515.84,499.15,482.47,0.0668,11.25,60.83,57.79,1242619208,0.0027
2022-02-22,SPY,498.63,504.34,487.41,487.63,487.63,69958113,498.6,499.26,481.03,496.05,497.23,-1.178,-0.767,-0.411,42.53,516.02,498.6,481.17,0.0699,11.65,31.3,49.75,1172661095,-0.0215
2022-02-23,SPY,487.83,489.91,480.8,485.04,485.04,53742148,497.48,499.15,481.0,494.36,496.32,-1.969,-1.008,-0.961,40.89,515.37,497.48,479.59,0.0719,11.47,25.48,39.2,1118918947,-0.0053
2022-02-24,SPY,485.5,489.77,473.95,474.66,474.66,68029220,495.75,499.0,480.93,491.33,494.72,-3.394,-1.485,-1.909,35.03,515.35,495.75,476.15,0.0791,11.78,1.94,19.57,1050889727,-0.0214
2022-02-25,SPY,478.12,484.42,477.06,479.75,479.75,46038822,494.16,498.77,480.9,489.54,493.61,-4.066,-2.001,-2.065,39.6,513.56,494.16,474.77,0.0785,11.64,15.81,14.41,1096928549,0.0107
2022-02-28,SPY,481.43,485.59,479.01,479.81,479.81,36399396,492.72,498.56,480.86,488.05,492.59,-4.542,-2.509,-2.032,39.65,511.89,492.72,473.56,0.0778,11.28,15.98,11.24,1133327945,0.0001
2022-03-01,SPY,482.58,484.4,478.22,479.04,479.04,53049706,491.5,498.19,480.81,486.66,491.58,-4.924,-2.992,-1.932,39.17,510.88,491.5,472.12,0.0788,10.91,13.88,15.22,1080278239,-0.0016
2022-03-02,SPY,479.26,486.03,476.69,480.84,480.84,54249488,490.36,497.9,480.8,485.77,490.79,-5.023,-3.398,-1.625,40.98,509.43,490.36,471.29,0.0778,10.8,18.78,16.21,1134527727,0.0038
2022-03-03,SPY,480.61,484.38,480.56,480.58,480.58,34153593,488.99,497.52,480.77,484.97,490.03,-5.065,-3.732,-1.333,40.79,506.65,488.99,471.32,0.0723,10.3,18.08,16.91,1100374134,-0.0005
2022-03-04,SPY,478.7,483.61,475.73,477.49,477.49,63530865,487.88,497.0,480.73,483.82,489.1,-5.286,-4.043,-1.244,38.52,505.51,487.88,470.24,0.0723,10.13,9.65,15.5,1036843269,-0.0064
2022-03-07,SPY,477.91,479.22,467.06,472.81,472.81,59355982,487.06,496.41,480.6,482.12,487.9,-5.773,-4.389,-1.384,35.31,505.86,487.06,468.26,0.0772,10.27,13.49,13.74,977487287,-0.0098
2022-03-08,SPY,475.01,477.1,473.85,476.45,476.45,57062717,486.53,495.71,480.48,481.25,487.05,-5.798,-4.67,-1.127,39.53,505.88,486.53,467.17,0.0796,9.85,22.03,15.06,1034550004,0.0077
2022-03-09,SPY,476.08,492.74,473.7,491.63,491.63,68152416,486.58,495.38,480.42,482.85,487.39,-4.54,-4.644,0.104,53.22,505.98,486.58,467.17,0.0798,10.5,65.91,33.81,1102702420,0.0319
2022-03-10,SPY,493.38,497.66,489.84,493.7,493.7,39896875,487.16,495.06,480.42,484.52,487.86,-3.338,-4.383,1.045,54.73,506.69,487.16,467.64,0.0802,10.31,71.46,53.13,1142599295,0.0042
2022-03-11,SPY,496.11,498.08,495.09,496.01,496.01,62175542,487.67,494.82,480.45,486.29,488.46,-2.174,-3.941,1.767,56.41,507.56,487.67,467.78,0.0816,9.89,77.66,71.67,1204774837,0.0047
2022-03-14,SPY,493.73,499.54,487.68,492.82,492.82,37820206,487.59,494.64,480.46,487.29,488.78,-1.492,-3.451,1.96,53.45,507.38,487.59,467.8,0.0812,10.03,79.31,76.14,1166954631,-0.0064
2022-03-15,SPY,491.18,503.81,490.32,502.26,502.26,82195633,487.56,494.82,480.53,489.59,489.78,-0.187,-2.799,2.611,60.12,507.26,487.56,467.86,0.0808,10.28,95.78,84.25,1249150264,0.0192
2022-03-16,SPY,502.33,503.39,498.23,498.72,498.72,67814145,487.27,494.69,480.56,491.0,490.44,0.555,-2.128,2.683,56.83,506.13,487.27,468.42,0.0774,9.91,86.15,87.08,1181336119,-0.007
2022-03-17,SPY,498.88,501.57,498.15,498.48,498.48,55925827,487.15,494.6,480.58,492.15,491.04,1.11,-1.48,2.591,56.61,505.68,487.15,468.62,0.0761,9.45,85.5,89.14,1125410292,-0.0005
2022-03-18,SPY,496.64,505.18,493.59,503.14,503.14,57304281,487.46,494.77,480.63,493.84,491.93,1.905,-0.803,2.708,59.94,506.82,487.46,468.1,0.0794,9.6,94.65,88.76,1182714573,0.0093
2022-03-21,SPY,504.83,511.04,499.58,501.2,501.2,58601263,487.6,494.82,480.68,494.97,492.62,2.351,-0.172,2.523,57.94,507.32,487.6,467.88,0.0809,9.73,77.63,85.92,1124113310,-0.0039
2022-03-22,SPY,503.27,511.9,499.87,506.99,506.99,58193208,488.57,495.06,480.79,496.82,493.69,3.136,0.489,2.646,62.01,510.03,488.57,467.12,0.0878,9.9,89.05,87.11,1182306518,0.0116
2022-03-23,SPY,505.14,510.0,503.62,507.63,507.63,62430613,489.7,495.29,480.89,498.48,494.72,3.766,1.144,2.621,62.44,512.62,489.7,466.78,0.0936,9.65,90.48,85.72,1244737131,0.0013
2022-03-24,SPY,506.1,514.26,504.68,510.91,510.91,44041120,491.51,495.63,481.0,500.4,495.92,4.478,1.811,2.667,64.66,515.11,491.51,467.91,0.096,9.64,92.9,90.81,1288778251,0.0065
2022-03-25,SPY,515.12,524.07,512.1,523.78,523.78,48884945,493.71,495.94,481.2,503.99,497.98,6.012,2.651,3.36,71.71,520.51,493.71,466.92,0.1086,9.89,99.42,94.27,1337663196,0.0252
2022-03-28,SPY,525.09,528.58,517.5,521.17,521.17,48386899,495.78,496.26,481.43,506.64,499.7,6.936,3.508,3.428,68.72,524.3,495.78,467.27,0.115,9.98,86.5,92.94,1289276297,-0.005
2022-03-29,SPY,520.5,526.1,518.03,525.58,525.58,45873580,498.11,496.62,481.73,509.55,501.62,7.934,4.393,3.54,70.93,528.33,498.11,467.89,0.1213,9.84,92.67,92.86,1335149877,0.0085
2022-03-30,SPY,524.19,524.76,523.11,524.69,524.69,48671327,500.3,497.05,482.04,511.88,503.33,8.554,5.225,3.328,69.85,531.53,500.3,469.07,0.1249,9.31,90.49,89.88,1286478550,-0.0017
2022-03-31,SPY,524.63,526.37,515.99,519.76,519.76,65484757,502.26,497.41,482.31,513.09,504.54,8.549,5.89,2.659,64.07,533.21,502.26,471.31,0.1233,9.39,78.44,87.2,1220993793,-0.0094
2022-04-01,SPY,520.01,525.84,519.64,524.59,524.59,45383669,504.62,497.92,482.64,514.86,506.03,8.833,6.479,2.354,66.96,534.83,504.62,474.4,0.1197,9.16,89.57,86.17,1266377462,0.0093
2022-04-04,SPY,521.62,523.43,519.15,519.8,519.8,47074505,506.97,498.4,482.93,515.62,507.05,8.573,6.898,1.675,61.67,534.07,506.97,479.86,0.1069,8.9,74.91,80.97,1219302957,-0.0091
2022-04-05,SPY,519.1,522.03,515.15,516.29,516.29,57908343,508.96,498.75,483.21,515.72,507.73,7.991,7.116,0.875,58.05,532.41,508.96,485.51,0.0921,8.75,64.88,76.45,1161394614,-0.0068
2022-04-06,SPY,517.09,519.24,512.61,515.69,515.69,36160674,510.16,498.92,483.49,515.72,508.32,7.396,7.172,0.224,57.43,532.37,510.16,487.96,0.087,8.6,63.16,67.65,1125233940,-0.0012
2022-04-07,SPY,515.75,531.11,509.92,524.68,524.68,56393244,511.71,499.22,483.76,517.1,509.53,7.563,7.25,0.313,63.69,533.42,511.71,490.0,0.0849,9.5,79.61,69.21,1181627184,0.0174
2022-04-08,SPY,528.08,531.83,523.25,523.79,523.79,51526299,513.1,499.47,484.04,518.13,510.59,7.537,7.308,0.229,62.71,534.16,513.1,492.04,0.0821,9.43,74.84,72.54,1130100885,-0.0017
2022-04-11,SPY,523.3,538.22,521.05,535.05,535.05,77869318,515.21,500.0,484.38,520.73,512.4,8.329,7.512,0.817,69.19,536.18,515.21,494.24,0.0814,9.99,90.84,81.76,1207970203,0.0215
2022-04-12,SPY,538.42,539.85,536.78,538.95,538.95,59172554,517.04,500.71,484.75,523.53,514.37,9.165,7.843,1.323,71.06,539.53,517.04,494.56,0.087,9.62,97.44,87.71,1267142757,0.0073
2022-04-13,SPY,540.39,555.42,537.14,553.72,553.72,71039331,519.79,501.71,485.2,528.18,517.28,10.894,8.453,2.441,76.82,545.82,519.79,493.77,0.1001,10.24,96.26,94.85,1338182088,0.0274
2022-04-14,SPY,555.48,556.22,541.63,549.56,549.56,63162944,522.35,502.54,485.67,531.47,519.67,11.793,9.121,2.672,72.45,549.5,522.35,495.19,0.104,10.55,85.62,93.11,1275019144,-0.0075
2022-04-15,SPY,550.34,554.79,540.16,546.51,546.51,67294268,524.52,503.48,486.13,533.78,521.66,12.12,9.721,2.399,69.33,552.11,524.52,496.92,0.1052,10.84,79.03,86.97,1207724876,-0.0055
2022-04-18,SPY,545.49,549.91,538.09,540.91,540.91,46553842,526.5,504.51,486.55,534.88,523.09,11.79,10.135,1.656,63.9,552.79,526.5,500.22,0.0998,10.91,66.93,77.19,1161171034,-0.0102
2022-04-19,SPY,542.22,548.11,538.43,546.3,546.3,59285705,528.47,505.7,486.99,536.64,524.81,11.828,10.473,1.355,66.61,554.5,528.47,502.44,0.0985,10.82,78.57,74.85,1220456739,0.01
2022-04-20,SPY,548.02,550.09,536.99,542.15,542.15,68791771,530.19,506.73,487.38,537.48,526.09,11.392,10.657,0.735,62.71,555.02,530.19,505.37,0.0936,10.98,69.61,71.71,1151664968,-0.0076
2022-04-21,SPY,542.49,545.46,539.29,539.97,539.97,64991342,531.65,507.89,487.75,537.87,527.12,10.746,10.675,0.071,60.69,555.15,531.65,508.14,0.0884,10.64,64.9,71.03,1086673626,-0.004
2022-04-22,SPY,538.53,545.05,537.49,543.74,543.74,42232064,532.64,509.04,488.14,538.77,528.35,10.419,10.624,-0.205,62.91,556.43,532.64,508.86,0.0893,10.42,73.05,69.19,1128905690,0.007
2022-04-25,SPY,544.81,554.29,540.37,553.47,553.47,63372733,534.26,510.23,488.6,541.03,530.21,10.82,10.663,0.157,67.94,559.07,534.26,509.45,0.0929,10.67,94.06,77.34,1192278423,0.0179
2022-04-26,SPY,553.22,561.92,544.93,559.64,559.64,52910001,535.96,511.36,489.08,543.89,532.39,11.503,10.831,0.672,70.66,562.75,535.96,509.17,0.1,11.12,95.62,87.57,1245188424,0.0111
2022-04-27,SPY,560.01,565.76,555.86,559.02,559.02,60196543,537.68,512.45,489.57,546.22,534.36,11.857,11.036,0.821,70.01,565.73,537.68,509.63,0.1043,11.03,84.93,91.53,1184991881,-0.0011
2022-04-28,SPY,558.9,563.11,556.76,560.24,560.24,33886802,539.7,513.64,490.06,548.38,536.28,12.097,11.248,0.849,70.58,568.13,539.7,511.28,0.1053,10.7,87.65,89.4,1218878683,0.0022
2022-04-29,SPY,556.32,561.59,553.54,560.92,560.92,46517773,541.52,514.92,490.53,550.31,538.11,12.202,11.439,0.763,70.91,570.49,541.52,512.55,0.107,10.51,83.3,85.29,1265396456,0.0012
2022-05-02,SPY,565.16,573.51,561.04,569.78,569.78,64660421,544.02,516.35,491.01,553.3,540.45,12.851,11.722,1.13,74.86,573.67,544.02,514.36,0.109,10.66,89.79,86.91,1330056877,0.0158
2022-05-03,SPY,567.82,572.52,564.65,568.03,568.03,39964713,546.61,517.95,491.52,555.57,542.49,13.074,11.992,1.082,72.76,575.14,546.61,518.07,0.1044,10.46,84.99,86.03,1290092164,-0.0031
2022-05-04,SPY,567.05,573.32,559.89,560.93,560.93,48911874,548.87,519.47,491.99,556.39,543.86,12.533,12.1,0.433,64.8,574.24,548.87,523.5,0.0924,10.67,65.55,80.11,1241180290,-0.0125
2022-05-05,SPY,560.96,583.36,556.93,576.59,576.59,72076856,551.46,521.51,492.55,559.5,546.28,13.216,12.323,0.893,72.06,577.02,551.46,525.9,0.0927,11.8,85.4,78.65,1313257146,0.0279
2022-05-06,SPY,577.29,578.89,567.71,573.07,573.07,69569812,553.93,523.38,493.08,561.59,548.27,13.319,12.523,0.797,68.64,577.79,553.93,530.07,0.0861,11.75,77.81,76.25,1243687334,-0.0061
2022-05-09,SPY,569.82,587.04,568.03,585.06,585.06,72146430,556.43,525.48,493.64,565.2,550.99,14.205,12.859,1.346,73.29,582.25,556.43,530.6,0.0928,12.27,96.04,86.42,1315833764,0.0209
2022-05-10,SPY,584.66,585.71,573.92,580.56,580.56,60968064,558.51,527.51,494.16,567.56,553.18,14.378,13.163,1.215,69.14,585.06,558.51,531.96,0.0951,12.24,86.92,86.93,1254865700,-0.0077
2022-05-11,SPY,583.4,583.52,570.11,572.62,572.62,66682743,559.45,529.35,494.59,568.34,554.62,13.717,13.274,0.443,62.43,586.59,559.45,532.31,0.097,12.32,70.9,84.62,1188182957,-0.0137
2022-05-12,SPY,574.93,583.93,567.39,572.75,572.75,58694258,560.61,531.19,494.97,569.02,555.97,13.052,13.229,-0.177,62.49,587.94,560.61,533.28,0.0975,12.62,69.38,75.73,1246877215,0.0002
2022-05-13,SPY,574.04,575.52,550.3,564.48,564.48,68468158,561.51,532.93,495.31,568.32,556.6,11.723,12.928,-1.205,55.94,588.1,561.51,534.92,0.0947,13.52,46.43,62.23,1178409057,-0.0144
2022-05-16,SPY,557.18,558.9,555.34,556.9,556.9,49618722,562.31,534.61,495.55,566.56,556.62,9.944,12.331,-2.387,50.69,587.29,562.31,537.34,0.0888,13.21,17.96,44.59,1128790335,-0.0134
2022-05-17,SPY,556.97,561.11,556.8,558.82,558.82,58663768,562.94,536.26,495.81,565.37,556.78,8.59,11.583,-2.993,51.92,586.88,562.94,538.99,0.0851,12.57,23.19,29.19,1187454103,0.0034
2022-05-18,SPY,560.47,566.13,551.6,554.1,554.1,50328417,563.53,537.51,496.08,563.64,556.58,7.054,10.677,-3.623,48.71,585.92,563.53,541.15,0.0795,12.71,10.34,17.17,1137125686,-0.0084
2022-05-19,SPY,551.71,562.05,549.59,556.85,556.85,49338082,564.38,538.77,496.36,562.59,556.6,5.99,9.74,-3.75,50.62,584.28,564.38,544.47,0.0705,12.7,19.39,17.64,1186463768,0.005
2022-05-20,SPY,554.72,557.86,552.65,555.9,555.9,61497838,564.99,539.97,496.66,561.56,556.55,5.012,8.794,-3.782,49.93,582.98,564.99,546.99,0.0637,12.16,16.85,15.53,1124965930,-0.0017
2022-05-23,SPY,553.72,559.54,550.43,553.7,553.7,33684678,565.0,541.19,496.97,560.35,556.34,4.014,7.838,-3.824,48.28,582.97,565.0,547.03,0.0636,11.94,10.97,15.74,1091281252,-0.004
2022-05-24,SPY,552.38,556.43,544.42,548.2,548.2,69395232,564.43,542.11,497.25,558.48,555.74,2.747,6.82,-4.073,44.33,583.72,564.43,545.13,0.0684,11.95,8.87,12.23,1021886020,-0.0099
2022-05-25,SPY,548.19,555.89,542.84,546.35,546.35,35786131,563.79,543.06,497.52,556.62,555.04,1.576,5.771,-4.196,43.05,584.53,563.79,543.05,0.0736,12.03,7.94,9.26,986099889,-0.0034
2022-05-26,SPY,545.08,559.31,530.78,555.31,555.31,65662473,563.55,544.2,497.86,556.42,555.06,1.355,4.888,-3.533,50.49,584.56,563.55,542.53,0.0746,13.2,43.6,20.14,1051762362,0.0164
2022-05-27,SPY,555.13,563.17,554.65,562.75,562.75,66346235,563.64,545.39,498.24,557.39,555.63,1.759,4.262,-2.503,55.66,584.63,563.64,542.65,0.0745,12.87,58.2,36.58,1118108597,0.0134
2022-05-30,SPY,559.77,560.23,555.11,558.08,558.08,40748749,563.05,546.53,498.61,557.5,555.81,1.684,3.747,-2.062,51.99,583.97,563.05,542.13,0.0743,12.5,51.36,51.06,1077359848,-0.0083
2022-05-31,SPY,556.78,560.14,555.18,557.99,557.99,35929942,562.55,547.55,498.98,557.57,555.97,1.599,3.317,-1.718,51.92,583.45,562.55,541.65,0.0743,11.96,51.19,53.59,1041429906,-0.0002
2022-06-01,SPY,558.54,563.68,556.45,562.46,562.46,40649581,562.63,548.64,499.41,558.32,556.45,1.87,3.028,-1.157,55.2,583.52,562.63,541.74,0.0743,11.62,70.81,57.79,1082079487,0.008
2022-06-02,SPY,564.88,566.66,555.19,559.38,559.38,68653314,561.77,549.61,499.81,558.49,556.67,1.816,2.785,-0.969,52.54,581.68,561.77,541.85,0.0709,11.61,79.71,67.24,1013426173,-0.0055
2022-06-03,SPY,561.23,563.7,550.64,556.23,556.23,56984287,560.92,550.26,500.24,558.14,556.64,1.501,2.528,-1.027,49.89,580.27,560.92,541.58,0.069,11.71,70.93,73.82,956441886,-0.0056
2022-06-06,SPY,555.82,559.39,547.6,548.57,548.57,67407921,559.1,550.81,500.65,556.67,556.04,0.627,2.148,-1.521,44.08,575.68,559.1,542.52,0.0593,11.72,49.58,66.74,889033965,-0.0138
2022-06-07,SPY,551.44,554.23,544.93,549.49,549.49,45277530,557.55,551.29,501.1,555.56,555.56,0.008,1.72,-1.712,44.91,571.39,557.55,543.7,0.0497,11.55,52.15,57.55,934311495,0.0017
2022-06-08,SPY,549.39,549.91,535.73,537.56,537.56,58621022,555.79,551.55,501.52,552.79,554.22,-1.429,1.09,-2.519,37.19,570.42,555.79,541.17,0.0526,11.73,18.9,40.21,875690473,-0.0217
2022-06-09,SPY,535.92,543.62,534.91,539.31,539.31,39832218,554.12,551.94,501.91,550.72,553.12,-2.399,0.392,-2.791,38.85,568.25,554.12,540.0,0.051,11.52,23.77,31.61,915522691,0.0033
2022-06-10,SPY,541.83,545.03,530.43,531.93,531.93,50460399,552.49,552.08,502.28,547.83,551.55,-3.72,-0.43,-3.29,34.69,568.8,552.49,536.19,0.059,11.74,4.14,15.6,865062292,-0.0137
2022-06-13,SPY,530.08,534.02,526.7,529.86,529.86,39293917,551.14,552.28,502.66,545.06,549.94,-4.878,-1.32,-3.558,33.6,570.04,551.14,532.24,0.0686,11.42,7.91,11.94,825768375,-0.0039
2022-06-14,SPY,531.68,533.53,523.11,528.07,528.07,46053506,549.6,552.52,502.97,542.45,548.32,-5.872,-2.23,-3.642,32.65,570.64,549.6,528.57,0.0765,11.35,11.39,7.81,779714869,-0.0034
2022-06-15,SPY,528.66,528.91,523.79,526.24,526.24,61431692,548.21,552.73,503.28,539.96,546.69,-6.73,-3.13,-3.6,31.66,571.44,548.21,524.98,0.0848,10.91,7.19,8.83,718283177,-0.0035
2022-06-16,SPY,528.07,529.51,522.4,527.99,527.99,56839700,546.77,552.8,503.59,538.11,545.3,-7.186,-3.941,-3.245,33.73,571.23,546.77,522.31,0.0895,10.63,12.63,10.4,775122877,0.0033
2022-06-17,SPY,527.88,531.57,520.27,522.53,522.53,62823858,545.1,552.77,503.83,535.72,543.61,-7.897,-4.733,-3.165,30.62,571.33,545.1,518.87,0.0962,10.68,4.87,8.23,712299019,-0.0103
2022-06-20,SPY,522.13,532.62,521.72,526.53,526.53,57166462,543.74,552.6,504.08,534.3,542.35,-8.045,-5.395,-2.65,35.32,570.85,543.74,516.63,0.0997,10.7,13.49,10.33,769465481,0.0077
2022-06-21,SPY,528.4,532.42,526.91,529.06,529.06,48836303,542.78,552.4,504.39,533.5,541.36,-7.867,-5.89,-1.978,38.18,570.54,542.78,515.03,0.1023,10.35,18.95,12.44,818301784,0.0048
2022-06-22,SPY,531.02,535.61,520.47,521.81,521.81,56313944,541.56,551.77,504.68,531.7,539.92,-8.217,-6.355,-1.862,33.6,570.71,541.56,512.41,0.1076,10.7,3.55,12.0,761987840,-0.0137
2022-06-23,SPY,521.95,524.14,513.99,518.43,518.43,59247889,539.71,551.14,504.92,529.66,538.32,-8.667,-6.817,-1.849,31.69,569.8,539.71,509.63,0.1115,10.66,9.78,10.76,702739951,-0.0065
2022-06-24,SPY,519.49,523.3,518.21,520.8,520.8,33772669,537.62,550.63,505.18,528.29,537.03,-8.731,-7.2,-1.531,34.5,566.82,537.62,508.41,0.1087,10.26,16.92,10.08,736512620,0.0046
2022-06-27,SPY,523.0,528.65,522.65,527.95,527.95,68055718,536.11,550.37,505.49,528.24,536.35,-8.112,-7.383,-0.73,42.22,564.02,536.11,508.2,0.1041,10.09,38.86,21.86,804568338,0.0137
2022-06-28,SPY,525.37,527.43,522.07,523.36,523.36,63948028,534.38,549.91,505.76,527.49,535.39,-7.901,-7.486,-0.415,39.04,560.9,534.38,507.85,0.0993,9.79,30.19,28.66,740620310,-0.0087
2022-06-29,SPY,526.25,535.71,523.95,535.21,535.21,61628100,533.02,549.77,506.08,528.68,535.38,-6.7,-7.329,0.629,49.6,556.22,533.02,509.81,0.0871,9.97,68.36,45.8,802248410,0.0226
2022-06-30,SPY,536.04,537.69,530.48,533.34,533.34,49756332,531.71,549.64,506.37,529.4,535.23,-5.832,-7.029,1.198,48.18,551.53,531.71,511.89,0.0746,9.77,81.65,60.07,752492078,-0.0035
2022-07-01,SPY,531.05,545.0,528.63,541.21,541.21,68783329,530.96,549.59,506.73,531.21,535.67,-4.457,-6.515,2.058,54.13,547.95,530.96,513.98,0.064,10.24,87.78,79.26,821275407,0.0148
2022-07-04,SPY,541.41,544.78,531.82,536.95,536.95,69973012,530.38,549.26,507.08,532.1,535.77,-3.669,-5.946,2.277,50.73,545.62,530.38,515.14,0.0575,10.44,74.04,81.15,751302395,-0.0079
2022-07-05,SPY,537.94,549.31,536.63,543.44,543.44,63366735,530.08,548.93,507.43,533.84,536.33,-2.493,-5.255,2.763,55.33,543.97,530.08,516.19,0.0524,10.6,83.38,81.73,814669130,0.0121
2022-07-06,SPY,543.34,545.69,542.94,544.63,544.63,59049518,530.43,548.65,507.8,535.5,536.95,-1.447,-4.494,3.046,56.13,545.39,530.43,515.48,0.0564,10.04,86.75,81.39,873718648,0.0022
2022-07-07,SPY,543.79,553.04,541.31,552.68,552.68,75222505,531.1,548.5,508.21,538.14,538.11,0.03,-3.589,3.619,61.24,548.57,531.1,513.63,0.0658,10.16,99.08,89.74,948941153,0.0148
2022-07-08,SPY,551.83,560.02,549.29,557.44,557.44,61465443,532.38,548.43,508.62,541.11,539.55,1.567,-2.558,4.125,63.91,553.29,532.38,511.47,0.0785,10.2,94.39,93.41,1010406596,0.0086
2022-07-11,SPY,556.64,557.15,549.45,549.81,549.81,68017463,533.37,548.03,509.01,542.45,540.31,2.145,-1.617,3.762,57.11,555.57,533.37,511.18,0.0832,10.04,77.82,90.43,942389133,-0.0137
2022-07-12,SPY,553.36,556.3,543.13,547.09,547.09,64898997,534.32,547.61,509.32,543.16,540.81,2.356,-0.822,3.179,54.87,557.15,534.32,511.5,0.0854,10.27,71.91,81.37,877490136,-0.0049
2022-07-13,SPY,546.71,547.19,531.8,536.23,536.23,65561257,534.82,547.11,509.58,542.1,540.47,1.629,-0.332,1.961,46.95,557.36,534.82,512.29,0.0843,10.63,43.1,64.28,811928879,-0.0199
2022-07-14,SPY,535.14,539.93,531.91,539.75,539.75,39947770,535.41,546.38,509.86,541.74,540.42,1.321,-0.002,1.322,49.49,557.81,535.41,513.01,0.0837,10.44,46.59,53.87,851876649,0.0066
2022-07-15,SPY,537.64,552.66,536.97,551.13,551.13,57645576,536.84,545.94,510.27,543.18,541.21,1.972,0.393,1.579,56.72,559.42,536.84,514.26,0.0841,10.82,76.57,55.42,909522225,0.0211
2022-07-18,SPY,550.15,551.32,546.78,548.26,548.26,47969338,537.93,545.2,510.61,543.96,541.73,2.231,0.761,1.47,54.6,560.51,537.93,515.35,0.084,10.37,67.4,63.52,861552887,-0.0052
2022-07-19,SPY,545.03,552.78,531.91,552.35,552.35,74554108,539.09,544.64,511.0,545.25,542.52,2.735,1.156,1.579,57.07,562.12,539.09,516.06,0.0854,11.12,75.57,73.18,936106995,0.0075
2022-07-20,SPY,549.96,552.64,542.25,542.66,542.66,67599762,540.14,544.04,511.38,544.85,542.53,2.326,1.39,0.936,50.12,561.79,540.14,518.48,0.0802,11.07,44.7,62.55,868507233,-0.0175
2022-07-21,SPY,543.97,544.73,540.07,542.13,542.13,40701415,541.32,543.43,511.75,544.44,542.5,1.936,1.499,0.437,49.76,560.55,541.32,522.09,0.0711,10.61,36.61,52.29,827805818,-0.001
2022-07-22,SPY,544.27,545.76,526.78,529.25,529.25,80685392,541.74,542.72,512.08,542.1,541.52,0.581,1.315,-0.734,41.95,559.46,541.74,524.02,0.0654,11.21,7.43,29.58,747120426,-0.0238
2022-07-25,SPY,529.86,532.59,522.5,524.22,524.22,55523090,541.56,542.07,512.37,539.35,540.24,-0.888,0.875,-1.763,39.35,559.92,541.56,523.19,0.0678,11.13,4.58,16.21,691597336,-0.0095
2022-07-26,SPY,525.54,530.83,517.13,522.51,522.51,61505358,541.51,541.34,512.66,536.76,538.92,-2.165,0.267,-2.432,38.48,560.05,541.51,522.98,0.0685,11.31,12.54,8.19,630091978,-0.0033
2022-07-27,SPY,523.44,524.3,517.3,519.28,519.28,58325748,540.72,540.65,512.96,534.07,537.47,-3.399,-0.467,-2.933,36.81,561.5,540.72,519.93,0.0769,11.0,5.01,7.38,571766230,-0.0062
2022-07-28,SPY,519.09,521.79,513.99,521.25,521.25,55593827,540.11,539.93,513.25,532.1,536.27,-4.17,-1.207,-2.963,38.56,562.37,540.11,517.86,0.0824,10.78,16.82,11.46,627360057,0.0038
2022-07-29,SPY,518.65,519.58,512.17,516.52,516.52,61868113,538.88,539.15,513.5,529.7,534.8,-5.104,-1.987,-3.117,35.99,563.38,538.88,514.38,0.0909,10.65,9.86,10.56,565491944,-0.0091
2022-08-01,SPY,519.6,521.13,501.41,505.93,505.93,74561632,537.33,538.19,513.7,526.04,532.67,-6.622,-2.914,-3.708,31.01,565.74,537.33,508.92,0.1057,11.3,8.8,11.83,490930312,-0.0205
2022-08-02,SPY,506.67,508.53,499.88,503.71,503.71,51723165,535.34,537.3,513.89,522.61,530.52,-7.913,-3.914,-4.0,30.07,567.12,535.34,503.56,0.1187,11.11,7.24,8.63,439207147,-0.0044
2022-08-03,SPY,501.54,503.44,489.82,494.41,494.41,72710593,532.83,536.26,514.08,518.27,527.85,-9.576,-5.046,-4.53,26.46,568.92,532.83,496.74,0.1355,11.31,7.29,7.78,366496554,-0.0185
2022-08-04,SPY,493.58,499.65,490.6,499.27,499.27,51740856,530.16,535.14,514.3,515.35,525.73,-10.383,-6.113,-4.269,31.12,567.85,530.16,492.47,0.1422,11.15,15.01,9.85,418237410,0.0098
2022-08-05,SPY,499.72,501.18,492.31,497.55,497.55,42973054,527.17,533.84,514.51,512.61,523.64,-11.033,-7.097,-3.936,30.39,565.22,527.17,489.11,0.1444,10.99,12.28,11.53,375264356,-0.0034
2022-08-08,SPY,496.58,496.67,491.03,492.95,492.95,67156386,524.32,532.53,514.71,509.58,521.37,-11.784,-8.035,-3.749,28.45,563.66,524.32,484.98,0.1501,10.67,4.98,10.76,308107970,-0.0092
2022-08-09,SPY,491.8,494.4,484.61,488.81,488.81,50068719,521.41,531.15,514.88,506.39,518.96,-12.568,-8.941,-3.627,26.8,562.18,521.41,480.64,0.1564,10.6,6.87,8.04,258039251,-0.0084
2022-08-10,SPY,488.98,495.73,484.49,492.28,492.28,38119879,519.21,529.75,515.09,504.22,516.98,-12.763,-9.706,-3.057,30.45,561.27,519.21,477.15,0.162,10.65,12.71,8.19,296159130,0.0071
2022-08-11,SPY,494.55,497.62,484.57,488.3,488.3,51021166,516.64,528.33,515.23,501.77,514.86,-13.087,-10.382,-2.705,28.68,559.64,516.64,473.64,0.1665,10.82,7.92,9.17,245137964,-0.0081
2022-08-12,SPY,486.34,495.04,478.83,492.75,492.75,50543935,513.72,527.06,515.39,500.38,513.22,-12.837,-10.873,-1.964,33.33,554.84,513.72,472.6,0.1601,11.21,26.77,15.8,295681899,0.0091
2022-08-15,SPY,491.06,496.1,490.17,494.48,494.48,50392514,511.03,525.97,515.54,499.47,511.83,-12.357,-11.17,-1.187,35.1,549.73,511.03,472.33,0.1515,10.83,34.42,23.04,346074413,0.0035
2022-08-16,SPY,494.88,505.36,491.41,502.28,502.28,59092541,508.53,525.03,515.74,499.91,511.12,-11.218,-11.179,-0.038,42.52,542.39,508.53,474.67,0.1332,11.05,54.59,38.59,405166954,0.0158
2022-08-17,SPY,503.07,503.38,490.87,493.86,493.86,69517041,506.09,524.16,515.86,498.98,509.84,-10.869,-11.117,0.248,37.53,536.63,506.09,475.55,0.1207,11.16,35.53,41.51,335649913,-0.0168
2022-08-18,SPY,493.94,496.9,491.45,492.7,492.7,58549487,503.62,523.22,515.95,498.01,508.57,-10.565,-11.007,0.442,36.89,529.77,503.62,477.46,0.1039,10.75,32.79,40.97,277100426,-0.0023
2022-08-19,SPY,493.55,495.64,489.18,493.46,493.46,47171696,501.83,522.45,516.05,497.31,507.45,-10.145,-10.834,0.689,37.64,525.5,501.83,478.15,0.0944,10.44,49.26,39.19,324272122,0.0015
2022-08-22,SPY,490.89,504.39,485.09,501.89,501.89,56413178,500.71,521.89,516.13,498.01,507.04,-9.028,-10.473,1.445,45.42,522.05,500.71,479.37,0.0852,11.08,86.92,56.32,380685300,0.0171
2022-08-23,SPY,502.57,502.86,498.72,501.78,501.78,34801035,499.67,521.37,516.24,498.59,506.65,-8.059,-9.99,1.931,45.34,518.55,499.67,480.8,0.0755,10.58,86.51,74.23,345884265,-0.0002
2022-08-24,SPY,503.03,505.17,489.96,494.18,494.18,77596862,498.42,520.73,516.3,497.91,505.73,-7.814,-9.555,1.741,40.12,515.12,498.42,481.71,0.067,10.91,57.86,77.1,268287403,-0.0151
2022-08-25,SPY,494.74,501.54,488.58,488.67,488.67,59718796,496.79,519.94,516.35,496.49,504.47,-7.973,-9.239,1.266,36.81,510.32,496.79,483.26,0.0545,11.06,37.09,60.48,208568607,-0.0111
2022-08-26,SPY,489.5,491.03,475.56,479.86,479.86,65772082,494.96,519.09,516.38,493.93,502.64,-8.709,-9.133,0.424,32.23,507.17,494.96,482.74,0.0494,11.37,14.43,36.46,142796525,-0.018
2022-08-29,SPY,481.06,482.05,474.29,477.33,477.33,54264705,493.53,518.1,516.38,491.38,500.77,-9.388,-9.184,-0.205,31.04,506.91,493.53,480.15,0.0542,11.11,9.78,20.43,88531820,-0.0053
2022-08-30,SPY,479.9,479.93,470.39,473.01,473.01,70674791,491.99,516.98,516.35,488.55,498.71,-10.158,-9.379,-0.78,29.06,507.26,491.99,476.72,0.0621,11.0,7.49,10.57,17857029,-0.0091
2022-08-31,SPY,473.13,476.71,462.9,464.08,464.08,53232836,490.47,515.83,516.25,484.79,496.15,-11.358,-9.775,-1.584,25.45,509.93,490.47,471.02,0.0793,11.2,2.78,6.69,-35375807,-0.0189
2022-09-01,SPY,463.87,465.33,452.36,459.95,459.95,43027894,488.51,514.66,516.12,480.97,493.46,-12.498,-10.319,-2.179,23.96,511.61,488.51,465.4,0.0946,11.33,14.32,8.2,-78403701,-0.0089
2022-09-02,SPY,459.68,460.71,451.4,453.71,453.71,60035255,486.32,513.32,516.0,476.77,490.52,-13.747,-11.005,-2.742,21.89,513.53,486.32,459.1,0.1119,11.18,4.28,7.13,-138438956,-0.0136
2022-09-05,SPY,449.16,456.9,447.04,452.51,452.51,40134161,484.29,511.81,515.87,473.04,487.7,-14.664,-11.737,-2.927,21.5,515.02,484.29,453.57,0.1269,11.09,9.41,9.34,-178573117,-0.0026
2022-09-06,SPY,453.74,456.64,450.23,455.62,455.62,48271685,482.64,510.45,515.75,470.36,485.33,-14.967,-12.383,-2.585,25.18,515.7,482.64,449.57,0.137,10.76,14.76,9.48,-130301432,0.0069
2022-09-07,SPY,457.94,460.43,442.64,446.63,446.63,58181541,480.35,508.68,515.62,466.71,482.46,-15.752,-13.057,-2.695,21.97,516.59,480.35,444.12,0.1509,11.26,6.38,10.18,-188482973,-0.0197
2022-09-08,SPY,445.52,452.19,436.81,438.96,438.96,62746138,477.89,506.79,515.39,462.44,479.24,-16.799,-13.805,-2.994,19.67,518.12,477.89,437.65,0.1684,11.55,3.15,8.1,-251229111,-0.0172
2022-09-09,SPY,442.18,445.51,431.8,435.27,435.27,61389640,475.01,504.68,515.13,458.26,475.98,-17.722,-14.588,-3.133,18.66,518.66,475.01,431.37,0.1838,11.71,4.73,4.75,-312618751,-0.0084
2022-09-12,SPY,436.18,450.26,435.24,444.57,444.57,49340298,472.52,502.83,514.92,456.15,473.66,-17.501,-15.171,-2.33,28.63,517.12,472.52,427.91,0.1888,11.94,17.4,8.43,-263278453,0.0214
2022-09-13,SPY,445.81,452.31,444.32,451.31,451.31,66161389,469.97,500.99,514.78,455.41,472.0,-16.591,-15.455,-1.136,34.87,513.28,469.97,426.65,0.1843,11.66,27.98,16.7,-197117064,0.0152
2022-09-14,SPY,451.05,452.26,450.75,450.78,450.78,44411441,467.81,499.11,514.61,454.7,470.43,-15.731,-15.51,-0.221,34.61,510.44,467.81,425.19,0.1822,10.94,32.04,25.81,-241528505,-0.0012
2022-09-15,SPY,450.13,455.93,446.19,453.05,453.05,39703984,465.83,497.12,514.47,454.44,469.14,-14.698,-15.348,0.65,36.75,507.32,465.83,424.34,0.1781,10.85,42.29,34.1,-201824521,0.005
2022-09-16,SPY,451.7,457.23,448.14,453.96,453.96,48565348,463.86,495.05,514.33,454.37,468.02,-13.647,-15.008,1.36,37.63,503.62,463.86,424.09,0.1714,10.72,46.04,40.13,-153259173,0.002
2022-09-19,SPY,454.6,460.75,454.3,459.8,459.8,47162193,461.75,493.25,514.21,455.2,467.41,-12.203,-14.447,2.244,43.12,497.49,461.75,426.01,0.1548,10.44,62.35,50.23,-106096980,0.0129
2022-09-20,SPY,457.79,462.48,457.47,459.8,459.8,56544003,459.65,491.5,514.08,455.91,466.84,-10.933,-13.744,2.811,43.12,490.31,459.65,428.99,0.1334,10.06,83.51,63.97,-106096980,0.0
2022-09-21,SPY,460.15,460.93,450.93,452.51,452.51,58689749,457.57,489.83,513.89,455.39,465.78,-10.394,-13.074,2.68,38.25,483.92,457.57,431.22,0.1152,10.05,67.5,71.12,-164786729,-0.0159
2022-09-22,SPY,455.36,458.91,452.91,455.5,455.5,62200085,455.91,488.14,513.76,455.41,465.02,-9.615,-12.382,2.767,41.18,478.06,455.91,433.76,0.0972,9.79,77.25,76.09,-102586644,0.0066
2022-09-23,SPY,457.54,459.26,448.99,450.09,450.09,48106691,454.42,486.12,513.55,454.59,463.91,-9.327,-11.771,2.444,37.69,473.76,454.42,435.08,0.0851,9.82,59.62,68.12,-150693335,-0.0119
2022-09-26,SPY,451.52,452.31,446.49,447.2,447.2,46235860,452.92,484.1,513.34,453.45,462.68,-9.226,-11.262,2.037,35.94,469.36,452.92,436.47,0.0726,9.54,50.2,62.35,-196929195,-0.0064
2022-09-27,SPY,445.29,448.47,440.83,442.71,442.71,64871310,451.4,481.91,513.06,451.8,461.2,-9.399,-10.889,1.49,33.35,465.59,451.4,437.21,0.0629,9.4,35.56,48.46,-261800505,-0.01
2022-09-28,SPY,442.69,443.52,435.69,438.26,438.26,53465914,450.11,479.82,512.78,449.72,459.5,-9.783,-10.668,0.885,30.96,464.14,450.11,436.07,0.0624,9.29,21.06,35.6,-315266419,-0.0101
2022-09-29,SPY,434.31,436.69,430.57,432.64,432.64,61490651,448.74,477.63,512.44,447.09,457.51,-10.42,-10.619,0.198,28.22,463.95,448.74,433.54,0.0678,9.18,6.49,21.03,-376757070,-0.0128
2022-09-30,SPY,432.06,433.16,425.44,430.24,430.24,47315941,447.57,475.65,512.07,444.5,455.49,-10.993,-10.693,-0.299,27.12,464.58,447.57,430.56,0.076,9.07,12.96,13.5,-424073011,-0.0055
2022-10-03,SPY,428.98,435.09,427.35,432.74,432.74,61221114,446.58,473.82,511.73,442.69,453.8,-11.116,-10.778,-0.338,30.18,464.59,446.58,428.57,0.0807,8.98,19.71,13.05,-362851897,0.0058
2022-10-04,SPY,432.87,436.61,428.08,434.22,434.22,51892937,445.51,472.05,511.34,441.39,452.35,-10.968,-10.816,-0.152,32.01,463.79,445.51,427.23,0.0821,8.95,23.7,18.79,-310958960,0.0034
2022-10-05,SPY,435.52,443.58,433.6,441.78,441.78,72323415,445.27,470.5,511.01,441.45,451.57,-10.124,-10.678,0.553,40.55,463.61,445.27,426.93,0.0824,9.02,44.11,29.18,-238635545,0.0174
2022-10-06,SPY,441.92,447.49,437.72,445.77,445.77,60860353,445.61,468.99,510.69,442.11,451.14,-9.029,-10.348,1.319,44.51,463.72,445.61,427.5,0.0813,9.07,54.89,40.9,-177775192,0.009
2022-10-07,SPY,444.1,449.22,443.66,447.81,447.81,66157673,446.24,467.62,510.39,442.99,450.89,-7.906,-9.86,1.954,46.48,463.73,446.24,428.74,0.0784,8.82,60.39,53.13,-111617519,0.0046
2022-10-10,SPY,450.84,452.31,450.25,451.26,451.26,43005898,446.57,466.53,510.14,444.26,450.92,-6.66,-9.22,2.559,49.72,464.18,446.57,428.96,0.0789,8.51,72.75,62.68,-68611621,0.0077
2022-10-11,SPY,449.69,453.3,447.94,448.97,448.97,44412845,446.45,465.43,509.91,444.99,450.78,-5.791,-8.534,2.743,47.66,463.97,446.45,428.94,0.0784,8.29,69.57,67.57,-113024466,-0.0051
2022-10-12,SPY,450.34,450.34,439.67,445.65,445.65,47775608,446.2,464.46,509.62,445.09,450.4,-5.309,-7.889,2.58,44.76,463.6,446.2,428.8,0.078,8.46,59.76,67.36,-160800074,-0.0074
2022-10-13,SPY,443.05,451.98,440.67,447.46,447.46,45566061,445.92,463.42,509.34,445.45,450.18,-4.727,-7.257,2.53,46.66,463.05,445.92,428.79,0.0768,8.66,79.04,69.46,-115234013,0.0041
2022-10-14,SPY,450.23,452.05,440.37,443.95,443.95,64305773,445.42,462.35,509.09,445.22,449.72,-4.496,-6.705,2.208,43.53,462.16,445.42,428.68,0.0752,8.88,66.44,68.41,-179539786,-0.0078
2022-10-17,SPY,443.11,446.25,434.32,439.13,439.13,70784968,444.38,461.27,508.79,444.28,448.93,-4.649,-6.294,1.644,39.59,459.96,444.38,428.81,0.0701,9.1,49.14,64.87,-250324754,-0.0109
2022-10-18,SPY,440.27,444.53,435.94,438.01,438.01,51171435,443.29,460.25,508.5,443.32,448.12,-4.805,-5.996,1.19,38.72,457.38,443.29,429.21,0.0635,9.06,45.12,53.57,-301496189,-0.0026
2022-10-19,SPY,437.27,438.26,435.28,438.04,438.04,55098656,442.57,459.17,508.21,442.51,447.38,-4.871,-5.771,0.9,38.75,456.17,442.57,428.98,0.0614,8.63,45.23,46.49,-246397533,0.0001
2022-10-20,SPY,437.63,438.41,436.88,437.12,437.12,40875120,441.65,458.15,507.93,441.68,446.62,-4.94,-5.605,0.665,37.96,454.06,441.65,429.25,0.0562,8.12,37.65,42.66,-287272653,-0.0021
2022-10-21,SPY,436.84,441.98,436.44,438.0,438.0,59297067,441.05,457.05,507.58,441.11,445.98,-4.867,-5.457,0.59,39.25,452.92,441.05,429.18,0.0538,7.93,39.33,40.74,-227975586,0.002
2022-10-24,SPY,439.42,439.74,433.49,436.57,436.57,68571119,440.52,455.89,507.23,440.41,445.28,-4.869,-5.339,0.471,37.87,452.19,440.52,428.85,0.053,7.81,15.55,30.84,-296546705,-0.0033
2022-10-25,SPY,436.97,445.19,435.01,443.9,443.9,56626244,440.58,454.73,506.92,440.95,445.18,-4.23,-5.118,0.888,47.96,452.3,440.58,428.85,0.0532,7.98,52.55,35.81,-239920461,0.0168
2022-10-26,SPY,444.14,459.18,443.25,452.51,452.51,56934562,441.29,453.9,506.66,442.73,445.72,-2.995,-4.693,1.698,56.83,454.05,441.29,428.52,0.0578,8.55,74.04,47.38,-182985899,0.0194
2022-10-27,SPY,453.12,453.39,447.99,451.25,451.25,36744216,442.22,453.07,506.41,444.04,446.13,-2.093,-4.173,2.08,55.34,455.04,442.22,429.4,0.058,8.33,69.13,65.24,-219730115,-0.0028
2022-10-28,SPY,454.04,457.84,446.64,446.7,446.7,50509166,443.04,452.13,506.15,444.45,446.17,-1.726,-3.683,1.958,50.23,454.74,443.04,431.34,0.0528,8.53,51.42,64.86,-270239281,-0.0101
2022-10-31,SPY,448.07,455.06,441.25,443.67,443.67,60735987,443.59,450.97,505.89,444.33,445.99,-1.66,-3.279,1.619,47.11,454.29,443.59,432.88,0.0483,8.91,39.63,53.39,-330975268,-0.0068
2022-11-01,SPY,442.8,446.44,439.93,443.34,443.34,47047083,444.04,449.8,505.61,444.18,445.79,-1.616,-2.946,1.33,46.77,453.85,444.04,434.24,0.0442,8.74,38.34,43.13,-378022351,-0.0007
2022-11-02,SPY,441.26,442.9,440.91,441.02,441.02,37792950,444.01,448.74,505.28,443.69,445.44,-1.748,-2.707,0.959,44.34,453.86,444.01,434.16,0.0444,8.29,29.31,35.76,-415815301,-0.0052
2022-11-03,SPY,441.36,446.22,430.62,430.68,430.68,57668264,443.25,447.58,504.89,441.69,444.35,-2.656,-2.697,0.04,35.5,454.64,443.25,431.87,0.0514,8.81,0.21,22.62,-473483565,-0.0234
2022-11-04,SPY,429.39,430.09,420.92,426.38,426.38,42838961,442.18,446.51,504.46,439.33,443.01,-3.681,-2.893,-0.788,32.59,455.52,442.18,428.85,0.0603,8.88,14.27,14.6,-516322526,-0.01
2022-11-07,SPY,426.62,426.84,424.7,425.45,425.45,35226085,440.89,445.47,504.04,437.2,441.71,-4.516,-3.218,-1.298,31.98,455.4,440.89,426.38,0.0658,8.4,11.84,8.77,-551548611,-0.0022
2022-11-08,SPY,427.58,430.58,418.64,420.06,420.06,58078400,439.44,444.41,503.63,434.56,440.11,-5.548,-3.684,-1.864,28.63,456.06,439.44,422.83,0.0756,8.65,3.5,9.87,-609627011,-0.0127
2022-11-09,SPY,418.67,423.17,414.42,421.64,421.64,64377928,438.24,443.56,503.22,432.57,438.74,-6.168,-4.181,-1.987,30.91,456.3,438.24,420.19,0.0824,8.66,16.13,10.49,-545249083,0.0038
2022-11-10,SPY,419.63,429.6,415.06,428.63,428.63,72263778,437.3,442.94,502.82,431.97,437.99,-6.026,-4.55,-1.476,40.05,455.3,437.3,419.3,0.0823,9.08,31.75,17.13,-472985305,0.0166
2022-11-11,SPY,427.98,433.61,418.72,423.38,423.38,55918269,436.27,442.33,502.44,430.65,436.91,-6.265,-4.893,-1.372,36.18,454.97,436.27,417.58,0.0857,9.49,20.02,22.63,-528903574,-0.0122
2022-11-14,SPY,423.21,425.99,419.56,421.14,421.14,58253319,435.37,441.7,502.1,429.18,435.74,-6.559,-5.226,-1.333,34.64,455.14,435.37,415.61,0.0908,9.27,15.01,22.26,-587156893,-0.0053
2022-11-15,SPY,422.61,427.75,417.75,419.49,419.49,46125984,434.45,440.98,501.76,427.69,434.54,-6.846,-5.55,-1.296,33.51,455.33,434.45,413.56,0.0961,9.32,11.68,15.57,-633282877,-0.0039
2022-11-16,SPY,421.32,423.24,413.35,415.97,415.97,63651226,433.35,440.37,501.39,425.89,433.16,-7.274,-5.895,-1.379,31.17,455.64,433.35,411.05,0.1029,9.37,5.89,10.86,-696934103,-0.0084
2022-11-17,SPY,416.59,421.72,412.84,414.27,414.27,55398593,432.2,439.87,501.05,424.1,431.76,-7.662,-6.248,-1.414,30.08,455.9,432.2,408.5,0.1097,9.33,3.39,6.98,-752332696,-0.0041
2022-11-18,SPY,412.81,420.04,411.94,415.3,415.3,47335123,431.07,439.47,500.7,422.75,430.54,-7.797,-6.558,-1.239,31.64,455.7,431.07,406.43,0.1143,9.24,9.74,6.34,-704997573,0.0025
2022-11-21,SPY,417.22,418.51,410.26,411.0,411.0,51098773,429.79,438.8,500.28,420.94,429.1,-8.156,-6.878,-1.279,28.76,455.77,429.79,403.81,0.1209,9.17,2.06,5.06,-756096346,-0.0104
2022-11-22,SPY,410.85,413.23,409.82,410.47,410.47,55839621,428.12,437.99,499.82,419.33,427.72,-8.387,-7.18,-1.208,28.41,454.55,428.12,401.69,0.1235,8.76,1.79,4.53,-811935967,-0.0013
2022-11-23,SPY,408.9,409.32,403.07,404.09,404.09,64779079,425.7,437.05,499.31,416.98,425.97,-8.982,-7.54,-1.442,24.6,451.61,425.7,399.78,0.1218,8.66,3.34,2.39,-876715046,-0.0155
2022-11-24,SPY,406.09,408.37,403.24,407.68,407.68,58116493,423.52,436.14,498.85,415.55,424.61,-9.059,-7.844,-1.215,30.27,447.75,423.52,399.29,0.1144,8.41,15.09,6.74,-818598553,0.0089
2022-11-25,SPY,406.66,411.66,405.53,408.17,408.17,37408061,421.59,435.23,498.4,414.42,423.39,-8.977,-8.07,-0.906,31.03,444.21,421.59,398.97,0.1073,8.25,16.7,11.71,-781190492,0.0012
2022-11-28,SPY,407.27,407.61,402.93,405.16,405.16,55122633,419.67,434.14,497.94,412.99,422.04,-9.05,-8.266,-0.784,28.94,440.96,419.67,398.37,0.1015,8.03,7.27,13.02,-836313125,-0.0074
2022-11-29,SPY,406.71,415.84,406.13,412.07,412.07,72478720,418.1,433.18,497.56,412.85,421.3,-8.453,-8.304,-0.15,39.1,436.62,418.1,399.58,0.0886,8.22,29.79,17.92,-763834405,0.0171
2022-11-30,SPY,413.89,415.01,404.82,410.91,410.91,55723638,416.6,432.35,497.19,412.55,420.53,-7.982,-8.239,0.257,38.12,432.07,416.6,401.13,0.0743,8.36,26.01,21.02,-819558043,-0.0028
2022-12-01,SPY,410.33,412.59,400.87,403.47,403.47,74362937,415.24,431.31,496.83,411.16,419.27,-8.115,-8.215,0.099,32.47,430.29,415.24,400.18,0.0725,8.6,9.67,21.82,-893920980,-0.0181
2022-12-02,SPY,403.2,404.4,398.67,401.1,401.1,61998583,413.97,430.33,496.44,409.61,417.92,-8.316,-8.235,-0.081,30.89,429.32,413.97,398.63,0.0741,8.4,8.36,14.68,-955919563,-0.0059
2022-12-05,SPY,398.7,409.02,396.17,407.36,407.36,65998657,413.07,429.53,496.08,409.26,417.14,-7.88,-8.164,0.284,39.26,427.72,413.07,398.42,0.0709,8.72,41.34,19.79,-889920906,0.0156
2022-12-06,SPY,406.74,417.07,402.98,414.44,414.44,79804673,412.79,428.97,495.76,410.06,416.94,-6.883,-7.908,1.025,47.06,427.1,412.79,398.47,0.0693,9.1,71.51,40.4,-810116233,0.0174
2022-12-07,SPY,413.32,415.37,412.84,414.71,414.71,50219612,412.44,428.5,495.43,410.77,416.78,-6.002,-7.527,1.524,47.34,426.2,412.44,398.68,0.0667,8.63,77.67,63.5,-759896621,0.0007
2022-12-08,SPY,413.02,419.83,412.16,416.95,416.95,41889158,411.86,428.18,495.11,411.72,416.79,-5.065,-7.034,1.969,49.7,423.68,411.86,400.04,0.0574,8.56,87.83,79.0,-718007463,0.0054
2022-12-09,SPY,418.47,420.32,418.14,420.0,420.0,65555720,411.69,427.98,494.82,413.0,417.03,-4.029,-6.433,2.404,52.8,422.93,411.69,400.45,0.0546,8.19,98.67,88.06,-652451743,0.0073
2022-12-12,SPY,419.03,425.45,418.87,420.23,420.23,43989567,411.64,427.73,494.56,414.11,417.26,-3.154,-5.777,2.623,53.03,422.73,411.64,400.55,0.0539,8.08,82.17,89.56,-608462176,0.0005
2022-12-13,SPY,419.99,422.44,414.85,419.37,419.37,63147615,411.64,427.43,494.27,414.92,417.42,-2.501,-5.122,2.621,51.99,422.71,411.64,400.56,0.0538,8.04,79.23,86.69,-671609791,-0.002
2022-12-14,SPY,419.63,420.08,412.82,419.57,419.57,39350464,411.82,426.99,493.91,415.63,417.58,-1.945,-4.487,2.542,52.22,423.28,411.82,400.35,0.0557,7.99,79.92,80.44,-632259327,0.0005
2022-12-15,SPY,418.49,426.05,418.43,422.04,422.04,69375526,412.2,426.51,493.55,416.62,417.91,-1.29,-3.847,2.558,55.15,424.47,412.2,399.94,0.0595,7.96,86.58,81.91,-562883801,0.0059
2022-12-16,SPY,424.43,426.36,418.3,419.67,419.67,57912882,412.42,425.95,493.17,417.09,418.04,-0.951,-3.268,2.317,51.87,425.05,412.42,399.79,0.0612,7.97,77.84,81.45,-620796683,-0.0056
2022-12-19,SPY,418.28,422.92,416.18,419.69,419.69,40855803,412.86,425.32,492.81,417.49,418.16,-0.673,-2.749,2.076,51.89,425.85,412.86,399.86,0.063,7.88,77.91,80.78,-579940880,0.0
2022-12-20,SPY,420.11,425.89,419.35,424.39,424.39,61864937,413.55,424.82,492.42,418.55,418.62,-0.073,-2.214,2.141,57.68,427.43,413.55,399.68,0.0671,7.78,93.47,83.07,-518075943,0.0112
2022-12-21,SPY,424.64,427.69,416.84,421.49,421.49,58285282,414.42,424.34,492.03,419.0,418.84,0.167,-1.738,1.905,53.41,427.99,414.42,400.86,0.0655,8.0,80.33,83.9,-576361225,-0.0068
2022-12-22,SPY,421.98,425.32,419.28,422.08,422.08,47235891,415.14,423.83,491.65,419.48,419.08,0.4,-1.31,1.71,54.15,428.73,415.14,401.56,0.0655,7.86,82.2,85.34,-529125334,0.0014
2022-12-23,SPY,421.38,424.22,418.1,418.89,418.89,40700632,415.68,423.33,491.23,419.39,419.06,0.324,-0.983,1.307,49.55,428.97,415.68,402.39,0.0639,7.74,64.39,75.64,-569825966,-0.0076
2022-12-26,SPY,418.2,420.82,416.04,417.95,417.95,59242156,416.32,422.91,490.81,419.17,418.98,0.185,-0.75,0.935,48.25,428.72,416.32,403.92,0.0596,7.53,37.28,61.29,-629068122,-0.0022
2022-12-27,SPY,415.94,418.45,414.21,416.9,416.9,64571713,416.56,422.49,490.36,418.82,418.83,-0.009,-0.601,0.592,46.77,428.81,416.56,404.31,0.0588,7.29,30.52,44.06,-693639835,-0.0025
2022-12-28,SPY,417.19,419.87,414.91,415.89,415.89,37568932,416.81,422.04,489.9,418.37,418.61,-0.242,-0.53,0.288,45.33,428.79,416.81,404.83,0.0575,7.12,20.65,29.48,-731208767,-0.0024
2022-12-29,SPY,417.97,419.63,406.7,413.91,413.91,63440178,417.33,421.58,489.42,417.68,418.26,-0.58,-0.54,-0.04,42.57,427.75,417.33,406.91,0.0499,7.54,34.35,28.51,-794648945,-0.0048
2022-12-30,SPY,414.15,420.55,413.48,419.32,419.32,48748683,418.24,421.21,488.89,417.93,418.34,-0.406,-0.513,0.107,51.31,425.54,418.24,410.94,0.0349,7.51,60.12,38.37,-745900262,0.0131
2023-01-02,SPY,421.02,430.26,420.29,428.73,428.73,79468905,419.31,421.05,488.43,419.59,419.11,0.485,-0.313,0.799,62.1,426.17,419.31,412.45,0.0327,7.75,93.51,62.66,-666431357,0.0224
2023-01-03,SPY,428.4,437.75,428.09,435.89,435.89,52974845,420.38,420.89,487.98,422.1,420.35,1.749,0.099,1.65,67.93,430.01,420.38,410.76,0.0458,7.89,94.01,82.55,-613456512,0.0167
2023-01-04,SPY,435.07,435.36,427.54,432.19,432.19,46987884,421.26,420.48,487.52,423.65,421.23,2.425,0.564,1.86,62.57,431.8,421.26,410.72,0.05,7.92,82.09,89.87,-660444396,-0.0085
2023-01-05,SPY,433.12,435.68,421.7,426.17,426.17,66245749,421.72,419.98,487.05,424.04,421.59,2.446,0.941,1.505,54.98,432.27,421.72,411.17,0.05,8.35,62.71,79.6,-726690145,-0.0139
2023-01-06,SPY,427.05,430.56,419.33,422.43,422.43,61028700,421.84,419.5,486.54,423.79,421.66,2.136,1.18,0.956,50.85,432.36,421.84,411.32,0.0499,8.56,50.66,65.15,-787718845,-0.0088
2023-01-09,SPY,419.9,426.63,417.55,426.13,426.13,47321494,422.13,419.15,486.07,424.15,421.99,2.164,1.377,0.788,54.49,432.79,422.13,411.48,0.0505,8.6,62.58,58.65,-740397351,0.0088
2023-01-10,SPY,427.53,433.77,426.34,432.06,432.06,51358479,422.77,418.92,485.65,425.37,422.73,2.635,1.628,1.007,59.65,434.18,422.77,411.36,0.054,8.53,81.67,64.97,-689038872,0.0139
2023-01-11,SPY,432.58,437.1,428.58,433.26,433.26,50923410,423.45,418.76,485.24,426.58,423.51,3.069,1.916,1.153,60.62,435.63,423.45,411.28,0.0575,8.53,85.54,76.6,-638115462,0.0028
2023-01-12,SPY,432.55,437.96,427.98,428.83,428.83,53999647,423.79,418.73,484.76,426.93,423.91,3.021,2.137,0.884,55.32,436.17,423.79,411.42,0.0584,8.63,70.79,79.34,-692115109,-0.0102
2023-01-13,SPY,425.56,430.55,423.24,423.92,423.92,51030563,424.01,418.68,484.26,426.47,423.91,2.557,2.221,0.336,50.09,436.24,424.01,411.78,0.0577,8.54,55.09,70.47,-743145672,-0.0114
2023-01-16,SPY,424.15,429.55,421.21,428.54,428.54,69580306,424.45,418.74,483.73,426.78,424.25,2.533,2.284,0.25,54.46,436.66,424.45,412.23,0.0576,8.52,69.87,65.25,-673565366,0.0109
2023-01-17,SPY,428.19,431.46,420.06,422.09,422.09,45317452,424.33,418.78,483.14,426.06,424.09,1.971,2.221,-0.25,48.13,436.59,424.33,412.08,0.0578,8.73,49.23,58.06,-718882818,-0.0151
2023-01-18,SPY,423.23,428.08,417.78,425.0,425.0,57966002,424.51,418.85,482.5,425.9,424.16,1.74,2.125,-0.385,50.9,436.7,424.51,412.32,0.0574,8.84,47.06,55.39,-660916816,0.0069
2023-01-19,SPY,423.71,426.88,417.07,417.99,417.99,51552792,424.3,418.64,481.84,424.68,423.7,0.981,1.896,-0.916,44.7,436.78,424.3,411.82,0.0588,8.91,4.4,33.57,-712469608,-0.0165
2023-01-20,SPY,416.87,421.2,414.14,420.02,420.02,64377454,424.36,418.57,481.21,423.97,423.43,0.536,1.624,-1.088,46.73,436.75,424.36,411.97,0.0584,8.78,24.69,25.38,-648092154,0.0049
2023-01-23,SPY,421.18,421.74,421.15,421.46,421.46,33526951,424.54,418.57,480.61,423.58,423.28,0.296,1.359,-1.062,48.18,436.66,424.54,412.42,0.0571,8.27,30.73,19.94,-614565203,0.0034
2023-01-24,SPY,421.63,425.05,413.91,414.92,414.92,66783381,424.44,418.48,479.96,422.25,422.66,-0.416,1.004,-1.42,42.52,436.83,424.44,412.04,0.0584,8.48,4.2,19.87,-681348584,-0.0155
2023-01-25,SPY,414.25,416.71,406.0,408.58,408.58,60791695,424.07,418.33,479.29,420.14,421.62,-1.476,0.508,-1.983,37.88,437.81,424.07,410.33,0.0648,8.64,8.07,14.33,-742140279,-0.0153
2023-01-26,SPY,409.24,410.12,405.97,407.61,407.61,55185941,423.76,418.2,478.63,418.22,420.58,-2.366,-0.067,-2.299,37.21,438.66,423.76,408.86,0.0703,8.32,5.13,5.8,-797326220,-0.0024
2023-01-27,SPY,406.83,410.72,406.55,409.98,409.98,65864688,423.29,418.1,477.96,416.95,419.8,-2.848,-0.623,-2.225,40.0,439.26,423.29,407.32,0.0755,8.02,12.54,8.58,-731461532,0.0058
2023-01-30,SPY,411.24,417.11,410.75,411.53,411.53,51369102,422.43,418.11,477.25,416.12,419.18,-3.069,-1.113,-1.957,41.82,438.98,422.43,405.88,0.0784,7.96,17.38,11.68,-680092430,0.0038
2023-01-31,SPY,412.93,415.99,407.46,414.35,414.35,44650076,421.35,418.18,476.52,415.84,418.83,-2.983,-1.487,-1.496,45.08,437.04,421.35,405.67,0.0745,8.0,26.2,18.7,-635442354,0.0069
2023-02-01,SPY,414.96,422.01,413.89,416.9,416.9,64257884,420.59,418.44,475.81,416.01,418.68,-2.678,-1.725,-0.953,47.93,435.56,420.59,405.61,0.0712,8.01,42.88,28.82,-571184470,0.0062
2023-02-02,SPY,414.45,421.78,413.42,419.48,419.48,42431756,420.25,418.68,475.11,416.54,418.74,-2.202,-1.82,-0.382,50.71,435.01,420.25,405.5,0.0702,8.03,53.0,40.69,-528752714,0.0062
2023-02-03,SPY,420.89,422.31,419.74,421.23,421.23,36891695,420.19,418.94,474.41,417.26,418.93,-1.665,-1.789,0.124,52.56,434.93,420.19,405.46,0.0701,7.66,59.87,51.92,-491861019,0.0042
2023-02-06,SPY,421.81,423.59,410.13,414.63,414.63,55211587,419.62,419.13,473.63,416.86,418.61,-1.752,-1.782,0.03,45.61,434.28,419.62,404.96,0.0699,8.07,39.17,50.68,-547072606,-0.0157
2023-02-07,SPY,414.78,416.47,405.95,411.65,411.65,65249844,418.6,419.12,472.85,416.06,418.09,-2.037,-1.833,-0.204,42.85,432.47,418.6,404.73,0.0663,8.25,27.23,42.09,-612322450,-0.0072
2023-02-08,SPY,412.0,412.17,405.0,407.59,407.59,69652045,417.31,419.05,472.08,414.75,417.32,-2.562,-1.979,-0.583,39.36,430.24,417.31,404.39,0.0619,8.17,12.92,26.44,-681974495,-0.0099
2023-02-09,SPY,407.18,412.8,407.06,411.45,411.45,51457466,416.45,419.21,471.26,414.25,416.88,-2.636,-2.11,-0.526,44.03,428.46,416.45,404.43,0.0577,8.0,32.17,24.11,-630517029,0.0095
2023-02-10,SPY,411.07,413.81,409.14,412.25,412.25,34756078,415.86,419.43,470.46,413.94,416.54,-2.599,-2.208,-0.392,44.97,427.5,415.86,404.23,0.056,7.76,36.16,27.08,-595760951,0.0019
2023-02-13,SPY,414.79,416.82,405.28,406.06,406.06,60237887,414.74,419.41,469.56,412.73,415.76,-3.035,-2.373,-0.662,39.42,425.57,414.74,403.9,0.0523,8.03,5.7,24.68,-655998838,-0.015
2023-02-14,SPY,408.66,411.37,405.98,411.04,411.04,62708618,414.19,419.34,468.71,412.47,415.41,-2.945,-2.488,-0.457,45.27,424.58,414.19,403.79,0.0502,7.84,32.49,24.78,-593290220,0.0123
2023-02-15,SPY,409.36,414.17,407.34,411.7,411.7,63615138,413.52,419.28,467.91,412.35,415.14,-2.788,-2.548,-0.24,46.02,422.7,413.52,404.34,0.0444,7.77,36.04,24.74,-529675082,0.0016
2023-02-16,SPY,410.02,416.11,409.94,415.95,415.95,67426925,413.42,419.26,467.12,412.9,415.2,-2.294,-2.497,0.203,50.67,422.44,413.42,404.4,0.0436,7.66,58.9,42.48,-462248157,0.0103
2023-02-17,SPY,416.82,417.02,408.4,409.99,409.99,74708589,412.92,419.06,466.35,412.45,414.81,-2.357,-2.469,0.112,44.83,421.52,412.92,404.32,0.0417,7.72,26.84,40.6,-536956746,-0.0143
2023-02-20,SPY,409.91,411.79,408.62,409.48,409.48,62249324,412.32,418.84,465.61,412.0,414.42,-2.419,-2.459,0.04,44.36,420.08,412.32,404.55,0.0377,7.4,24.1,36.61,-599206070,-0.0012
2023-02-21,SPY,409.9,419.33,406.4,418.29,418.29,77998210,412.49,418.82,464.91,412.97,414.7,-1.738,-2.315,0.577,53.46,420.61,412.49,404.36,0.0394,7.79,71.49,40.81,-521207860,0.0215
2023-02-22,SPY,416.4,416.41,411.48,415.86,415.86,53676118,412.85,418.75,464.22,413.41,414.79,-1.379,-2.128,0.749,50.98,420.89,412.85,404.81,0.039,7.72,58.42,51.34,-574883978,-0.0058
2023-02-23,SPY,415.24,422.72,414.66,420.25,420.25,43411533,413.48,418.71,463.54,414.46,415.19,-0.731,-1.848,1.117,55.03,421.76,413.48,405.2,0.04,7.75,82.03,70.65,-531472445,0.0106
2023-02-24,SPY,422.02,423.63,413.65,414.15,414.15,59260473,413.69,418.6,462.83,414.41,415.12,-0.702,-1.619,0.917,48.98,421.82,413.69,405.57,0.0393,7.91,49.11,63.19,-590732918,-0.0145
2023-02-27,SPY,414.72,416.55,407.82,409.87,409.87,71654793,413.61,418.41,462.11,413.72,414.73,-1.012,-1.498,0.485,45.22,421.85,413.61,405.37,0.0399,7.97,26.14,52.43,-662387711,-0.0103
2023-02-28,SPY,409.69,411.46,407.54,409.03,409.03,52936846,413.34,418.1,461.41,412.99,414.31,-1.311,-1.46,0.149,44.49,421.81,413.34,404.87,0.041,7.68,20.44,31.9,-715324557,-0.002
2023-03-01,SPY,409.23,413.07,403.27,407.64,407.64,63467150,412.88,417.82,460.72,412.17,413.81,-1.641,-1.496,-0.145,43.26,421.53,412.88,404.23,0.0419,7.83,21.46,22.68,-778791707,-0.0034
2023-03-02,SPY,405.93,409.22,401.22,404.48,404.48,49019547,412.13,417.47,459.97,410.99,413.12,-2.133,-1.624,-0.509,40.52,420.96,412.13,403.3,0.0429,7.84,14.55,18.82,-827811254,-0.0078
2023-03-03,SPY,403.58,406.87,399.49,404.92,404.92,62585780,411.31,417.19,459.18,410.05,412.51,-2.459,-1.791,-0.668,41.08,419.63,411.31,403.0,0.0404,7.81,22.49,19.5,-765225474,0.0011
2023-03-06,SPY,405.4,414.64,401.49,403.45,403.45,65671722,410.75,416.9,458.4,409.04,411.84,-2.804,-1.993,-0.81,39.73,419.59,410.75,401.92,0.043,8.19,16.4,17.82,-830897196,-0.0036
2023-03-07,SPY,405.44,406.43,401.8,402.82,402.82,56492766,410.31,416.62,457.63,408.08,411.17,-3.092,-2.213,-0.879,39.14,419.79,410.31,400.84,0.0462,7.94,13.79,17.56,-887389962,-0.0016
2023-03-08,SPY,401.57,406.55,391.53,398.26,398.26,63544790,409.85,416.27,456.81,406.57,410.22,-3.647,-2.5,-1.147,35.07,420.64,409.85,399.06,0.0527,8.44,20.97,17.05,-950934752,-0.0113
2023-03-09,SPY,398.05,403.47,394.84,400.9,400.9,50267849,409.32,416.01,456.01,405.7,409.53,-3.829,-2.766,-1.063,39.02,420.76,409.32,397.88,0.0559,8.45,29.19,21.32,-900666903,0.0066
2023-03-10,SPY,400.18,400.91,394.24,398.14,398.14,60700853,408.61,415.58,455.22,404.54,408.68,-4.148,-3.042,-1.106,36.52,420.95,408.61,396.28,0.0604,8.33,20.59,23.58,-961367756,-0.0069
2023-03-13,SPY,397.64,406.61,390.88,404.33,404.33,77701472,408.53,415.09,454.5,404.5,408.36,-3.857,-3.205,-0.652,45.04,420.96,408.53,396.1,0.0608,8.86,41.07,30.28,-883666284,0.0155
2023-03-14,SPY,406.32,407.21,402.04,403.64,403.64,42907659,408.16,414.45,453.77,404.37,408.01,-3.64,-3.292,-0.348,44.33,420.7,408.16,395.61,0.0615,8.59,38.96,33.54,-926573943,-0.0017
2023-03-15,SPY,402.06,409.14,397.23,408.37,408.37,67697117,407.99,413.97,453.13,404.99,408.04,-3.052,-3.244,0.192,50.16,420.43,407.99,395.55,0.061,8.83,53.4,44.48,-858876826,0.0117
2023-03-16,SPY,408.2,414.88,406.13,411.93,411.93,40784715,407.79,413.69,452.49,406.05,408.33,-2.272,-3.05,0.778,54.07,419.84,407.79,395.74,0.0591,8.82,82.0,58.12,-818092111,0.0087
2023-03-17,SPY,410.21,418.51,403.76,415.26,415.26,72108241,408.05,413.55,451.91,407.47,408.84,-1.369,-2.714,1.344,57.43,420.5,408.05,395.6,0.061,9.25,88.24,74.55,-745983870,0.0081
2023-03-20,SPY,415.71,421.38,415.69,417.06,417.06,43573459,408.43,413.36,451.34,408.95,409.45,-0.503,-2.271,1.769,59.16,421.48,408.43,395.38,0.0639,9.02,85.84,85.36,-702410411,0.0043
2023-03-21,SPY,418.04,429.8,416.3,425.09,425.09,69797246,408.77,413.22,450.83,411.43,410.61,0.822,-1.653,2.475,65.86,423.12,408.77,394.43,0.0702,9.34,87.9,87.32,-632613165,0.0193
2023-03-22,SPY,425.04,434.07,424.24,432.2,432.2,61766757,409.59,413.2,450.36,414.63,412.21,2.418,-0.838,3.257,70.48,426.99,409.59,392.19,0.085,9.38,95.67,89.8,-570846408,0.0167
2023-03-23,SPY,432.28,445.84,428.57,438.62,438.62,67041898,410.51,413.4,449.91,418.32,414.16,4.153,0.16,3.993,73.91,431.61,410.51,389.4,0.1028,9.94,86.86,90.14,-503804510,0.0149
2023-03-24,SPY,440.67,445.53,437.94,441.99,441.99,58902565,411.9,413.76,449.51,421.96,416.22,5.734,1.275,4.459,75.52,437.06,411.9,386.74,0.1222,9.77,92.99,91.84,-444901945,0.0077
2023-03-27,SPY,440.45,441.23,434.98,435.06,435.06,57226008,413.16,413.89,449.05,423.97,417.62,6.355,2.291,4.064,66.45,440.24,413.16,386.08,0.1311,9.58,80.39,86.75,-502127953,-0.0157
2023-03-28,SPY,435.14,438.52,433.46,437.57,437.57,67978765,414.59,414.2,448.59,426.07,419.1,6.968,3.226,3.742,67.95,443.58,414.59,385.59,0.1399,9.25,84.95,86.11,-434149188,0.0058
2023-03-29,SPY,439.53,447.11,439.02,443.89,443.89,46367627,416.4,414.58,448.2,428.81,420.93,7.874,4.156,3.718,71.42,447.86,416.4,384.94,0.1511,9.27,94.27,86.54,-387781561,0.0144
2023-03-30,SPY,444.23,449.06,442.75,447.9,447.9,58845182,418.57,415.18,447.85,431.75,422.93,8.814,5.087,3.726,73.38,452.35,418.57,384.79,0.1614,9.06,98.01,92.41,-328936379,0.009
2023-03-31,SPY,445.47,454.86,442.39,453.09,453.09,55575475,420.98,415.84,447.51,435.03,425.17,9.864,6.043,3.821,75.72,457.3,420.98,384.66,0.1725,9.31,96.93,96.4,-273360904,0.0116
2023-04-03,SPY,453.17,456.68,450.63,453.53,453.53,48850367,423.48,416.48,447.14,437.88,427.27,10.609,6.956,3.653,75.91,461.49,423.48,385.48,0.1795,9.07,94.7,96.55,-224510537,0.001
2023-04-04,SPY,456.99,458.99,449.08,450.3,450.3,70463026,425.86,417.19,446.78,439.79,428.97,10.814,7.728,3.087,71.43,464.33,425.86,387.38,0.1807,9.13,84.27,91.97,-294973563,-0.0071
2023-04-05,SPY,451.79,457.22,450.1,456.14,456.14,51786111,428.75,418.14,446.38,442.3,430.99,11.318,8.446,2.872,74.37,467.19,428.75,390.31,0.1793,8.99,94.84,91.27,-243187452,0.013
2023-04-06,SPY,456.65,461.54,455.75,456.54,456.54,44834678,431.53,419.12,446.0,444.49,432.88,11.615,9.079,2.536,74.57,469.56,431.53,393.5,0.1762,8.76,89.09,89.4,-198352774,0.0009
2023-04-07,SPY,456.25,469.57,455.55,463.31,463.31,46539616,434.79,420.18,445.61,447.39,435.13,12.256,9.715,2.541,77.64,471.97,434.79,397.61,0.171,9.14,88.25,90.73,-151813158,0.0148
2023-04-10,SPY,464.28,465.04,460.37,461.67,461.67,60104667,437.66,421.19,445.23,449.59,437.1,12.487,10.269,2.218,75.27,473.83,437.66,401.48,0.1653,8.82,82.57,86.64,-211917825,-0.0035
2023-04-11,SPY,463.8,469.67,461.34,462.03,462.03,48252595,440.58,422.14,444.82,451.5,438.94,12.555,10.726,1.829,75.44,474.66,440.58,406.49,0.1547,8.78,81.41,84.08,-163665230,0.0008
2023-04-12,SPY,462.89,466.13,461.09,461.48,461.48,39301851,443.23,423.03,444.41,453.04,440.61,12.421,11.065,1.356,74.56,475.07,443.23,411.4,0.1437,8.52,77.38,80.46,-202967081,-0.0012
2023-04-13,SPY,461.25,469.2,460.81,465.55,465.55,71225494,445.91,423.95,443.97,454.96,442.46,12.499,11.352,1.147,76.73,475.72,445.91,416.11,0.1337,8.51,88.62,82.47,-131741587,0.0088
2023-04-14,SPY,465.24,476.63,461.19,475.37,475.37,61555298,448.92,425.04,443.56,458.1,444.9,13.202,11.722,1.48,80.94,477.87,448.92,419.97,0.129,9.0,97.08,87.7,-70186289,0.0211
2023-04-17,SPY,475.12,477.78,472.1,475.89,475.89,63482141,451.86,426.26,443.19,460.84,447.19,13.643,12.106,1.537,81.14,479.17,451.86,424.55,0.1209,8.76,95.12,93.61,-6704148,0.0011
2023-04-18,SPY,474.72,481.51,474.51,479.43,479.43,59904823,454.58,427.62,442.85,463.7,449.58,14.115,12.508,1.607,82.45,481.5,454.58,427.65,0.1185,8.64,94.68,95.63,53200675,0.0074
2023-04-19,SPY,478.98,491.72,475.06,488.41,488.41,80115655,457.39,429.23,442.61,467.5,452.46,15.041,13.015,2.027,85.26,486.06,457.39,428.71,0.1254,9.21,93.29,94.37,133316330,0.0187
2023-04-20,SPY,488.05,490.69,482.29,488.81,488.81,43479542,459.9,430.78,442.36,470.78,455.15,15.627,13.537,2.09,85.37,490.3,459.9,429.5,0.1322,9.15,93.18,93.72,176795872,0.0008
2023-04-21,SPY,486.66,487.92,480.22,481.85,481.85,68969199,461.89,432.17,442.01,472.48,457.13,15.353,13.9,1.452,74.71,492.56,461.89,431.23,0.1328,9.11,76.85,87.77,107826673,-0.0142
2023-04-24,SPY,477.88,482.82,471.44,482.42,482.42,46456431,464.26,433.7,441.68,474.01,459.0,15.008,14.122,0.886,74.99,493.55,464.26,434.96,0.1262,9.28,77.65,82.56,154283104,0.0012
2023-04-25,SPY,482.61,487.09,480.43,481.42,481.42,47300394,466.45,435.11,441.33,475.15,460.66,14.488,14.195,0.293,73.47,493.94,466.45,438.97,0.1178,9.09,71.52,75.34,106982710,-0.0021
2023-04-26,SPY,480.77,482.11,470.3,472.54,472.54,55502789,467.88,436.32,440.98,474.75,461.54,13.206,13.997,-0.791,61.6,493.43,467.88,442.33,0.1092,9.28,46.97,65.38,51479921,-0.0184
2023-04-27,SPY,471.8,473.83,470.52,471.48,471.48,58573157,469.06,437.43,440.63,474.25,462.28,11.967,13.591,-1.624,60.34,492.94,469.06,445.19,0.1018,8.86,35.44,51.31,-7093236,-0.0022
2023-04-28,SPY,469.12,478.03,467.01,477.46,477.46,73550975,470.28,438.78,440.37,474.74,463.4,11.337,13.14,-1.803,64.71,493.24,470.28,447.32,0.0976,9.01,53.87,45.43,66457739,0.0127
2023-05-01,SPY,476.72,482.89,476.66,481.4,481.4,60870087,471.68,440.22,440.15,475.76,464.74,11.029,12.718,-1.689,67.26,493.77,471.68,449.58,0.0937,8.81,66.61,51.97,127327826,0.0083
2023-05-02,SPY,479.61,485.37,474.88,476.03,476.03,67805266,472.96,441.38,439.92,475.81,465.57,10.233,12.221,-1.988,60.8,492.81,472.96,453.12,0.0839,8.93,49.24,56.57,59522560,-0.0112
2023-05-03,SPY,474.66,482.85,470.6,482.04,482.04,48055341,474.26,442.7,439.73,476.76,466.79,9.972,11.771,-1.799,64.87,492.88,474.26,455.63,0.0786,9.17,68.29,61.38,107577901,0.0126
2023-05-04,SPY,483.0,497.1,482.93,497.07,497.07,88752304,476.28,444.24,439.61,479.89,469.04,10.853,11.588,-0.734,72.55,495.57,476.28,457.0,0.081,9.59,99.9,72.48,196330205,0.0312
2023-05-05,SPY,496.53,502.93,492.5,499.04,499.04,55508520,478.07,445.93,439.53,482.84,471.26,11.577,11.585,-0.008,73.37,498.78,478.07,457.36,0.0866,9.65,89.17,85.79,251838725,0.004
2023-05-08,SPY,497.14,504.65,495.84,502.87,502.87,51999751,480.13,447.79,439.51,485.92,473.6,12.318,11.732,0.586,74.94,502.07,480.13,458.19,0.0914,9.59,95.27,94.78,303838476,0.0077
2023-05-09,SPY,504.79,513.22,502.27,513.06,513.06,56857615,482.68,449.87,439.56,490.09,476.52,13.571,12.1,1.471,78.56,507.31,482.68,458.05,0.102,9.69,99.65,94.7,360696091,0.0203
2023-05-10,SPY,512.16,515.02,499.43,503.89,503.89,75774571,484.8,451.8,439.6,492.22,478.55,13.666,12.413,1.253,68.91,509.06,484.8,460.54,0.1001,10.11,76.82,90.58,284921520,-0.0179
2023-05-11,SPY,503.94,508.24,502.5,507.84,507.84,61193787,486.92,453.87,439.65,494.62,480.72,13.9,12.71,1.19,70.58,511.47,486.92,462.36,0.1008,9.8,85.04,87.17,346115307,0.0078
2023-05-12,SPY,508.55,511.13,502.31,506.27,506.27,40389041,488.46,455.89,439.69,496.41,482.61,13.8,12.928,0.872,68.99,513.79,488.46,463.13,0.1037,9.73,81.77,81.21,305726266,-0.0031
2023-05-15,SPY,506.9,507.96,502.41,507.06,507.06,36166077,490.02,457.97,439.76,498.05,484.42,13.627,13.068,0.559,69.37,515.89,490.02,464.15,0.1056,9.43,83.42,83.41,341892343,0.0016
2023-05-16,SPY,507.37,515.81,504.3,513.89,513.89,66040119,491.74,460.19,439.89,500.49,486.61,13.881,13.231,0.651,72.46,519.11,491.74,464.37,0.1113,9.58,96.07,87.09,407932462,0.0135
2023-05-17,SPY,516.5,521.42,502.46,506.54,506.54,54580383,492.65,462.35,439.96,501.42,488.08,13.336,13.252,0.084,64.87,520.71,492.65,464.59,0.1139,10.25,72.65,84.05,353352079,-0.0143
2023-05-18,SPY,508.41,510.04,504.1,504.29,504.29,67411718,493.42,464.42,440.04,501.86,489.28,12.577,13.117,-0.54,62.7,521.87,493.42,464.98,0.1153,9.94,66.29,78.34,285940361,-0.0044
2023-05-19,SPY,503.98,511.05,499.03,503.08,503.08,51878876,494.48,466.52,440.09,502.05,490.3,11.743,12.842,-1.099,61.51,522.71,494.48,466.26,0.1141,10.09,63.91,67.62,234061485,-0.0024
2023-05-22,SPY,500.02,500.83,494.74,494.85,494.85,53584265,495.11,468.33,440.09,500.94,490.64,10.299,12.333,-2.035,54.0,522.78,495.11,467.43,0.1118,9.96,47.72,59.31,180477220,-0.0164
2023-05-23,SPY,492.39,494.63,489.85,494.11,494.11,62371825,495.74,470.14,440.05,499.89,490.9,8.991,11.665,-2.674,53.37,522.7,495.74,468.78,0.1088,9.61,29.05,46.89,118105395,-0.0015
2023-05-24,SPY,490.55,494.27,483.82,489.47,489.47,37058406,496.59,471.76,440.03,498.29,490.79,7.494,10.831,-3.337,49.47,521.57,496.59,471.6,0.1006,9.67,15.03,30.6,81046989,-0.0094
2023-05-25,SPY,490.93,492.88,487.82,489.52,489.52,39915899,497.49,473.31,440.01,496.94,490.7,6.239,9.912,-3.673,49.51,519.96,497.49,475.02,0.0903,9.34,15.16,19.74,120962888,0.0001
2023-05-26,SPY,488.18,497.78,487.2,492.93,492.93,58298878,498.26,474.87,440.01,496.32,490.86,5.457,9.021,-3.564,52.47,518.91,498.26,477.61,0.0829,9.43,24.23,18.14,179261766,0.007
2023-05-29,SPY,490.99,493.73,488.77,491.18,491.18,58384384,498.75,476.35,439.96,495.53,490.89,4.643,8.146,-3.503,50.82,518.21,498.75,479.29,0.078,9.11,19.57,19.65,120877382,-0.0036
2023-05-30,SPY,494.46,496.37,485.92,488.01,488.01,48732810,499.35,477.61,439.89,494.37,490.67,3.699,7.256,-3.557,47.89,516.59,499.35,482.12,0.069,9.2,11.14,18.32,72144572,-0.0065
2023-05-31,SPY,486.9,490.77,475.8,482.28,482.28,51273098,499.36,478.61,439.83,492.51,490.05,2.461,6.297,-3.837,43.06,516.55,499.36,482.18,0.0688,9.62,14.2,14.97,20871474,-0.0117
2023-06-01,SPY,481.15,486.25,475.06,481.94,481.94,62468408,498.61,479.48,439.8,490.89,489.45,1.435,5.325,-3.89,42.78,517.39,498.61,479.82,0.0753,9.73,14.84,13.4,-41596934,-0.0007
2023-06-02,SPY,481.04,484.89,479.84,481.62,481.62,49426438,497.74,480.27,439.8,489.46,488.87,0.589,4.378,-3.788,42.51,517.92,497.74,477.55,0.0811,9.39,14.15,14.4,-91023372,-0.0007
2023-06-05,SPY,482.68,482.98,475.77,475.93,475.93,61980396,496.39,481.09,439.8,487.38,487.91,-0.534,3.395,-3.929,37.83,518.52,496.39,474.25,0.0892,9.24,1.88,10.29,-153003768,-0.0118
2023-06-06,SPY,479.1,482.81,478.55,481.09,481.09,49700605,494.79,481.96,439.84,486.41,487.41,-0.996,2.517,-3.513,43.86,516.49,494.79,473.09,0.0877,9.07,16.75,10.93,-103303163,0.0108
2023-06-07,SPY,480.88,493.06,479.68,489.29,489.29,61437836,494.06,482.86,439.96,486.85,487.55,-0.692,1.875,-2.568,51.85,515.47,494.06,472.65,0.0867,9.38,39.54,19.39,-41865327,0.017
2023-06-08,SPY,489.96,500.91,489.56,496.88,496.88,54451614,493.51,483.84,440.15,488.4,488.24,0.159,1.532,-1.373,57.84,514.02,493.51,473.0,0.0831,9.54,84.41,46.9,12586287,0.0155
2023-06-09,SPY,497.05,500.61,489.61,493.21,493.21,58019816,492.86,484.65,440.35,489.14,488.61,0.531,1.332,-0.801,54.32,512.52,492.86,473.2,0.0798,9.64,70.21,64.72,-45433529,-0.0074
2023-06-12,SPY,495.66,497.07,490.09,493.79,493.79,55743185,492.19,485.45,440.55,489.85,488.99,0.863,1.238,-0.375,54.79,510.76,492.19,473.63,0.0754,9.45,72.46,75.69,10309656,0.0012
2023-06-13,SPY,493.43,494.86,484.09,485.95,485.95,49818517,490.8,486.16,440.7,489.25,488.77,0.487,1.088,-0.6,47.68,506.62,490.8,474.97,0.0645,9.55,42.13,61.6,-39508861,-0.0159
2023-06-14,SPY,485.09,488.35,481.34,485.57,485.57,32523026,489.75,486.75,440.9,488.69,488.53,0.158,0.902,-0.744,47.36,503.96,489.75,475.54,0.058,9.37,40.66,51.75,-72031887,-0.0008
2023-06-15,SPY,486.19,487.9,483.65,483.79,483.79,65611669,488.72,487.3,441.12,487.93,488.18,-0.245,0.672,-0.917,45.81,501.47,488.72,475.98,0.0522,9.0,33.77,38.85,-137643556,-0.0037
2023-06-16,SPY,480.67,485.26,478.49,484.86,484.86,66734537,487.81,487.73,441.37,487.46,487.93,-0.472,0.444,-0.915,46.93,498.81,487.81,476.81,0.0451,8.84,37.91,37.45,-70909019,0.0022
2023-06-19,SPY,483.57,489.04,481.67,486.74,486.74,53002512,487.41,488.23,441.58,487.35,487.84,-0.494,0.256,-0.75,48.94,497.93,487.41,476.89,0.0432,8.74,45.18,38.96,-17906507,0.0039
2023-06-20,SPY,486.67,490.42,482.84,489.91,489.91,61891052,487.2,488.79,441.77,487.74,488.0,-0.253,0.154,-0.408,52.23,497.33,487.2,477.06,0.0416,8.65,57.45,46.85,43984545,0.0065
2023-06-21,SPY,488.11,493.04,485.05,492.16,492.16,60371919,487.33,489.4,441.98,488.42,488.3,0.118,0.147,-0.029,54.47,497.66,487.33,477.01,0.0424,8.61,65.19,55.94,104356464,0.0046
2023-06-22,SPY,491.73,494.4,487.07,488.11,488.11,60339294,487.26,489.85,442.16,488.37,488.29,0.084,0.134,-0.05,49.93,497.54,487.26,476.98,0.0422,8.51,49.09,57.24,44017170,-0.0082
2023-06-23,SPY,488.75,495.94,485.45,490.26,490.26,57772404,487.13,490.15,442.34,488.66,488.44,0.228,0.153,0.075,52.21,497.18,487.13,477.08,0.0413,8.66,52.5,55.59,101789574,0.0044
2023-06-26,SPY,489.08,490.96,478.4,490.68,490.68,45282379,487.1,490.45,442.49,488.97,488.6,0.372,0.197,0.175,52.66,497.12,487.1,477.09,0.0411,8.93,54.55,52.05,147071953,0.0009
2023-06-27,SPY,490.66,494.17,488.63,493.39,493.39,43269240,487.37,490.73,442.66,489.65,488.96,0.697,0.297,0.4,55.58,497.75,487.37,476.99,0.0426,8.69,66.59,57.88,190341193,0.0055
2023-06-28,SPY,491.72,506.85,490.58,502.35,502.35,72461869,488.38,491.0,442.91,491.61,489.95,1.658,0.569,1.089,63.59,500.35,488.38,476.4,0.049,9.23,84.18,68.44,262803062,0.0182
2023-06-29,SPY,500.68,501.22,493.09,493.78,493.78,48240336,488.97,491.1,443.1,491.94,490.23,1.708,0.797,0.911,53.63,500.78,488.97,477.16,0.0483,9.24,54.06,68.28,214562726,-0.0171
2023-06-30,SPY,494.12,497.9,487.85,491.52,491.52,44433449,489.46,491.3,443.31,491.88,490.33,1.548,0.947,0.601,51.35,500.82,489.46,478.1,0.0464,9.29,46.12,61.45,170129277,-0.0046
2023-07-03,SPY,487.99,503.46,485.78,495.99,495.99,52243762,490.47,491.57,443.55,492.51,490.75,1.762,1.11,0.652,55.39,500.31,490.47,480.62,0.0401,9.89,61.83,54.0,222373039,0.0091
2023-07-04,SPY,495.24,504.71,493.28,500.4,500.4,60689295,491.43,491.95,443.84,493.72,491.46,2.261,1.34,0.92,59.01,501.19,491.43,481.67,0.0397,10.0,77.33,61.76,283062334,0.0089
2023-07-05,SPY,500.08,506.93,498.03,505.73,505.73,50253928,492.25,492.61,444.18,495.57,492.52,3.051,1.682,1.369,62.93,503.77,492.25,480.74,0.0468,9.92,95.79,78.32,333316262,0.0107
2023-07-06,SPY,505.68,507.67,500.35,506.26,506.26,48417848,492.72,493.31,444.55,497.22,493.54,3.678,2.081,1.596,63.31,505.63,492.72,479.81,0.0524,9.74,95.18,89.44,381734110,0.001
2023-07-07,SPY,506.81,514.28,506.7,507.07,507.07,33710807,493.42,493.9,444.93,498.73,494.54,4.191,2.503,1.688,63.91,507.76,493.42,479.07,0.0582,9.61,79.91,90.29,415444917,0.0016
2023-07-10,SPY,506.99,512.1,504.57,509.97,509.97,54569070,494.22,494.47,445.32,500.46,495.68,4.778,2.958,1.819,66.05,510.29,494.22,478.16,0.065,9.47,87.99,87.69,470013987,0.0057
2023-07-11,SPY,509.84,511.94,499.4,505.39,505.39,64119009,495.2,495.06,445.67,501.22,496.4,4.817,3.33,1.487,59.99,511.49,495.2,478.9,0.0658,9.69,75.22,81.04,405894978,-0.009
2023-07-12,SPY,506.96,511.72,504.2,511.58,511.58,47981046,496.5,495.65,446.02,502.81,497.53,5.287,3.721,1.565,64.71,513.64,496.5,479.35,0.0691,9.53,92.47,85.23,453876024,0.0122
2023-07-13,SPY,513.41,514.93,509.92,513.38,513.38,32153640,497.98,495.98,446.36,504.44,498.7,5.738,4.125,1.613,65.96,515.58,497.98,480.37,0.0707,9.21,95.76,87.82,486029664,0.0035
2023-07-14,SPY,513.53,515.07,509.19,510.93,510.93,43956821,499.28,496.21,446.67,505.44,499.61,5.831,4.466,1.365,62.69,516.66,499.28,481.9,0.0696,8.97,85.87,91.37,442072843,-0.0048
2023-07-17,SPY,511.45,511.89,504.6,506.81,506.81,64085895,500.28,496.29,446.95,505.65,500.14,5.508,4.674,0.834,57.52,516.96,500.28,483.61,0.0667,8.85,71.8,84.47,377986948,-0.0081
2023-07-18,SPY,506.23,510.71,505.49,508.22,508.22,42307422,501.2,496.2,447.25,506.04,500.74,5.306,4.801,0.505,58.77,517.5,501.2,484.9,0.0651,8.59,76.61,78.09,420294370,0.0028
2023-07-19,SPY,508.49,514.97,507.55,511.0,511.0,41415243,502.14,496.34,447.58,506.81,501.5,5.308,4.902,0.406,61.2,518.42,502.14,485.86,0.0648,8.51,86.1,78.17,461709613,0.0055
2023-07-20,SPY,507.28,516.89,507.27,515.0,515.0,60751647,503.49,496.48,447.91,508.07,502.5,5.568,5.035,0.533,64.45,519.35,503.49,487.62,0.063,8.59,93.92,85.55,522461260,0.0078
2023-07-21,SPY,513.01,517.26,509.45,516.66,516.66,59273810,504.81,496.69,448.28,509.39,503.55,5.841,5.197,0.645,65.73,520.44,504.81,489.17,0.0619,8.53,97.5,92.51,581735070,0.0032
2023-07-24,SPY,516.76,523.35,510.3,522.29,522.29,64735004,506.39,496.99,448.69,511.37,504.94,6.438,5.445,0.993,69.72,522.37,506.39,490.4,0.0631,8.85,95.81,95.75,646470074,0.0109
2023-07-25,SPY,521.71,523.56,521.71,521.94,521.94,51008964,507.81,497.15,449.11,513.0,506.2,6.804,5.717,1.087,69.18,524.0,507.81,491.63,0.0638,8.35,93.29,95.54,595461110,-0.0007
2023-07-26,SPY,525.17,530.95,520.93,523.89,523.89,51621075,508.89,497.5,449.54,514.67,507.51,7.169,6.007,1.162,70.54,526.3,508.89,491.48,0.0684,8.47,77.62,88.91,647082185,0.0037
2023-07-27,SPY,525.78,530.14,521.41,523.23,523.23,41712414,510.36,497.88,449.97,515.99,508.67,7.32,6.27,1.05,69.42,527.39,510.36,493.34,0.0667,8.49,75.53,82.15,605369771,-0.0013
2023-07-28,SPY,521.45,528.89,519.32,528.44,528.44,47436061,512.21,498.39,450.42,517.91,510.14,7.771,6.57,1.201,73.06,528.66,512.21,495.76,0.0642,8.57,92.04,81.73,652805832,0.01
2023-07-31,SPY,527.23,536.1,524.8,530.29,530.29,67892034,513.92,499.1,450.89,519.81,511.63,8.183,6.892,1.291,74.24,530.4,513.92,497.44,0.0641,8.76,81.79,83.12,720697866,0.0035
2023-08-01,SPY,529.63,536.25,520.25,520.41,520.41,49341173,514.92,499.62,451.28,519.9,512.28,7.625,7.039,0.586,59.37,530.4,514.92,499.45,0.0601,9.28,49.95,74.59,671356693,-0.0186
2023-08-02,SPY,523.11,529.43,507.88,510.61,510.61,61526751,515.17,500.04,451.57,518.47,512.16,6.319,6.895,-0.576,48.91,530.2,515.17,500.13,0.0584,10.16,18.99,50.24,609829942,-0.0188
2023-08-03,SPY,511.81,514.07,510.41,511.06,511.06,61774208,515.41,500.48,451.86,517.33,512.07,5.259,6.568,-1.309,49.35,530.01,515.41,500.8,0.0567,9.69,20.41,29.78,671604150,0.0009
2023-08-04,SPY,510.89,517.43,505.92,514.94,514.94,53564415,515.8,500.92,452.21,516.96,512.29,4.679,6.19,-1.511,53.11,529.9,515.8,501.7,0.0547,9.82,30.72,23.37,725168565,0.0076
2023-08-07,SPY,513.54,528.68,512.49,519.87,519.87,63017225,516.3,501.49,452.59,517.41,512.85,4.564,5.865,-1.301,57.43,530.24,516.3,502.36,0.054,10.28,45.99,32.38,788185790,0.0096
2023-08-08,SPY,516.36,516.51,507.47,512.77,512.77,67650042,516.67,501.98,452.93,516.7,512.84,3.855,5.463,-1.607,50.25,529.8,516.67,503.53,0.0508,10.43,22.58,33.1,720535748,-0.0137
2023-08-09,SPY,514.46,517.4,508.61,515.33,515.33,55523845,516.85,502.65,453.31,516.49,513.03,3.461,5.062,-1.602,52.55,529.8,516.85,503.91,0.0501,10.31,31.03,33.2,776059593,0.005
2023-08-10,SPY,516.26,521.33,515.33,519.73,519.73,50340396,517.17,503.4,453.75,516.99,513.52,3.463,4.743,-1.279,56.3,530.07,517.17,504.27,0.0499,10.0,45.53,33.05,826399989,0.0085
2023-08-11,SPY,518.98,520.07,510.66,510.99,510.99,49887917,517.17,503.99,454.17,516.06,513.34,2.728,4.34,-1.611,48.16,530.07,517.17,504.28,0.0499,9.96,16.72,31.09,776512072,-0.0168
2023-08-14,SPY,510.05,520.76,506.99,519.65,519.65,52800881,517.82,504.86,454.64,516.62,513.8,2.812,4.034,-1.222,55.09,529.83,517.82,505.8,0.0464,10.23,45.27,35.84,829312953,0.0169
2023-08-15,SPY,520.27,523.27,513.36,516.69,516.69,54623586,518.24,505.58,455.13,516.63,514.02,2.61,3.749,-1.139,52.51,529.44,518.24,507.04,0.0432,10.21,35.51,32.5,774689367,-0.0057
2023-08-16,SPY,514.98,517.32,513.06,515.03,515.03,47890332,518.44,506.09,455.6,516.38,514.09,2.289,3.457,-1.168,51.06,529.25,518.44,507.63,0.0417,9.79,30.04,36.94,726799035,-0.0032
2023-08-17,SPY,513.87,518.81,511.21,517.76,517.76,50291962,518.58,506.51,456.04,516.59,514.36,2.23,3.212,-0.982,53.34,529.28,518.58,507.88,0.0413,9.63,39.04,34.86,777090997,0.0053
2023-08-18,SPY,517.47,519.88,512.15,517.81,517.81,49994696,518.64,507.0,456.51,516.78,514.62,2.161,3.002,-0.84,53.38,529.31,518.64,507.97,0.0411,9.49,39.2,36.09,827085693,0.0001
2023-08-21,SPY,518.23,523.43,512.76,522.29,522.29,45080594,518.64,507.57,457.02,517.63,515.19,2.441,2.89,-0.449,57.17,529.31,518.64,507.97,0.0411,9.58,69.63,49.29,872166287,0.0087
2023-08-22,SPY,523.21,523.65,516.31,518.69,518.69,42397955,518.47,508.22,457.51,517.79,515.45,2.345,2.781,-0.436,53.41,529.04,518.47,507.91,0.0407,9.42,56.11,54.98,829768332,-0.0069
2023-08-23,SPY,518.75,523.6,517.84,518.92,518.92,44918517,518.23,508.89,458.03,517.97,515.7,2.261,2.677,-0.416,53.62,528.5,518.23,507.95,0.0396,9.16,57.12,60.95,874686849,0.0004
2023-08-24,SPY,517.17,521.83,516.71,521.77,521.77,54409535,518.15,509.65,458.57,518.55,516.15,2.397,2.621,-0.224,56.25,528.3,518.15,508.0,0.0392,8.87,68.14,60.46,929096384,0.0055
2023-08-25,SPY,522.77,530.83,518.87,525.41,525.41,58915237,518.0,510.46,459.12,519.61,516.84,2.767,2.65,0.117,59.41,527.61,518.0,508.4,0.0371,9.09,77.27,67.51,988011621,0.007
2023-08-28,SPY,530.68,532.16,517.19,518.35,518.35,66240693,517.4,511.09,459.65,519.41,516.95,2.462,2.612,-0.151,51.62,525.19,517.4,509.62,0.0301,9.51,45.13,63.51,921770928,-0.0134
2023-08-29,SPY,516.5,522.61,506.49,510.15,510.15,67571783,516.89,511.5,460.15,517.99,516.45,1.54,2.398,-0.858,44.34,525.16,516.89,508.63,0.032,9.98,14.26,45.55,854199145,-0.0158
2023-08-30,SPY,510.69,511.15,502.33,508.48,508.48,39631673,516.78,511.83,460.67,516.52,515.86,0.668,2.052,-1.384,43.01,525.42,516.78,508.15,0.0334,9.9,20.62,26.67,814567472,-0.0033
2023-08-31,SPY,507.21,510.2,504.59,504.74,504.74,38481299,516.47,512.16,461.16,514.71,515.03,-0.322,1.577,-1.899,40.11,526.3,516.47,506.64,0.0381,9.59,8.08,14.32,776086173,-0.0074
2023-09-01,SPY,506.02,507.69,501.05,502.21,502.21,57688710,515.83,512.4,461.63,512.79,514.08,-1.295,1.003,-2.298,38.23,527.46,515.83,504.21,0.0451,9.38,3.73,10.81,718397463,-0.005
2023-09-04,SPY,503.05,504.65,493.61,498.78,498.78,47566475,514.78,512.56,462.1,510.63,512.95,-2.317,0.339,-2.656,35.79,528.4,514.78,501.15,0.0529,9.5,13.41,8.41,670830988,-0.0068
2023-09-05,SPY,498.5,500.0,495.39,496.83,496.83,37648710,513.98,512.63,462.52,508.51,511.76,-3.246,-0.378,-2.868,34.44,529.69,513.98,498.27,0.0611,9.15,8.35,8.5,633182278,-0.0039
2023-09-06,SPY,496.35,497.15,494.85,496.04,496.04,35217561,513.02,512.5,462.95,506.59,510.59,-4.001,-1.103,-2.898,33.88,530.54,513.02,495.5,0.0683,8.66,6.3,9.36,597964717,-0.0016
2023-09-07,SPY,496.92,506.4,496.62,498.0,498.0,41481342,511.93,512.59,463.42,505.27,509.66,-4.39,-1.76,-2.629,36.62,530.32,511.93,493.54,0.0719,8.78,11.39,8.68,639446059,0.004
2023-09-08,SPY,497.01,499.26,491.26,491.84,491.84,62410822,510.97,512.59,463.87,503.2,508.34,-5.136,-2.435,-2.701,32.12,531.35,510.97,490.6,0.0798,8.73,1.42,6.37,577035237,-0.0124
2023-09-11,SPY,491.38,493.67,480.98,483.1,483.1,55807558,509.14,512.33,464.25,500.11,506.47,-6.359,-3.22,-3.139,27.03,532.43,509.14,485.86,0.0915,9.01,4.14,5.65,521227679,-0.0178
2023-09-12,SPY,484.82,488.85,477.12,480.38,480.38,66519358,507.33,511.93,464.58,497.08,504.54,-7.462,-4.068,-3.394,25.67,533.46,507.33,481.19,0.103,9.2,5.92,3.83,454708321,-0.0056
2023-09-13,SPY,481.06,485.28,480.92,482.5,482.5,36978860,505.7,511.47,464.92,494.83,502.9,-8.072,-4.869,-3.203,28.69,533.7,505.7,477.7,0.1107,8.9,9.77,6.61,491687181,0.0044
2023-09-14,SPY,482.61,484.16,477.45,478.79,478.79,62364502,503.75,510.92,465.23,492.36,501.12,-8.754,-5.646,-3.108,26.65,533.49,503.75,474.01,0.1181,8.74,3.03,6.24,429322679,-0.0077
2023-09-15,SPY,474.71,485.79,471.58,483.17,483.17,56983966,502.02,510.44,465.55,490.95,499.79,-8.839,-6.285,-2.554,32.72,532.32,502.02,471.73,0.1207,9.13,22.71,11.84,486306645,0.0091
2023-09-18,SPY,482.5,486.77,477.28,484.99,484.99,62253938,500.16,509.94,465.87,490.03,498.69,-8.659,-6.76,-1.9,35.13,529.82,500.16,470.5,0.1186,9.16,33.89,19.88,548560583,0.0038
2023-09-19,SPY,484.81,497.92,484.54,496.98,496.98,71118927,499.07,509.77,466.26,491.1,498.57,-7.464,-6.9,-0.563,48.25,527.5,499.07,470.64,0.1139,9.46,65.77,40.79,619679510,0.0247
2023-09-20,SPY,498.39,504.66,490.26,490.4,490.4,73821927,497.65,509.35,466.61,490.99,497.96,-6.967,-6.914,-0.053,43.1,524.78,497.65,470.51,0.1091,9.81,52.12,50.59,545857583,-0.0132
2023-09-21,SPY,491.25,492.56,488.93,491.02,491.02,46175097,496.11,508.9,466.96,491.0,497.45,-6.449,-6.821,0.372,43.71,520.99,496.11,471.22,0.1003,9.37,55.83,57.91,592032680,0.0013
2023-09-22,SPY,493.32,498.32,492.01,495.55,495.55,43805378,494.61,508.6,467.34,491.7,497.31,-5.608,-6.578,0.97,48.08,515.56,494.61,473.67,0.0847,9.22,68.84,58.93,635838058,0.0092
2023-09-25,SPY,495.9,496.29,486.53,493.35,493.35,52808150,493.36,508.33,467.7,491.95,497.01,-5.061,-6.275,1.214,46.2,511.26,493.36,475.47,0.0725,9.26,62.52,62.4,583029908,-0.0044
2023-09-26,SPY,493.63,493.79,483.65,490.44,490.44,53570447,492.38,507.97,468.04,491.72,496.53,-4.807,-5.981,1.174,43.77,508.55,492.38,476.2,0.0657,9.32,54.16,61.84,529459461,-0.0059
2023-09-27,SPY,491.69,494.51,484.84,486.32,486.32,67455957,491.27,507.48,468.36,490.89,495.77,-4.881,-5.761,0.88,40.51,505.84,491.27,476.7,0.0593,9.35,44.56,53.75,462003504,-0.0084
2023-09-28,SPY,486.93,492.82,479.73,482.27,482.27,70449180,490.15,506.82,468.66,489.56,494.77,-5.207,-5.65,0.443,37.55,503.83,490.15,476.47,0.0558,9.62,32.32,43.68,391554324,-0.0083
2023-09-29,SPY,481.14,483.39,464.92,470.77,470.77,62901892,488.58,505.91,468.92,486.67,492.99,-6.321,-5.784,-0.536,30.7,503.52,488.58,473.64,0.0612,10.25,14.72,30.53,328652432,-0.0238
2023-10-02,SPY,471.95,472.73,461.26,461.76,461.76,64054188,486.73,504.69,469.14,482.84,490.68,-7.84,-6.196,-1.644,26.6,504.96,486.73,468.49,0.0749,10.34,1.15,16.06,264598244,-0.0191
2023-10-03,SPY,465.79,467.59,456.18,457.86,457.86,67266439,484.78,503.41,469.34,479.0,488.25,-9.252,-6.807,-2.445,25.04,506.31,484.78,463.25,0.0888,10.41,3.47,6.45,197331805,-0.0084
2023-10-04,SPY,456.34,458.62,452.75,458.37,458.37,39815520,482.89,502.1,469.56,475.82,486.03,-10.212,-7.488,-2.724,25.65,506.63,482.89,459.16,0.0983,10.09,10.83,5.15,237147325,0.0011
2023-10-05,SPY,458.97,460.57,456.26,457.62,457.62,48940292,480.87,500.79,469.77,473.02,483.93,-10.907,-8.172,-2.736,25.33,505.96,480.87,455.79,0.1043,9.67,9.38,7.89,188207033,-0.0016
2023-10-06,SPY,455.25,461.4,453.6,461.07,461.07,46163685,479.34,499.44,469.98,471.18,482.24,-11.053,-8.748,-2.305,29.78,505.3,479.34,453.37,0.1083,9.54,16.03,12.08,234370718,0.0075
2023-10-09,SPY,458.72,462.07,447.76,455.9,455.9,65439306,477.98,497.96,470.12,468.83,480.29,-11.453,-9.289,-2.164,27.16,505.79,477.98,450.16,0.1164,9.88,14.31,13.24,168931412,-0.0112
2023-10-10,SPY,455.24,462.32,453.9,461.59,461.59,65448496,477.04,496.78,470.25,467.72,478.9,-11.183,-9.668,-1.515,34.02,505.72,477.04,448.35,0.1203,9.78,27.35,19.23,234379908,0.0125
2023-10-11,SPY,463.01,464.15,447.06,450.45,450.45,70034193,475.43,495.58,470.34,465.06,476.79,-11.732,-10.081,-1.651,28.39,506.22,475.43,444.65,0.1295,10.3,6.61,16.09,164345715,-0.0241
2023-10-12,SPY,446.76,449.33,429.1,436.78,436.78,73439166,473.33,494.09,470.39,460.71,473.83,-13.119,-10.688,-2.431,23.29,508.36,473.33,438.31,0.148,11.09,11.43,15.13,90906549,-0.0303
2023-10-13,SPY,438.36,438.44,433.17,433.71,433.71,57848987,470.86,492.47,470.45,456.56,470.86,-14.301,-11.411,-2.89,22.32,509.55,470.86,432.17,0.1643,10.67,7.05,8.36,33057562,-0.007
2023-10-16,SPY,433.24,439.08,432.41,438.01,438.01,42379351,468.51,490.83,470.51,453.7,468.42,-14.721,-12.073,-2.648,26.91,509.14,468.51,427.88,0.1734,10.39,13.62,10.7,75436913,0.0099
2023-10-17,SPY,437.2,441.63,433.08,438.87,438.87,61330354,465.61,489.35,470.54,451.42,466.24,-14.814,-12.621,-2.193,27.83,505.99,465.61,425.22,0.1735,10.26,15.33,12.0,136767267,0.002
2023-10-18,SPY,437.2,446.86,435.66,444.55,444.55,60382344,463.31,487.93,470.6,450.36,464.63,-14.265,-12.95,-1.315,33.75,503.0,463.31,423.62,0.1713,10.32,28.46,19.14,197149611,0.0129
2023-10-19,SPY,445.41,448.08,441.24,441.58,441.58,66216401,460.84,486.37,470.66,449.01,462.92,-13.909,-13.142,-0.767,32.26,499.47,460.84,422.22,0.1676,10.07,28.6,24.13,130933210,-0.0067
2023-10-20,SPY,441.02,454.93,439.57,454.66,454.66,90729460,458.8,485.24,470.82,449.88,462.31,-12.428,-12.999,0.571,43.99,494.04,458.8,423.56,0.1536,10.45,66.41,41.16,221662670,0.0296
2023-10-23,SPY,453.82,458.3,452.24,457.39,457.39,62471556,457.0,484.0,470.96,451.04,461.95,-10.909,-12.581,1.672,46.09,488.47,457.0,425.53,0.1377,10.14,80.71,58.57,284134226,0.006
2023-10-24,SPY,458.29,467.2,456.7,457.93,457.93,57674356,455.37,482.82,471.14,452.1,461.65,-9.551,-11.975,2.424,46.52,482.88,455.37,427.87,0.1208,10.16,75.67,74.26,341808582,0.0012
2023-10-25,SPY,457.17,461.9,455.37,461.68,461.68,68646691,454.14,481.76,471.32,453.57,461.65,-8.079,-11.196,3.117,49.51,477.95,454.14,430.33,0.1048,9.9,85.51,80.63,410455273,0.0082
2023-10-26,SPY,461.81,465.58,460.75,461.99,461.99,59136414,453.13,480.64,471.54,454.87,461.68,-6.809,-10.318,3.51,49.76,473.54,453.13,432.71,0.0901,9.54,86.33,82.5,469591687,0.0007
2023-10-27,SPY,461.86,468.13,460.56,461.83,461.83,50951080,452.68,479.52,471.75,455.94,461.69,-5.749,-9.404,3.655,49.62,471.88,452.68,433.48,0.0848,9.4,83.86,85.23,418640607,-0.0003
2023-10-30,SPY,463.01,467.24,452.11,454.52,454.52,79463305,452.32,478.17,471.92,455.72,461.16,-5.436,-8.611,3.175,43.71,471.09,452.32,433.54,0.083,9.81,65.13,78.44,339177302,-0.0158
2023-10-31,SPY,454.97,456.18,450.59,451.89,451.89,38995097,452.02,476.83,472.1,455.13,460.47,-5.339,-7.956,2.617,41.79,470.62,452.02,433.42,0.0823,9.51,58.39,69.13,300182205,-0.0058
2023-11-01,SPY,451.64,452.42,443.79,446.99,446.99,56086220,451.45,475.39,472.29,453.88,459.47,-5.593,-7.484,1.891,38.39,469.94,451.45,432.96,0.0819,9.45,40.82,54.78,244095985,-0.0108
2023-11-02,SPY,446.78,451.57,445.28,450.4,450.4,67285124,451.09,473.97,472.51,453.34,458.8,-5.456,-7.078,1.622,41.93,469.36,451.09,432.82,0.081,9.22,50.36,49.86,311381109,0.0076
2023-11-03,SPY,453.52,457.23,442.45,444.49,444.49,59773541,450.26,472.35,472.68,451.98,457.74,-5.758,-6.814,1.056,37.87,468.15,450.26,432.38,0.0794,9.62,32.55,41.24,251607568,-0.0131
2023-11-06,SPY,442.33,447.85,440.28,445.22,445.22,64786781,449.73,470.88,472.85,450.94,456.81,-5.871,-6.626,0.755,38.66,467.54,449.73,431.91,0.0792,9.47,29.44,37.45,316394349,0.0016
2023-11-07,SPY,446.39,449.02,440.27,442.27,442.27,50847693,448.76,469.53,472.99,449.61,455.73,-6.128,-6.526,0.398,36.64,465.98,448.76,431.54,0.0768,9.42,9.45,23.82,265546656,-0.0066
2023-11-08,SPY,443.44,446.04,432.69,434.82,434.82,63915467,447.98,468.05,473.08,447.33,454.19,-6.853,-6.591,-0.262,32.07,466.21,447.98,429.74,0.0814,9.7,6.01,14.97,201631189,-0.0168
2023-11-09,SPY,435.12,435.22,429.62,432.37,432.37,64626855,447.76,466.61,473.14,445.03,452.57,-7.539,-6.781,-0.758,30.71,466.63,447.76,428.89,0.0843,9.41,7.14,7.53,137004334,-0.0056
2023-11-10,SPY,430.84,431.23,422.78,424.24,424.24,56884377,447.29,465.05,473.16,441.83,450.47,-8.639,-7.153,-1.487,26.68,467.93,447.29,426.64,0.0923,9.42,3.22,5.46,80119957,-0.0188
2023-11-13,SPY,425.08,428.49,425.07,426.18,426.18,49099739,446.69,463.59,473.22,439.42,448.67,-9.248,-7.572,-1.676,29.07,468.98,446.69,424.41,0.0998,9.05,7.5,5.95,129219696,0.0046
2023-11-14,SPY,422.63,423.14,416.32,420.68,420.68,47351132,445.78,462.07,473.26,436.54,446.6,-10.058,-8.069,-1.989,26.43,470.61,445.78,420.95,0.1114,9.11,8.42,6.38,81868564,-0.0129
2023-11-15,SPY,419.29,424.16,415.36,415.5,415.5,42776261,444.33,460.46,473.3,433.3,444.29,-10.992,-8.654,-2.338,24.21,472.46,444.33,416.2,0.1266,9.09,0.27,5.39,39092303,-0.0123
2023-11-16,SPY,415.02,416.89,411.31,414.54,414.54,60699939,442.98,458.79,473.32,430.42,442.09,-11.674,-9.258,-2.416,23.81,473.96,442.98,412.0,0.1399,8.84,5.78,4.82,-21607636,-0.0023
2023-11-17,SPY,413.87,418.57,411.54,416.82,416.82,46325309,441.09,457.29,473.34,428.32,440.22,-11.894,-9.785,-2.109,26.9,473.57,441.09,408.6,0.1473,8.71,12.0,6.01,24717673,0.0055
2023-11-20,SPY,416.15,416.47,414.03,415.4,415.4,61312771,438.99,455.94,473.38,426.34,438.38,-12.044,-10.237,-1.807,26.19,472.4,438.99,405.58,0.1522,8.28,8.91,8.89,-36595098,-0.0034
2023-11-21,SPY,417.23,424.78,408.14,422.88,422.88,67194522,437.24,454.79,473.44,425.8,437.23,-11.428,-10.475,-0.953,35.83,470.16,437.24,404.31,0.1506,8.88,30.03,16.98,30599424,0.018
2023-11-22,SPY,425.15,425.7,414.13,415.85,415.85,54570611,434.94,453.45,473.46,424.27,435.65,-11.375,-10.655,-0.72,31.64,467.12,434.94,402.77,0.1479,9.07,15.71,18.21,-23971187,-0.0166
2023-11-23,SPY,416.91,417.67,409.42,414.09,414.09,61947518,432.55,452.16,473.46,422.71,434.05,-11.345,-10.793,-0.552,30.68,463.42,432.55,401.68,0.1427,9.01,14.55,20.1,-85918705,-0.0042
2023-11-24,SPY,415.65,416.39,407.54,407.84,407.84,54551427,429.85,450.65,473.44,420.42,432.11,-11.69,-10.972,-0.718,27.47,459.42,429.85,400.28,0.1376,9.0,0.72,10.33,-140470132,-0.0151
2023-11-27,SPY,407.77,408.65,401.64,402.9,402.9,55617871,427.27,449.01,473.41,417.72,429.95,-12.222,-11.222,-1.0,25.23,456.78,427.27,397.75,0.1382,8.86,2.84,6.04,-196088003,-0.0121
2023-11-28,SPY,402.52,408.41,402.45,408.23,408.23,49361261,425.09,447.24,473.36,416.26,428.34,-12.074,-11.393,-0.681,31.71,453.43,425.09,396.74,0.1334,8.65,19.62,7.73,-146726742,0.0132
2023-11-29,SPY,408.3,413.83,404.89,412.45,412.45,67022553,423.36,445.68,473.34,415.68,427.16,-11.484,-11.411,-0.073,36.41,450.33,423.36,396.39,0.1274,8.67,36.53,19.67,-79704189,0.0103
2023-11-30,SPY,413.37,413.9,404.43,407.37,407.37,65826441,421.21,444.0,473.28,414.4,425.69,-11.296,-11.388,0.092,33.43,445.98,421.21,396.43,0.1176,8.73,21.34,25.83,-145530630,-0.0123
2023-12-01,SPY,406.04,406.52,402.72,403.44,403.44,63699836,419.15,442.16,473.23,412.71,424.05,-11.333,-11.377,0.044,31.29,442.64,419.15,395.67,0.1121,8.44,7.48,21.78,-209230466,-0.0096
2023-12-04,SPY,405.13,411.77,403.51,409.8,409.8,65864573,417.38,440.49,473.23,412.26,422.99,-10.726,-11.247,0.521,38.18,437.9,417.38,396.87,0.0983,8.43,33.92,20.91,-143365893,0.0158
2023-12-05,SPY,410.51,410.79,403.87,406.7,406.7,56351221,415.61,438.82,473.21,411.41,421.78,-10.376,-11.073,0.697,36.27,433.13,415.61,398.08,0.0843,8.32,21.03,20.81,-199717114,-0.0076
2023-12-06,SPY,407.31,409.99,397.22,400.69,400.69,50839150,413.9,437.1,473.18,409.76,420.22,-10.462,-10.95,0.488,32.84,430.21,413.9,397.59,0.0788,8.64,12.18,22.38,-250556264,-0.0148
2023-12-07,SPY,398.86,399.17,395.65,396.82,396.82,46386157,412.12,435.4,473.14,407.77,418.49,-10.719,-10.904,0.185,30.82,427.73,412.12,396.52,0.0757,8.38,3.89,12.37,-296942421,-0.0097
2023-12-08,SPY,397.13,399.06,394.26,398.06,398.06,48361743,410.81,433.94,473.11,406.28,416.97,-10.7,-10.863,0.164,32.26,426.52,410.81,395.1,0.0765,8.13,12.09,9.39,-248580678,0.0031
2023-12-11,SPY,397.43,399.8,395.48,397.46,397.46,31567404,409.38,432.65,473.08,404.92,415.53,-10.61,-10.813,0.202,31.91,424.44,409.38,394.31,0.0736,7.86,10.18,8.72,-280148082,-0.0015
2023-12-12,SPY,397.3,398.43,395.36,395.88,395.88,61875116,408.14,431.42,473.04,403.53,414.07,-10.546,-10.759,0.214,30.97,423.36,408.14,392.91,0.0746,7.51,6.92,9.73,-342023198,-0.004
2023-12-13,SPY,397.33,398.54,387.58,388.93,388.93,53109063,406.81,430.03,473.0,401.28,412.21,-10.929,-10.793,-0.136,27.18,423.77,406.81,389.85,0.0834,7.76,4.69,7.26,-395132261,-0.0176
2023-12-14,SPY,385.98,394.48,380.33,389.89,389.89,53886906,405.57,428.67,472.94,399.53,410.56,-11.028,-10.84,-0.188,28.48,423.65,405.57,387.5,0.0891,8.22,28.48,13.36,-341245355,0.0025
2023-12-15,SPY,388.08,392.88,386.75,389.34,389.34,49506816,404.2,427.24,472.9,397.96,408.99,-11.024,-10.877,-0.147,28.17,422.82,404.2,385.58,0.0921,8.07,26.84,20.0,-390752171,-0.0014
2023-12-18,SPY,386.79,391.67,380.54,391.35,391.35,69374458,403.0,425.95,472.83,396.94,407.68,-10.735,-10.849,0.114,31.13,421.68,403.0,384.32,0.0927,8.29,32.83,29.38,-321377713,0.0052
2023-12-19,SPY,392.57,398.72,392.37,396.43,396.43,59729918,401.68,424.64,472.8,396.87,406.85,-9.981,-10.675,0.694,38.08,418.15,401.68,385.2,0.082,8.22,47.96,35.88,-261647795,0.013
2023-12-20,SPY,398.19,398.4,390.71,392.21,392.21,62519904,400.49,423.48,472.72,396.15,405.76,-9.613,-10.463,0.85,34.93,416.1,400.49,384.89,0.0779,8.18,37.79,39.52,-324167699,-0.0106
2023-12-21,SPY,393.27,396.38,389.03,389.49,389.49,67333136,399.26,422.53,472.6,395.12,404.56,-9.432,-10.257,0.824,33.03,414.26,399.26,384.27,0.0751,8.12,29.13,38.29,-391500835,-0.0069
2023-12-22,SPY,387.7,389.86,386.33,386.84,386.84,47096090,398.21,421.6,472.46,393.85,403.24,-9.394,-10.084,0.69,31.25,413.59,398.21,382.84,0.0772,7.8,21.37,29.43,-438596925,-0.0068
2023-12-25,SPY,386.74,387.37,382.97,386.02,386.02,62670210,397.37,420.56,472.31,392.65,401.97,-9.323,-9.932,0.609,30.7,413.46,397.37,381.28,0.081,7.55,19.18,23.23,-501267135,-0.0021
2023-12-26,SPY,388.36,389.42,377.42,382.42,382.42,46287981,396.08,419.43,472.09,391.07,400.52,-9.448,-9.835,0.387,28.33,412.62,396.08,379.54,0.0835,7.87,22.34,20.97,-547555116,-0.0093
2023-12-27,SPY,382.08,383.2,377.76,378.98,378.98,44409119,394.41,418.11,471.83,389.21,398.93,-9.713,-9.811,0.098,26.25,410.75,394.41,378.06,0.0829,7.7,6.97,16.17,-591964235,-0.009
2023-12-28,SPY,379.81,383.28,379.31,382.84,382.84,58450307,393.18,416.94,471.55,388.23,397.73,-9.502,-9.749,0.247,32.26,409.12,393.18,377.23,0.0811,7.45,24.22,17.84,-533513928,0.0102
2023-12-29,SPY,380.56,380.94,372.29,377.69,377.69,68552285,391.89,415.4,471.23,386.61,396.25,-9.639,-9.727,0.088,28.88,408.46,391.89,375.32,0.0846,7.68,20.43,17.21,-602066213,-0.0135
2024-01-01,SPY,378.67,380.22,377.72,378.28,378.28,40274105,390.32,413.82,470.94,385.33,394.92,-9.589,-9.699,0.11,29.79,405.73,390.32,374.9,0.079,7.31,22.66,22.44,-561792108,0.0016
2024-01-02,SPY,381.6,382.04,373.48,375.56,375.56,75314247,388.76,412.17,470.63,383.83,393.48,-9.658,-9.691,0.033,28.01,403.51,388.76,374.0,0.0759,7.4,12.37,18.49,-637106355,-0.0072
2024-01-03,SPY,376.93,380.37,376.55,377.61,377.61,45217667,387.6,410.49,470.3,382.87,392.31,-9.439,-9.641,0.202,31.34,402.05,387.6,373.16,0.0746,7.21,20.13,18.39,-591888688,0.0055
2024-01-04,SPY,375.14,383.74,372.35,382.92,382.92,81450540,386.91,408.91,469.98,382.88,391.61,-8.736,-9.46,0.724,39.17,400.85,386.91,372.97,0.072,7.51,40.22,24.24,-510438148,0.0141
2024-01-05,SPY,383.19,390.15,382.84,388.5,388.5,64429989,386.43,407.44,469.65,383.74,391.38,-7.64,-9.096,1.456,46.12,399.43,386.43,373.43,0.0673,7.5,61.33,40.56,-446008159,0.0146
